# system_capacity,effluent_toc_limit,flowrate_MGD,LCOW,Total CAPEX (MGD),Total OPEX (MGD/year),SEC,Ozone_CAPEX_frac,Ozone_OPEX_frac,BAF_CAPEX_frac,BAF_OPEX_frac,UF_CAPEX_frac,UF_OPEX_frac,GAC_CAPEX_frac,GAC_OPEX_frac,UV_AOP_CAPEX_frac,UV_AOP_OPEX_frac,Cl_CAPEX_frac,Cl_OPEX_frac,Total_Opex_frac
2.190630e-01,5.000000e-01,5.000000e+00,2.535213e+00,5.331916e+01,8.910470e+00,2.263507e+00,5.888006e+00,1.715475e+00,4.782225e+00,2.279941e+00,7.147563e+00,7.204094e+00,3.935947e+00,4.736101e+01,8.828352e+00,2.811006e+00,6.854866e+00,1.191511e+00,6.256304e+01
2.190630e-01,5.750000e-01,5.000000e+00,2.421095e+00,5.331916e+01,8.269378e+00,2.263507e+00,6.165535e+00,1.796333e+00,5.007634e+00,2.387405e+00,7.484461e+00,7.543657e+00,4.121466e+00,4.487989e+01,9.244474e+00,2.943502e+00,7.177967e+00,1.247672e+00,6.079846e+01
2.190630e-01,6.500000e-01,5.000000e+00,2.332615e+00,5.331916e+01,7.772316e+00,2.263507e+00,6.399403e+00,1.864470e+00,5.197580e+00,2.477963e+00,7.768357e+00,7.829798e+00,4.277799e+00,4.278911e+01,9.595130e+00,3.055153e+00,7.450238e+00,1.294998e+00,5.931149e+01
2.190630e-01,7.250000e-01,5.000000e+00,2.261917e+00,5.331916e+01,7.375148e+00,2.263507e+00,6.599421e+00,1.922746e+00,5.360034e+00,2.555414e+00,8.011162e+00,8.074524e+00,4.411505e+00,4.100094e+01,9.895032e+00,3.150644e+00,7.683100e+00,1.335474e+00,5.803975e+01
2.190630e-01,8.000000e-01,5.000000e+00,2.203999e+00,5.331917e+01,7.049774e+00,2.263507e+00,6.772844e+00,1.973273e+00,5.500889e+00,2.622566e+00,8.221684e+00,8.286711e+00,4.527433e+00,3.945053e+01,1.015506e+01,3.233439e+00,7.885001e+00,1.370569e+00,5.693709e+01
2.190630e-01,8.750000e-01,5.000000e+00,2.155520e+00,5.331917e+01,6.777426e+00,2.263507e+00,6.925170e+00,2.017653e+00,5.624608e+00,2.681550e+00,8.406596e+00,8.473085e+00,4.629258e+00,3.808873e+01,1.038345e+01,3.306161e+00,8.062340e+00,1.401394e+00,5.596857e+01
2.190630e-01,9.500000e-01,5.000000e+00,2.114158e+00,5.331917e+01,6.545066e+00,2.263507e+00,7.060654e+00,2.057126e+00,5.734647e+00,2.734011e+00,8.571063e+00,8.638852e+00,4.719825e+00,3.687750e+01,1.058660e+01,3.370843e+00,8.220071e+00,1.428810e+00,5.510714e+01
2.190630e-01,1.025000e+00,5.000000e+00,2.078250e+00,5.331917e+01,6.343336e+00,2.263507e+00,7.182651e+00,2.092670e+00,5.833733e+00,2.781251e+00,8.719156e+00,8.788117e+00,4.801376e+00,3.578685e+01,1.076952e+01,3.429086e+00,8.362101e+00,1.453498e+00,5.433147e+01
2.190630e-01,1.100000e+00,5.000000e+00,2.046566e+00,5.331917e+01,6.165342e+00,2.263507e+00,7.293849e+00,2.125068e+00,5.924047e+00,2.824308e+00,8.854142e+00,8.924170e+00,4.875708e+00,3.479273e+01,1.093624e+01,3.482173e+00,8.491558e+00,1.476000e+00,5.362445e+01
2.190630e-01,1.175000e+00,5.000000e+00,2.018181e+00,5.331917e+01,6.005883e+00,2.263507e+00,7.396432e+00,2.154956e+00,6.007365e+00,2.864031e+00,8.978670e+00,9.049683e+00,4.944282e+00,3.387563e+01,1.109006e+01,3.531148e+00,8.610987e+00,1.496759e+00,5.297221e+01
2.190630e-01,1.250000e+00,5.000000e+00,1.992385e+00,5.331917e+01,5.860968e+00,2.263507e+00,7.492194e+00,2.182856e+00,6.085143e+00,2.901111e+00,9.094917e+00,9.166849e+00,5.008296e+00,3.301952e+01,1.123364e+01,3.576866e+00,8.722473e+00,1.516138e+00,5.236334e+01
2.190630e-01,1.325000e+00,5.000000e+00,1.968626e+00,5.331917e+01,5.727492e+00,2.263507e+00,7.582617e+00,2.209201e+00,6.158584e+00,2.936125e+00,9.204683e+00,9.277484e+00,5.068741e+00,3.221113e+01,1.136922e+01,3.620035e+00,8.827745e+00,1.534436e+00,5.178841e+01
2.190630e-01,1.400000e+00,5.000000e+00,1.946477e+00,5.331944e+01,5.603037e+00,2.263507e+00,7.668950e+00,2.234347e+00,6.228653e+00,2.969529e+00,9.309422e+00,9.383052e+00,5.126498e+00,3.143946e+01,1.149871e+01,3.661292e+00,8.928194e+00,1.551896e+00,5.123957e+01
2.190630e-01,1.475000e+00,5.000000e+00,1.925568e+00,5.331917e+01,5.485601e+00,2.263507e+00,7.752173e+00,2.258601e+00,6.296297e+00,3.001780e+00,9.410510e+00,9.484939e+00,5.182083e+00,3.069530e+01,1.162345e+01,3.700983e+00,9.025142e+00,1.568748e+00,5.071035e+01
2.190630e-01,1.550000e+00,5.000000e+00,1.905655e+00,5.331917e+01,5.373733e+00,2.263507e+00,7.833179e+00,2.282202e+00,6.362090e+00,3.033147e+00,9.508845e+00,9.584051e+00,5.236233e+00,2.997110e+01,1.174491e+01,3.739657e+00,9.119450e+00,1.585140e+00,5.019530e+01
2.190630e-01,1.625000e+00,5.000000e+00,1.886515e+00,5.331917e+01,5.266211e+00,2.263507e+00,7.912649e+00,2.305356e+00,6.426635e+00,3.063919e+00,9.605315e+00,9.681285e+00,5.289357e+00,2.926063e+01,1.186406e+01,3.777597e+00,9.211970e+00,1.601222e+00,4.969001e+01
2.190630e-01,1.700000e+00,5.000000e+00,1.900246e+00,5.355704e+01,5.319561e+00,2.262776e+00,8.034094e+00,2.316259e+00,6.262926e+00,2.964239e+00,9.535910e+00,9.611331e+00,5.374809e+00,2.957923e+01,1.181614e+01,3.770010e+00,9.145406e+00,1.589652e+00,4.983072e+01
2.190630e-01,1.775000e+00,5.000000e+00,1.849935e+00,5.331917e+01,5.060713e+00,2.263507e+00,8.069109e+00,2.350941e+00,6.553712e+00,3.124503e+00,9.795245e+00,9.872717e+00,5.393945e+00,2.786187e+01,1.209866e+01,3.852294e+00,9.394122e+00,1.632884e+00,4.869521e+01
2.190630e-01,1.850000e+00,5.000000e+00,1.832277e+00,5.331917e+01,4.961512e+00,2.263507e+00,8.146874e+00,2.373597e+00,6.616872e+00,3.154615e+00,9.889645e+00,9.967864e+00,5.445929e+00,2.716665e+01,1.221525e+01,3.889419e+00,9.484656e+00,1.648620e+00,4.820077e+01
2.190630e-01,1.925000e+00,5.000000e+00,1.814944e+00,5.331917e+01,4.864142e+00,2.263507e+00,8.224674e+00,2.396265e+00,6.680062e+00,3.184741e+00,9.984089e+00,1.006305e+01,5.497936e+00,2.647111e+01,1.233191e+01,3.926563e+00,9.575232e+00,1.664364e+00,4.770610e+01
2.190630e-01,2.000000e+00,5.000000e+00,1.797897e+00,5.331917e+01,4.768374e+00,2.263507e+00,8.302658e+00,2.418985e+00,6.743400e+00,3.214938e+00,1.007876e+01,1.015847e+01,5.550066e+00,2.577393e+01,1.244884e+01,3.963793e+00,9.666022e+00,1.680145e+00,4.721026e+01
4.271728e-01,5.000000e-01,9.750000e+00,2.389031e+00,6.960734e+01,1.921054e+01,2.263296e+00,3.802027e+00,1.395512e+00,3.735780e+00,2.026278e+00,6.526491e+00,7.461391e+00,3.183992e+00,5.944016e+01,5.908608e+00,2.480209e+00,3.439952e+00,5.995970e-01,7.340315e+01
4.271728e-01,5.750000e-01,9.750000e+00,2.056661e+00,6.994874e+01,1.553537e+01,2.263507e+00,4.388574e+00,1.617113e+00,4.722871e+00,2.607221e+00,7.581211e+00,8.667195e+00,3.679677e+00,5.262924e+01,6.678397e+00,2.736139e+00,3.995870e+00,6.964957e-01,6.895340e+01
4.271728e-01,6.500000e-01,9.750000e+00,1.968182e+00,6.994874e+01,1.456610e+01,2.263507e+00,4.585862e+00,1.689810e+00,4.935187e+00,2.724428e+00,7.922024e+00,9.056828e+00,3.845097e+00,5.049969e+01,6.978624e+00,2.859142e+00,4.175504e+00,7.278066e-01,6.755770e+01
4.271728e-01,7.250000e-01,9.750000e+00,1.897484e+00,6.994874e+01,1.379162e+01,2.263507e+00,4.756725e+00,1.752770e+00,5.119065e+00,2.825937e+00,8.217188e+00,9.394273e+00,3.988360e+00,4.865537e+01,7.238639e+00,2.965670e+00,4.331078e+00,7.549237e-01,6.634894e+01
4.271728e-01,8.000000e-01,9.750000e+00,1.839566e+00,6.994874e+01,1.315714e+01,2.263507e+00,4.906489e+00,1.807955e+00,5.280237e+00,2.914910e+00,8.475903e+00,9.690048e+00,4.113932e+00,4.703881e+01,7.466544e+00,3.059044e+00,4.467440e+00,7.786922e-01,6.528946e+01
4.271728e-01,8.750000e-01,9.750000e+00,1.791087e+00,6.994874e+01,1.262606e+01,2.263507e+00,5.039292e+00,1.856891e+00,5.423157e+00,2.993808e+00,8.705319e+00,9.952328e+00,4.225283e+00,4.560531e+01,7.668641e+00,3.141843e+00,4.588360e+00,7.997690e-01,6.434995e+01
4.271728e-01,9.500000e-01,9.750000e+00,1.749725e+00,6.994874e+01,1.217296e+01,2.263507e+00,5.158415e+00,1.900785e+00,5.551354e+00,3.064578e+00,8.911102e+00,1.018759e+01,4.325164e+00,4.431949e+01,7.849918e+00,3.216112e+00,4.696823e+00,8.186745e-01,6.350722e+01
4.271728e-01,1.025000e+00,9.750000e+00,1.713816e+00,6.994874e+01,1.177959e+01,2.263507e+00,5.266497e+00,1.940612e+00,5.667668e+00,3.128788e+00,9.097812e+00,1.040104e+01,4.415787e+00,4.315284e+01,8.014394e+00,3.283498e+00,4.795233e+00,8.358278e-01,6.274261e+01
4.271728e-01,1.100000e+00,9.750000e+00,1.682132e+00,6.994874e+01,1.143250e+01,2.263507e+00,5.365694e+00,1.977164e+00,5.774422e+00,3.187721e+00,9.269174e+00,1.059695e+01,4.498961e+00,4.208209e+01,8.165350e+00,3.345344e+00,4.885554e+00,8.515710e-01,6.204085e+01
4.271728e-01,1.175000e+00,9.750000e+00,1.653748e+00,6.994874e+01,1.112155e+01,2.263507e+00,5.457789e+00,2.011100e+00,5.873532e+00,3.242434e+00,9.428268e+00,1.077884e+01,4.576179e+00,4.108801e+01,8.305497e+00,3.402763e+00,4.969408e+00,8.661871e-01,6.138933e+01
4.271728e-01,1.250000e+00,9.750000e+00,1.627952e+00,6.994874e+01,1.083897e+01,2.263507e+00,5.544270e+00,2.042966e+00,5.966600e+00,3.293811e+00,9.577662e+00,1.094963e+01,4.648690e+00,4.015453e+01,8.437101e+00,3.456681e+00,5.048150e+00,8.799121e-01,6.077753e+01
4.271728e-01,1.325000e+00,9.750000e+00,1.604193e+00,6.994874e+01,1.057869e+01,2.263507e+00,5.626385e+00,2.073224e+00,6.054971e+00,3.342595e+00,9.719515e+00,1.111180e+01,4.717541e+00,3.926817e+01,8.562061e+00,3.507878e+00,5.122917e+00,8.929443e-01,6.019661e+01
4.271728e-01,1.400000e+00,9.750000e+00,1.582034e+00,6.994874e+01,1.033595e+01,2.263507e+00,5.705188e+00,2.102262e+00,6.139776e+00,3.389412e+00,9.855646e+00,1.126743e+01,4.783615e+00,3.841756e+01,8.681981e+00,3.557009e+00,5.194668e+00,9.054509e-01,5.963913e+01
4.271728e-01,1.475000e+00,9.750000e+00,1.561135e+00,6.994874e+01,1.010700e+01,2.263507e+00,5.781567e+00,2.130406e+00,6.221973e+00,3.434788e+00,9.987589e+00,1.141828e+01,4.847656e+00,3.759311e+01,8.798213e+00,3.604629e+00,5.264213e+00,9.175727e-01,5.909879e+01
4.271728e-01,1.550000e+00,9.750000e+00,1.541221e+00,6.994874e+01,9.888858e+00,2.263507e+00,5.856266e+00,2.157931e+00,6.302363e+00,3.479166e+00,1.011663e+01,1.156581e+01,4.910289e+00,3.678680e+01,8.911888e+00,3.651202e+00,5.332228e+00,9.294280e-01,5.857033e+01
4.271728e-01,1.625000e+00,9.750000e+00,1.522082e+00,6.994874e+01,9.679191e+00,2.263507e+00,5.929905e+00,2.185066e+00,6.381612e+00,3.522915e+00,1.024384e+01,1.171124e+01,4.972034e+00,3.599193e+01,9.023951e+00,3.697114e+00,5.399278e+00,9.411150e-01,5.804938e+01
4.271728e-01,1.700000e+00,9.750000e+00,1.503551e+00,6.994874e+01,9.476187e+00,2.263507e+00,6.002991e+00,2.211997e+00,6.460264e+00,3.566334e+00,1.037010e+01,1.185558e+01,5.033313e+00,3.520303e+01,9.135170e+00,3.742681e+00,5.465823e+00,9.527142e-01,5.753234e+01
4.271728e-01,1.775000e+00,9.750000e+00,1.485502e+00,6.994874e+01,9.278470e+00,2.263507e+00,6.075926e+00,2.238872e+00,6.538755e+00,3.609665e+00,1.049609e+01,1.199962e+01,5.094467e+00,3.441577e+01,9.246160e+00,3.788154e+00,5.532231e+00,9.642894e-01,5.701637e+01
4.271728e-01,1.850000e+00,9.750000e+00,1.467844e+00,6.994874e+01,9.085028e+00,2.263507e+00,6.149019e+00,2.265806e+00,6.617417e+00,3.653089e+00,1.062236e+01,1.214398e+01,5.155754e+00,3.362678e+01,9.357392e+00,3.833726e+00,5.598784e+00,9.758899e-01,5.649927e+01
4.271728e-01,1.925000e+00,9.750000e+00,1.450511e+00,6.994874e+01,8.895157e+00,2.263507e+00,6.222495e+00,2.292880e+00,6.696489e+00,3.696740e+00,1.074929e+01,1.228909e+01,5.217360e+00,3.283369e+01,9.469205e+00,3.879535e+00,5.665685e+00,9.875508e-01,5.597948e+01
4.271728e-01,2.000000e+00,9.750000e+00,1.433464e+00,6.994874e+01,8.708409e+00,2.263507e+00,6.296494e+00,2.320148e+00,6.776125e+00,3.740703e+00,1.087712e+01,1.243523e+01,5.279406e+00,3.203493e+01,9.581815e+00,3.925672e+00,5.733062e+00,9.992950e-01,5.545598e+01
6.352827e-01,5.000000e-01,1.450000e+01,2.111406e+00,8.623556e+01,2.577483e+01,2.263196e+00,3.341602e+00,1.412076e+00,4.093454e+00,2.396466e+00,6.800090e+00,8.341121e+00,3.216635e+00,5.972277e+01,5.131991e+00,2.623324e+00,2.485882e+00,4.345907e-01,7.493035e+01
6.352827e-01,5.750000e-01,1.450000e+01,1.924266e+00,8.564403e+01,2.278516e+01,2.263507e+00,3.632970e+00,1.545011e+00,4.615839e+00,2.711707e+00,7.461415e+00,9.152315e+00,3.500871e+00,5.617540e+01,5.380319e+00,2.619657e+00,2.727640e+00,4.768557e-01,7.268095e+01
6.352827e-01,6.500000e-01,1.450000e+01,1.835786e+00,8.564403e+01,2.134368e+01,2.263507e+00,3.808068e+00,1.619476e+00,4.838309e+00,2.842403e+00,7.821033e+00,9.593430e+00,3.669602e+00,5.406319e+01,5.639635e+00,2.745917e+00,2.859104e+00,4.998387e-01,7.136425e+01
6.352827e-01,7.250000e-01,1.450000e+01,1.765088e+00,8.564403e+01,2.019189e+01,2.263507e+00,3.960594e+00,1.684341e+00,5.032099e+00,2.956251e+00,8.134292e+00,9.977679e+00,3.816582e+00,5.222326e+01,5.865521e+00,2.855900e+00,2.973621e+00,5.198590e-01,7.021729e+01
6.352827e-01,8.000000e-01,1.450000e+01,1.724317e+00,8.630830e+01,1.946123e+01,2.262974e+00,4.118864e+00,1.732633e+00,5.124591e+00,3.008635e+00,8.326625e+00,1.021360e+01,3.970364e+00,5.073215e+01,6.138998e+00,3.057458e+00,3.043931e+00,5.321509e-01,6.927663e+01
6.352827e-01,8.750000e-01,1.450000e+01,1.658691e+00,8.564403e+01,1.845850e+01,2.263507e+00,4.214647e+00,1.792384e+00,5.354885e+00,3.145881e+00,8.656068e+00,1.061770e+01,4.061398e+00,4.915861e+01,6.241767e+00,3.039093e+00,3.164365e+00,5.532055e-01,6.830687e+01
6.352827e-01,9.500000e-01,1.450000e+01,1.617329e+00,8.564403e+01,1.778465e+01,2.263507e+00,4.322432e+00,1.838222e+00,5.491830e+00,3.226333e+00,8.877437e+00,1.088924e+01,4.165263e+00,4.785840e+01,6.401393e+00,3.116815e+00,3.245290e+00,5.673531e-01,6.749635e+01
6.352827e-01,1.025000e+00,1.450000e+01,1.581420e+00,8.564403e+01,1.719964e+01,2.263507e+00,4.420580e+00,1.879962e+00,5.616531e+00,3.299592e+00,9.079014e+00,1.113649e+01,4.259842e+00,4.667443e+01,6.546748e+00,3.187587e+00,3.318979e+00,5.802357e-01,6.675831e+01
6.352827e-01,1.100000e+00,1.450000e+01,1.549736e+00,8.564403e+01,1.668345e+01,2.263507e+00,4.510957e+00,1.918397e+00,5.731359e+00,3.367051e+00,9.264632e+00,1.136418e+01,4.346934e+00,4.558421e+01,6.680594e+00,3.252757e+00,3.386835e+00,5.920985e-01,6.607869e+01
6.352827e-01,1.175000e+00,1.450000e+01,1.521352e+00,8.564403e+01,1.622102e+01,2.263507e+00,4.595120e+00,1.954190e+00,5.838291e+00,3.429872e+00,9.437485e+00,1.157620e+01,4.428036e+00,4.456895e+01,6.805236e+00,3.313445e+00,3.450024e+00,6.031455e-01,6.544581e+01
6.352827e-01,1.250000e+00,1.450000e+01,1.495556e+00,8.564403e+01,1.580077e+01,2.263507e+00,4.674377e+00,1.987895e+00,5.938990e+00,3.489030e+00,9.600263e+00,1.177587e+01,4.504411e+00,4.361288e+01,6.922613e+00,3.370596e+00,3.509530e+00,6.135485e-01,6.484982e+01
6.352827e-01,1.325000e+00,1.450000e+01,1.471797e+00,8.564403e+01,1.541369e+01,2.263507e+00,4.749836e+00,2.019986e+00,6.034864e+00,3.545354e+00,9.755241e+00,1.196597e+01,4.577126e+00,4.270261e+01,7.034366e+00,3.425008e+00,3.566185e+00,6.234531e-01,6.428238e+01
6.352827e-01,1.400000e+00,1.450000e+01,1.449639e+00,8.564403e+01,1.505270e+01,2.263507e+00,4.822438e+00,2.050862e+00,6.127108e+00,3.599545e+00,9.904352e+00,1.214887e+01,4.647088e+00,4.182681e+01,7.141888e+00,3.477360e+00,3.620695e+00,6.329827e-01,6.373643e+01
6.352827e-01,1.475000e+00,1.450000e+01,1.428739e+00,8.564403e+01,1.471220e+01,2.263507e+00,4.892981e+00,2.080862e+00,6.216736e+00,3.652200e+00,1.004923e+01,1.232658e+01,4.715067e+00,4.097585e+01,7.246361e+00,3.528227e+00,3.673659e+00,6.422421e-01,6.320596e+01
6.352827e-01,1.550000e+00,1.450000e+01,1.408826e+00,8.564403e+01,1.438779e+01,2.263507e+00,4.962141e+00,2.110274e+00,6.304607e+00,3.703822e+00,1.019128e+01,1.250081e+01,4.781712e+00,4.014157e+01,7.348784e+00,3.578097e+00,3.725584e+00,6.513198e-01,6.268590e+01
6.352827e-01,1.625000e+00,1.450000e+01,1.389686e+00,8.564403e+01,1.407597e+01,2.263507e+00,5.030482e+00,2.139338e+00,6.391436e+00,3.754833e+00,1.033163e+01,1.267298e+01,4.847567e+00,3.931717e+01,7.449995e+00,3.627376e+00,3.776894e+00,6.602901e-01,6.217199e+01
6.352827e-01,1.700000e+00,1.450000e+01,1.371155e+00,8.564403e+01,1.377407e+01,2.263507e+00,5.098469e+00,2.168251e+00,6.477816e+00,3.805579e+00,1.047127e+01,1.284426e+01,4.913082e+00,3.849705e+01,7.550682e+00,3.676400e+00,3.827939e+00,6.692138e-01,6.166075e+01
6.352827e-01,1.775000e+00,1.450000e+01,1.353106e+00,8.564403e+01,1.348003e+01,2.263507e+00,5.166475e+00,2.197172e+00,6.564221e+00,3.856340e+00,1.061094e+01,1.301558e+01,4.978615e+00,3.767669e+01,7.651397e+00,3.725438e+00,3.878998e+00,6.781402e-01,6.114936e+01
6.352827e-01,1.850000e+00,1.450000e+01,1.335448e+00,8.564403e+01,1.319234e+01,2.263507e+00,5.234790e+00,2.226225e+00,6.651018e+00,3.907331e+00,1.075124e+01,1.318768e+01,5.044446e+00,3.685260e+01,7.752569e+00,3.774699e+00,3.930289e+00,6.871070e-01,6.063565e+01
6.352827e-01,1.925000e+00,1.450000e+01,1.318116e+00,8.564404e+01,1.290997e+01,2.263507e+00,5.303623e+00,2.255498e+00,6.738474e+00,3.958710e+00,1.089261e+01,1.336109e+01,5.110777e+00,3.602226e+01,7.854510e+00,3.824334e+00,3.981969e+00,6.961420e-01,6.011803e+01
6.352827e-01,2.000000e+00,1.450000e+01,1.301069e+00,8.564404e+01,1.263225e+01,2.263507e+00,5.373113e+00,2.285051e+00,6.826764e+00,4.010578e+00,1.103533e+01,1.353615e+01,5.177740e+00,3.518400e+01,7.957423e+00,3.874442e+00,4.034143e+00,7.052631e-01,5.959548e+01
8.433925e-01,5.000000e-01,1.925000e+01,1.967178e+00,1.005748e+02,3.248990e+01,2.263507e+00,3.029761e+00,1.420461e+00,4.301127e+00,2.615446e+00,6.842140e+00,8.873514e+00,3.210480e+00,6.071396e+01,4.320835e+00,2.399162e+00,1.933959e+00,3.391575e-01,7.636170e+01
8.433925e-01,5.750000e-01,1.925000e+01,1.853060e+00,1.005748e+02,3.002169e+01,2.263507e+00,3.216344e+00,1.507938e+00,4.566004e+00,2.776513e+00,7.263501e+00,9.419974e+00,3.408192e+00,5.829459e+01,4.586926e+00,2.546911e+00,2.053059e+00,3.600439e-01,7.490597e+01
8.433925e-01,6.500000e-01,1.925000e+01,1.764581e+00,1.005748e+02,2.810800e+01,2.263507e+00,3.377617e+00,1.583549e+00,4.794952e+00,2.915733e+00,7.627706e+00,9.892309e+00,3.579085e+00,5.620341e+01,4.816923e+00,2.674618e+00,2.156003e+00,3.780972e-01,7.364771e+01
8.433925e-01,7.250000e-01,1.925000e+01,1.693883e+00,1.005748e+02,2.657890e+01,2.263507e+00,3.518589e+00,1.649642e+00,4.995080e+00,3.037427e+00,7.946065e+00,1.030519e+01,3.728466e+00,5.437546e+01,5.017968e+00,2.786249e+00,2.245988e+00,3.938779e-01,7.254784e+01
8.433925e-01,8.000000e-01,1.925000e+01,1.635965e+00,1.005748e+02,2.532622e+01,2.263507e+00,3.643158e+00,1.708044e+00,5.171920e+00,3.144961e+00,8.227379e+00,1.067002e+01,3.860464e+00,5.276022e+01,5.195619e+00,2.884890e+00,2.325503e+00,4.078223e-01,7.157596e+01
8.433925e-01,8.750000e-01,1.925000e+01,1.587485e+00,1.005748e+02,2.427768e+01,2.263507e+00,3.754414e+00,1.760205e+00,5.329862e+00,3.241003e+00,8.478630e+00,1.099586e+01,3.978357e+00,5.131759e+01,5.354285e+00,2.972990e+00,2.396520e+00,4.202765e-01,7.070793e+01
8.433925e-01,9.500000e-01,1.925000e+01,1.546124e+00,1.005748e+02,2.338309e+01,2.263507e+00,3.854850e+00,1.807293e+00,5.472445e+00,3.327705e+00,8.705447e+00,1.129002e+01,4.084784e+00,5.001526e+01,5.497521e+00,3.052523e+00,2.460631e+00,4.315196e-01,6.992432e+01
8.433925e-01,1.025000e+00,1.925000e+01,1.510215e+00,1.005748e+02,2.260643e+01,2.263507e+00,3.946508e+00,1.850265e+00,5.602564e+00,3.406829e+00,8.912438e+00,1.155847e+01,4.181909e+00,4.882676e+01,5.628237e+00,3.125104e+00,2.519138e+00,4.417800e-01,6.920921e+01
8.433925e-01,1.100000e+00,1.925000e+01,1.478531e+00,1.005748e+02,2.192115e+01,2.263507e+00,4.031079e+00,1.889915e+00,5.722623e+00,3.479835e+00,9.103426e+00,1.180616e+01,4.271524e+00,4.773015e+01,5.748846e+00,3.192073e+00,2.573121e+00,4.512470e-01,6.854938e+01
8.433925e-01,1.175000e+00,1.925000e+01,1.450156e+00,1.005756e+02,2.130735e+01,2.263507e+00,4.109995e+00,1.926900e+00,5.834587e+00,3.547918e+00,9.281552e+00,1.203717e+01,4.355213e+00,4.670700e+01,5.861452e+00,3.254668e+00,2.623469e+00,4.600765e-01,6.793373e+01
8.433925e-01,1.250000e+00,1.925000e+01,1.424351e+00,1.005748e+02,2.074931e+01,2.263507e+00,4.184414e+00,1.961804e+00,5.940302e+00,3.612201e+00,9.449704e+00,1.225524e+01,4.434006e+00,4.574190e+01,5.967522e+00,3.313494e+00,2.670998e+00,4.684116e-01,6.735305e+01
8.433925e-01,1.325000e+00,1.925000e+01,1.400591e+00,1.005748e+02,2.023543e+01,2.263507e+00,4.255398e+00,1.995084e+00,6.041072e+00,3.673478e+00,9.610007e+00,1.246314e+01,4.509223e+00,4.482147e+01,6.068755e+00,3.369704e+00,2.716308e+00,4.763577e-01,6.679924e+01
8.433925e-01,1.400000e+00,1.925000e+01,1.378433e+00,1.005748e+02,1.975618e+01,2.263507e+00,4.323802e+00,2.027155e+00,6.138181e+00,3.732528e+00,9.764486e+00,1.266348e+01,4.581708e+00,4.393449e+01,6.166308e+00,3.423871e+00,2.759972e+00,4.840150e-01,6.626554e+01
8.433925e-01,1.475000e+00,1.925000e+01,1.357533e+00,1.005748e+02,1.930415e+01,2.263507e+00,4.390369e+00,2.058364e+00,6.232681e+00,3.789992e+00,9.914814e+00,1.285844e+01,4.652245e+00,4.307134e+01,6.261242e+00,3.476583e+00,2.802463e+00,4.914666e-01,6.574619e+01
8.433925e-01,1.550000e+00,1.925000e+01,1.337620e+00,1.005748e+02,1.887346e+01,2.263507e+00,4.455728e+00,2.089006e+00,6.325466e+00,3.846414e+00,1.006242e+01,1.304986e+01,4.721503e+00,4.222385e+01,6.354452e+00,3.528339e+00,2.844183e+00,4.987830e-01,6.523625e+01
8.433925e-01,1.625000e+00,1.925000e+01,1.318481e+00,1.005748e+02,1.845950e+01,2.263507e+00,4.520408e+00,2.119331e+00,6.417288e+00,3.902249e+00,1.020848e+01,1.323930e+01,4.790041e+00,4.138516e+01,6.446695e+00,3.579557e+00,2.885470e+00,5.060235e-01,6.473161e+01
8.433925e-01,1.700000e+00,1.925000e+01,1.299950e+00,1.005748e+02,1.805869e+01,2.263507e+00,4.584848e+00,2.149542e+00,6.508768e+00,3.957876e+00,1.035401e+01,1.342803e+01,4.858325e+00,4.054959e+01,6.538594e+00,3.630585e+00,2.926603e+00,5.132369e-01,6.422885e+01
8.433925e-01,1.775000e+00,1.925000e+01,1.281901e+00,1.005748e+02,1.766833e+01,2.263507e+00,4.649400e+00,2.179807e+00,6.600408e+00,4.013601e+00,1.049979e+01,1.361709e+01,4.926727e+00,3.971256e+01,6.630654e+00,3.681702e+00,2.967808e+00,5.204630e-01,6.372522e+01
8.433925e-01,1.850000e+00,1.925000e+01,1.264243e+00,1.005748e+02,1.728641e+01,2.263507e+00,4.714340e+00,2.210253e+00,6.692599e+00,4.069661e+00,1.064644e+01,1.380728e+01,4.995541e+00,3.887049e+01,6.723268e+00,3.733126e+00,3.009261e+00,5.277326e-01,6.321855e+01
8.433925e-01,1.925000e+00,1.925000e+01,1.246910e+00,1.005748e+02,1.691153e+01,2.263507e+00,4.779871e+00,2.240976e+00,6.785627e+00,4.126230e+00,1.079443e+01,1.399921e+01,5.064980e+00,3.802078e+01,6.816723e+00,3.785018e+00,3.051090e+00,5.350682e-01,6.270728e+01
8.433925e-01,2.000000e+00,1.925000e+01,1.229863e+00,1.005748e+02,1.654283e+01,2.263507e+00,4.846124e+00,2.272038e+00,6.879683e+00,4.183424e+00,1.094405e+01,1.419325e+01,5.135185e+00,3.716169e+01,6.911209e+00,3.837482e+00,3.093381e+00,5.424847e-01,6.219037e+01
1.051502e+00,5.000000e-01,2.400000e+01,1.921117e+00,1.148067e+02,4.032335e+01,2.263507e+00,2.778254e+00,1.398316e+00,4.271844e+00,2.655196e+00,6.609823e+00,9.017541e+00,3.155049e+00,6.214667e+01,3.806844e+00,2.349604e+00,1.539929e+00,2.709304e-01,7.783826e+01
1.051502e+00,5.750000e-01,2.400000e+01,1.807000e+00,1.148067e+02,3.724611e+01,2.263507e+00,2.953709e+00,1.486623e+00,4.541624e+00,2.822880e+00,7.027253e+00,9.587026e+00,3.354299e+00,5.975612e+01,4.047258e+00,2.497989e+00,1.637180e+00,2.880404e-01,7.643868e+01
1.051502e+00,6.500000e-01,2.400000e+01,1.718520e+00,1.148068e+02,3.486021e+01,2.263507e+00,3.105783e+00,1.563163e+00,4.775453e+00,2.968218e+00,7.389057e+00,1.008062e+01,3.526998e+00,5.768413e+01,4.255634e+00,2.626600e+00,1.721471e+00,3.028704e-01,7.522560e+01
1.051502e+00,7.250000e-01,2.400000e+01,1.647822e+00,1.148068e+02,3.295380e+01,2.263507e+00,3.239033e+00,1.630229e+00,4.980338e+00,3.095565e+00,7.706075e+00,1.051312e+01,3.678320e+00,5.586862e+01,4.438217e+00,2.739291e+00,1.795329e+00,3.158647e-01,7.416269e+01
1.051502e+00,8.000000e-01,2.400000e+01,1.589904e+00,1.148068e+02,3.139201e+01,2.263507e+00,3.357026e+00,1.689616e+00,5.161765e+00,3.208333e+00,7.986797e+00,1.089610e+01,3.812316e+00,5.426097e+01,4.599895e+00,2.839080e+00,1.860730e+00,3.273712e-01,7.322147e+01
1.051502e+00,8.750000e-01,2.400000e+01,1.541425e+00,1.148068e+02,3.008474e+01,2.263507e+00,3.462608e+00,1.742756e+00,5.324107e+00,3.309238e+00,8.237989e+00,1.123879e+01,3.932216e+00,5.282244e+01,4.744566e+00,2.928371e+00,1.919252e+00,3.376673e-01,7.237926e+01
1.051502e+00,9.500000e-01,2.400000e+01,1.500063e+00,1.148068e+02,2.896941e+01,2.263507e+00,3.558082e+00,1.790809e+00,5.470909e+00,3.400483e+00,8.465135e+00,1.154868e+01,4.040640e+00,5.152161e+01,4.875389e+00,3.009116e+00,1.972171e+00,3.469778e-01,7.161767e+01
1.051502e+00,1.025000e+00,2.400000e+01,1.464155e+00,1.148068e+02,2.800111e+01,2.263507e+00,3.645345e+00,1.834729e+00,5.605085e+00,3.483881e+00,8.672745e+00,1.183191e+01,4.139737e+00,5.033267e+01,4.994959e+00,3.082915e+00,2.020539e+00,3.554875e-01,7.092159e+01
1.051502e+00,1.100000e+00,2.400000e+01,1.432471e+00,1.148068e+02,2.714673e+01,2.263507e+00,3.725974e+00,1.875310e+00,5.729060e+00,3.560939e+00,8.864572e+00,1.209361e+01,4.231301e+00,4.923411e+01,5.105439e+00,3.151104e+00,2.065230e+00,3.633503e-01,7.027842e+01
1.051502e+00,1.175000e+00,2.400000e+01,1.404086e+00,1.148068e+02,2.638133e+01,2.263507e+00,3.801297e+00,1.913221e+00,5.844876e+00,3.632925e+00,9.043774e+00,1.233809e+01,4.316840e+00,4.820784e+01,5.208649e+00,3.214806e+00,2.106980e+00,3.706957e-01,6.967758e+01
1.051502e+00,1.250000e+00,2.400000e+01,1.378291e+00,1.148068e+02,2.568574e+01,2.263507e+00,3.872440e+00,1.949028e+00,5.954266e+00,3.700917e+00,9.213033e+00,1.256901e+01,4.397632e+00,4.723853e+01,5.306131e+00,3.274973e+00,2.146413e+00,3.776334e-01,6.911008e+01
1.051502e+00,1.325000e+00,2.400000e+01,1.354531e+00,1.148068e+02,2.504506e+01,2.263507e+00,3.940365e+00,1.983215e+00,6.058708e+00,3.765834e+00,9.374636e+00,1.278947e+01,4.474769e+00,4.631306e+01,5.399205e+00,3.332418e+00,2.184063e+00,3.842574e-01,6.856825e+01
1.051502e+00,1.400000e+00,2.400000e+01,1.332373e+00,1.148068e+02,2.444756e+01,2.263507e+00,4.005895e+00,2.016197e+00,6.159467e+00,3.828461e+00,9.530540e+00,1.300217e+01,4.549186e+00,4.542022e+01,5.488996e+00,3.387838e+00,2.220385e+00,3.906477e-01,6.804553e+01
1.051502e+00,1.475000e+00,2.400000e+01,1.311473e+00,1.148068e+02,2.388398e+01,2.263507e+00,4.069734e+00,2.048327e+00,6.257625e+00,3.889472e+00,9.682420e+00,1.320937e+01,4.621683e+00,4.455042e+01,5.576470e+00,3.441828e+00,2.255769e+00,3.968732e-01,6.753630e+01
1.051502e+00,1.550000e+00,2.400000e+01,1.291560e+00,1.148068e+02,2.334701e+01,2.263507e+00,4.132480e+00,2.079908e+00,6.354104e+00,3.949439e+00,9.831702e+00,1.341303e+01,4.692939e+00,4.369551e+01,5.662447e+00,3.494893e+00,2.290548e+00,4.029921e-01,6.703578e+01
1.051502e+00,1.625000e+00,2.400000e+01,1.272420e+00,1.148068e+02,2.283091e+01,2.263507e+00,4.194640e+00,2.111193e+00,6.449680e+00,4.008846e+00,9.979588e+00,1.361479e+01,4.763529e+00,4.284860e+01,5.747620e+00,3.547463e+00,2.325002e+00,4.090537e-01,6.653994e+01
1.051502e+00,1.700000e+00,2.400000e+01,1.253889e+00,1.148068e+02,2.233120e+01,2.263507e+00,4.256632e+00,2.142394e+00,6.545000e+00,4.068092e+00,1.012707e+01,1.381600e+01,4.833929e+00,4.200396e+01,5.832563e+00,3.599890e+00,2.359363e+00,4.150991e-01,6.604544e+01
1.051502e+00,1.775000e+00,2.400000e+01,1.235841e+00,1.148068e+02,2.184452e+01,2.263507e+00,4.318797e+00,2.173682e+00,6.640584e+00,4.127503e+00,1.027497e+01,1.401777e+01,4.904524e+00,4.115698e+01,5.917744e+00,3.652464e+00,2.393819e+00,4.211613e-01,6.554956e+01
1.051502e+00,1.850000e+00,2.400000e+01,1.218182e+00,1.148068e+02,2.136835e+01,2.263507e+00,4.381400e+00,2.205191e+00,6.736843e+00,4.187334e+00,1.042391e+01,1.422097e+01,4.975618e+00,4.030401e+01,6.003525e+00,3.705409e+00,2.428519e+00,4.272663e-01,6.505018e+01
1.051502e+00,1.925000e+00,2.400000e+01,1.200850e+00,1.148068e+02,2.090098e+01,2.263507e+00,4.444639e+00,2.237019e+00,6.834078e+00,4.247771e+00,1.057437e+01,1.442622e+01,5.047433e+00,3.944240e+01,6.090176e+00,3.758891e+00,2.463571e+00,4.334331e-01,6.454574e+01
1.051502e+00,2.000000e+00,2.400000e+01,1.183803e+00,1.148068e+02,2.044129e+01,2.263507e+00,4.508643e+00,2.269233e+00,6.932491e+00,4.308940e+00,1.072664e+01,1.463397e+01,5.120118e+00,3.857035e+01,6.177876e+00,3.813020e+00,2.499047e+00,4.396747e-01,6.403519e+01
1.259612e+00,5.000000e-01,2.875000e+01,1.887860e+00,1.283733e+02,4.814527e+01,2.263507e+00,2.606335e+00,1.384655e+00,4.256884e+00,2.686329e+00,6.359408e+00,9.112791e+00,3.120414e+00,6.322584e+01,3.433327e+00,2.314606e+00,1.274445e+00,2.249686e-01,7.894919e+01
1.259612e+00,5.750000e-01,2.875000e+01,1.773742e+00,1.283733e+02,4.445899e+01,2.263507e+00,2.774019e+00,1.473740e+00,4.530759e+00,2.859160e+00,6.768554e+00,9.699082e+00,3.321172e+00,6.085989e+01,3.654218e+00,2.463521e+00,1.356439e+00,2.394424e-01,7.759484e+01
1.259612e+00,6.500000e-01,2.875000e+01,1.685263e+00,1.283733e+02,4.160088e+01,2.263507e+00,2.919660e+00,1.551114e+00,4.768633e+00,3.009271e+00,7.123915e+00,1.020830e+01,3.495540e+00,5.880497e+01,3.846071e+00,2.592860e+00,1.427654e+00,2.520136e-01,7.641853e+01
1.259612e+00,7.250000e-01,2.875000e+01,1.614565e+00,1.283733e+02,3.931717e+01,2.263507e+00,3.047505e+00,1.619033e+00,4.977439e+00,3.141040e+00,7.435854e+00,1.065530e+01,3.648601e+00,5.700114e+01,4.014481e+00,2.706396e+00,1.490168e+00,2.630486e-01,7.538595e+01
1.259612e+00,8.000000e-01,2.875000e+01,1.556647e+00,1.283733e+02,3.744627e+01,2.263507e+00,3.160893e+00,1.679272e+00,5.162634e+00,3.257908e+00,7.712519e+00,1.105175e+01,3.784354e+00,5.540128e+01,4.163847e+00,2.807092e+00,1.545612e+00,2.728358e-01,7.447014e+01
1.259612e+00,8.750000e-01,2.875000e+01,1.508167e+00,1.283733e+02,3.588027e+01,2.263507e+00,3.262498e+00,1.733252e+00,5.328584e+00,3.362632e+00,7.960434e+00,1.140700e+01,3.906000e+00,5.396768e+01,4.297692e+00,2.897325e+00,1.595295e+00,2.816060e-01,7.364950e+01
1.259612e+00,9.500000e-01,2.875000e+01,1.466806e+00,1.283733e+02,3.454419e+01,2.263507e+00,3.354495e+00,1.782126e+00,5.478841e+00,3.457452e+00,8.184904e+00,1.172866e+01,4.016142e+00,5.266965e+01,4.418880e+00,2.979025e+00,1.640280e+00,2.895468e-01,7.290646e+01
1.259612e+00,1.025000e+00,2.875000e+01,1.430897e+00,1.283733e+02,3.338425e+01,2.263507e+00,3.438677e+00,1.826849e+00,5.616334e+00,3.544218e+00,8.390306e+00,1.202299e+01,4.116928e+00,5.148188e+01,4.529773e+00,3.053784e+00,1.681443e+00,2.968130e-01,7.222654e+01
1.259612e+00,1.100000e+00,2.875000e+01,1.399213e+00,1.283733e+02,3.236078e+01,2.263507e+00,3.516543e+00,1.868216e+00,5.743510e+00,3.624473e+00,8.580297e+00,1.229524e+01,4.210152e+00,5.038324e+01,4.632345e+00,3.122934e+00,1.719518e+00,3.035341e-01,7.159763e+01
1.259612e+00,1.175000e+00,2.875000e+01,1.370829e+00,1.283733e+02,3.144389e+01,2.263507e+00,3.589356e+00,1.906900e+00,5.862436e+00,3.699521e+00,8.757961e+00,1.254983e+01,4.297328e+00,4.935587e+01,4.728263e+00,3.187598e+00,1.755122e+00,3.098191e-01,7.100953e+01
1.259612e+00,1.250000e+00,2.875000e+01,1.345033e+00,1.283733e+02,3.061064e+01,2.263507e+00,3.658194e+00,1.943471e+00,5.974867e+00,3.770472e+00,8.925923e+00,1.279051e+01,4.379743e+00,4.838460e+01,4.818943e+00,3.248731e+00,1.788782e+00,3.157609e-01,7.045355e+01
1.259612e+00,1.325000e+00,2.875000e+01,1.321274e+00,1.283733e+02,2.984315e+01,2.263507e+00,3.723976e+00,1.978419e+00,6.082308e+00,3.838273e+00,9.086431e+00,1.302051e+01,4.458501e+00,4.745644e+01,4.905598e+00,3.307151e+00,1.820948e+00,3.214389e-01,6.992224e+01
1.259612e+00,1.400000e+00,2.875000e+01,1.299115e+00,1.283733e+02,2.912739e+01,2.263507e+00,3.787493e+00,2.012163e+00,6.186049e+00,3.903739e+00,9.241411e+00,1.324259e+01,4.534546e+00,4.656025e+01,4.989269e+00,3.363558e+00,1.852007e+00,3.269214e-01,6.940923e+01
1.259612e+00,1.475000e+00,2.875000e+01,1.278216e+00,1.283733e+02,2.845227e+01,2.263507e+00,3.849422e+00,2.045063e+00,6.287196e+00,3.967569e+00,9.392515e+00,1.345912e+01,4.608689e+00,4.568647e+01,5.070848e+00,3.418555e+00,1.882289e+00,3.322669e-01,6.890904e+01
1.259612e+00,1.550000e+00,2.875000e+01,1.258302e+00,1.283733e+02,2.780903e+01,2.263507e+00,3.910340e+00,2.077427e+00,6.386693e+00,4.030357e+00,9.541155e+00,1.367211e+01,4.681623e+00,4.482694e+01,5.151096e+00,3.472655e+00,1.912076e+00,3.375251e-01,6.841702e+01
1.259612e+00,1.625000e+00,2.875000e+01,1.239163e+00,1.283733e+02,2.719078e+01,2.263507e+00,3.970737e+00,2.109514e+00,6.485338e+00,4.092607e+00,9.688522e+00,1.388329e+01,4.753933e+00,4.397477e+01,5.230656e+00,3.526292e+00,1.941609e+00,3.427383e-01,6.792921e+01
1.259612e+00,1.700000e+00,2.875000e+01,1.220632e+00,1.283733e+02,2.659218e+01,2.263507e+00,4.031019e+00,2.141540e+00,6.583796e+00,4.154739e+00,9.835608e+00,1.409406e+01,4.826105e+00,4.312422e+01,5.310066e+00,3.579827e+00,1.971086e+00,3.479416e-01,6.744232e+01
1.259612e+00,1.775000e+00,2.875000e+01,1.202583e+00,1.283733e+02,2.600917e+01,2.263507e+00,4.091517e+00,2.173680e+00,6.682606e+00,4.217094e+00,9.983222e+00,1.430558e+01,4.898535e+00,4.227062e+01,5.389760e+00,3.633553e+00,2.000668e+00,3.531635e-01,6.695369e+01
1.259612e+00,1.850000e+00,2.875000e+01,1.184925e+00,1.283733e+02,2.543876e+01,2.263507e+00,4.152490e+00,2.206073e+00,6.782193e+00,4.279939e+00,1.013200e+01,1.451877e+01,4.971535e+00,4.141031e+01,5.470081e+00,3.687702e+00,2.030483e+00,3.584265e-01,6.646122e+01
1.259612e+00,1.925000e+00,2.875000e+01,1.167592e+00,1.283733e+02,2.487888e+01,2.263507e+00,4.214132e+00,2.238821e+00,6.882871e+00,4.343472e+00,1.028240e+01,1.473429e+01,5.045335e+00,4.054058e+01,5.551281e+00,3.742444e+00,2.060624e+00,3.637472e-01,6.596336e+01
1.259612e+00,2.000000e+00,2.875000e+01,1.150545e+00,1.283733e+02,2.432822e+01,2.263507e+00,4.276571e+00,2.271993e+00,6.984851e+00,4.407828e+00,1.043475e+01,1.495260e+01,5.120090e+00,3.965960e+01,5.633532e+00,3.797895e+00,2.091155e+00,3.691366e-01,6.545905e+01
1.467722e+00,5.000000e-01,3.350000e+01,1.862020e+00,1.412940e+02,5.595599e+01,2.263507e+00,2.482079e+00,1.376055e+00,4.250429e+00,2.712247e+00,6.096969e+00,9.178448e+00,3.098188e+00,6.409188e+01,3.148517e+00,2.289083e+00,1.084084e+00,1.920183e-01,7.983973e+01
1.467722e+00,5.750000e-01,3.350000e+01,1.747902e+00,1.412940e+02,5.166067e+01,2.263507e+00,2.644130e+00,1.465895e+00,4.527932e+00,2.889324e+00,6.495029e+00,9.777693e+00,3.300463e+00,6.174751e+01,3.354078e+00,2.438534e+00,1.154862e+00,2.045548e-01,7.852351e+01
1.467722e+00,6.500000e-01,3.350000e+01,1.659423e+00,1.412940e+02,4.833036e+01,2.263507e+00,2.785113e+00,1.544056e+00,4.769358e+00,3.043381e+00,6.841340e+00,1.029903e+01,3.476441e+00,5.970791e+01,3.532916e+00,2.568555e+00,1.216438e+00,2.154616e-01,7.737839e+01
1.467722e+00,7.250000e-01,3.350000e+01,1.588725e+00,1.412940e+02,4.566933e+01,2.263507e+00,2.909050e+00,1.612766e+00,4.981593e+00,3.178811e+00,7.145778e+00,1.075734e+01,3.631142e+00,5.791492e+01,3.690130e+00,2.682855e+00,1.270570e+00,2.250495e-01,7.637174e+01
1.467722e+00,8.000000e-01,3.350000e+01,1.530807e+00,1.412940e+02,4.348933e+01,2.263507e+00,3.019113e+00,1.673785e+00,5.170072e+00,3.299081e+00,7.416138e+00,1.116434e+01,3.768526e+00,5.632263e+01,3.829745e+00,2.784361e+00,1.318642e+00,2.335643e-01,7.547776e+01
1.467722e+00,8.750000e-01,3.350000e+01,1.482327e+00,1.412940e+02,4.166460e+01,2.263507e+00,3.117853e+00,1.728525e+00,5.339158e+00,3.406977e+00,7.658681e+00,1.152947e+01,3.891775e+00,5.489417e+01,3.954997e+00,2.875423e+00,1.361767e+00,2.412029e-01,7.467577e+01
1.467722e+00,9.500000e-01,3.350000e+01,1.440966e+00,1.412940e+02,4.010778e+01,2.263507e+00,3.207347e+00,1.778141e+00,5.492412e+00,3.504770e+00,7.878515e+00,1.186041e+01,4.003484e+00,5.359946e+01,4.068520e+00,2.957959e+00,1.400855e+00,2.481264e-01,7.394887e+01
1.467722e+00,1.025000e+00,3.350000e+01,1.405057e+00,1.412940e+02,3.875619e+01,2.263507e+00,3.289317e+00,1.823584e+00,5.632781e+00,3.594341e+00,8.079865e+00,1.216352e+01,4.105800e+00,5.241361e+01,4.172499e+00,3.033555e+00,1.436657e+00,2.544677e-01,7.328308e+01
1.467722e+00,1.100000e+00,3.350000e+01,1.373373e+00,1.412940e+02,3.756363e+01,2.263507e+00,3.365202e+00,1.865655e+00,5.762730e+00,3.677263e+00,8.266268e+00,1.244414e+01,4.200522e+00,5.131579e+01,4.268759e+00,3.103540e+00,1.469801e+00,2.603383e-01,7.266672e+01
1.467722e+00,1.175000e+00,3.350000e+01,1.344989e+00,1.412940e+02,3.649525e+01,2.263507e+00,3.436220e+00,1.905027e+00,5.884345e+00,3.754867e+00,8.440718e+00,1.270676e+01,4.289169e+00,5.028836e+01,4.358846e+00,3.169037e+00,1.500819e+00,2.658325e-01,7.208988e+01
1.467722e+00,1.250000e+00,3.350000e+01,1.319193e+00,1.412940e+02,3.552433e+01,2.263507e+00,3.503412e+00,1.942278e+00,5.999407e+00,3.828290e+00,8.605767e+00,1.295522e+01,4.373039e+00,4.931631e+01,4.444079e+00,3.231004e+00,1.530166e+00,2.710305e-01,7.154413e+01
1.467722e+00,1.325000e+00,3.350000e+01,1.295434e+00,1.412940e+02,3.463004e+01,2.263507e+00,3.567668e+00,1.977901e+00,6.109442e+00,3.898504e+00,8.763605e+00,1.319283e+01,4.453244e+00,4.838672e+01,4.525587e+00,3.290264e+00,1.558230e+00,2.760015e-01,7.102222e+01
1.467722e+00,1.400000e+00,3.350000e+01,1.273276e+00,1.412940e+02,3.379602e+01,2.263507e+00,3.629753e+00,2.012321e+00,6.215760e+00,3.966347e+00,8.916112e+00,1.342242e+01,4.530741e+00,4.748853e+01,4.604343e+00,3.347522e+00,1.585347e+00,2.808045e-01,7.051794e+01
1.467722e+00,1.475000e+00,3.350000e+01,1.252376e+00,1.412940e+02,3.300936e+01,2.263507e+00,3.690327e+00,2.045903e+00,6.319490e+00,4.032538e+00,9.064905e+00,1.364641e+01,4.606351e+00,4.661221e+01,4.681181e+00,3.403386e+00,1.611804e+00,2.854906e-01,7.002594e+01
1.467722e+00,1.550000e+00,3.350000e+01,1.232463e+00,1.412940e+02,3.225985e+01,2.263507e+00,3.749952e+00,2.078959e+00,6.421595e+00,4.097692e+00,9.211368e+00,1.386690e+01,4.680776e+00,4.574962e+01,4.756816e+00,3.458375e+00,1.637846e+00,2.901033e-01,6.954165e+01
1.467722e+00,1.625000e+00,3.350000e+01,1.213323e+00,1.412940e+02,3.153945e+01,2.263507e+00,3.809105e+00,2.111753e+00,6.522891e+00,4.162330e+00,9.356671e+00,1.408564e+01,4.754612e+00,4.489385e+01,4.831852e+00,3.512929e+00,1.663682e+00,2.946795e-01,6.906119e+01
1.467722e+00,1.700000e+00,3.350000e+01,1.194792e+00,1.412940e+02,3.084195e+01,2.263507e+00,3.868184e+00,2.144506e+00,6.624060e+00,4.226888e+00,9.501792e+00,1.430411e+01,4.828356e+00,4.403916e+01,4.906793e+00,3.567415e+00,1.689485e+00,2.992500e-01,6.858133e+01
1.467722e+00,1.775000e+00,3.350000e+01,1.176743e+00,1.412940e+02,3.016262e+01,2.263507e+00,3.927513e+00,2.177398e+00,6.725658e+00,4.291718e+00,9.647527e+00,1.452350e+01,4.902411e+00,4.318085e+01,4.982052e+00,3.622131e+00,1.715398e+00,3.038397e-01,6.809944e+01
1.467722e+00,1.850000e+00,3.350000e+01,1.159085e+00,1.412940e+02,2.949797e+01,2.263507e+00,3.987347e+00,2.210570e+00,6.828121e+00,4.357101e+00,9.794504e+00,1.474476e+01,4.977098e+00,4.231523e+01,5.057952e+00,3.677313e+00,1.741531e+00,3.084686e-01,6.761345e+01
1.467722e+00,1.925000e+00,3.350000e+01,1.141753e+00,1.412940e+02,2.884559e+01,2.263507e+00,4.047877e+00,2.244127e+00,6.931775e+00,4.423244e+00,9.943189e+00,1.496859e+01,5.052652e+00,4.143956e+01,5.134734e+00,3.733136e+00,1.767969e+00,3.131513e-01,6.712181e+01
1.467722e+00,2.000000e+00,3.350000e+01,1.124705e+00,1.412940e+02,2.820395e+01,2.263507e+00,4.109230e+00,2.278141e+00,7.036839e+00,4.490286e+00,1.009390e+01,1.519547e+01,5.129235e+00,4.055196e+01,5.212561e+00,3.789719e+00,1.794766e+00,3.178977e-01,6.662347e+01
1.675832e+00,5.000000e-01,3.825000e+01,1.840868e+00,1.535813e+02,6.375573e+01,2.263507e+00,2.388631e+00,1.370718e+00,4.249446e+00,2.734772e+00,5.825795e+00,9.224744e+00,3.083966e+00,6.481966e+01,2.923561e+00,2.270108e+00,9.412906e-01,1.673066e-01,8.058731e+01
1.675832e+00,5.750000e-01,3.825000e+01,1.726751e+00,1.535813e+02,5.885137e+01,2.263507e+00,2.546491e+00,1.461306e+00,4.530284e+00,2.915508e+00,6.210810e+00,9.834389e+00,3.287779e+00,6.249466e+01,3.116773e+00,2.420135e+00,1.003499e+00,1.783635e-01,7.930436e+01
1.675832e+00,6.500000e-01,3.825000e+01,1.638271e+00,1.535813e+02,5.504885e+01,2.263507e+00,2.684022e+00,1.540228e+00,4.774954e+00,3.072968e+00,6.546242e+00,1.036552e+01,3.465345e+00,6.046908e+01,3.285103e+00,2.550842e+00,1.057695e+00,1.879966e-01,7.818664e+01
1.675832e+00,7.250000e-01,3.825000e+01,1.567573e+00,1.535813e+02,5.201051e+01,2.263507e+00,2.805071e+00,1.609693e+00,4.990305e+00,3.211559e+00,6.841478e+00,1.083301e+01,3.621632e+00,5.868623e+01,3.433262e+00,2.665885e+00,1.105397e+00,1.964752e-01,7.720285e+01
1.675832e+00,8.000000e-01,3.825000e+01,1.509655e+00,1.535813e+02,4.952141e+01,2.263507e+00,2.912688e+00,1.671449e+00,5.181759e+00,3.334771e+00,7.103952e+00,1.124862e+01,3.760576e+00,5.710123e+01,3.564980e+00,2.768162e+00,1.147806e+00,2.040130e-01,7.632824e+01
1.675832e+00,8.750000e-01,3.825000e+01,1.461176e+00,1.535813e+02,4.743794e+01,2.263507e+00,3.009326e+00,1.726905e+00,5.353680e+00,3.445412e+00,7.339648e+00,1.162183e+01,3.885345e+00,5.567792e+01,3.683259e+00,2.860005e+00,1.185888e+00,2.107818e-01,7.554285e+01
1.675832e+00,9.500000e-01,3.825000e+01,1.419814e+00,1.535813e+02,4.566038e+01,2.263507e+00,3.096992e+00,1.777212e+00,5.509641e+00,3.545782e+00,7.553463e+00,1.196039e+01,3.998531e+00,5.438675e+01,3.790558e+00,2.943322e+00,1.220435e+00,2.169222e-01,7.483038e+01
1.675832e+00,1.025000e+00,3.825000e+01,1.383906e+00,1.535813e+02,4.411715e+01,2.263507e+00,3.177351e+00,1.823326e+00,5.652602e+00,3.637786e+00,7.749456e+00,1.227073e+01,4.102283e+00,5.320321e+01,3.888914e+00,3.019693e+00,1.252102e+00,2.225507e-01,7.417729e+01
1.675832e+00,1.100000e+00,3.825000e+01,1.352222e+00,1.535813e+02,4.275549e+01,2.263507e+00,3.251799e+00,1.866048e+00,5.785048e+00,3.723023e+00,7.931033e+00,1.255824e+01,4.198403e+00,5.210671e+01,3.980035e+00,3.090448e+00,1.281440e+00,2.277653e-01,7.357224e+01
1.675832e+00,1.175000e+00,3.825000e+01,1.323837e+00,1.535813e+02,4.153563e+01,2.263507e+00,3.321521e+00,1.906058e+00,5.909085e+00,3.802849e+00,8.101083e+00,1.282751e+01,4.288421e+00,5.107983e+01,4.065371e+00,3.156710e+00,1.308915e+00,2.326488e-01,7.300560e+01
1.675832e+00,1.250000e+00,3.825000e+01,1.298042e+00,1.535813e+02,4.042704e+01,2.263507e+00,3.387528e+00,1.943936e+00,6.026514e+00,3.878421e+00,8.262072e+00,1.308242e+01,4.373643e+00,5.010766e+01,4.146160e+00,3.219443e+00,1.334927e+00,2.372722e-01,7.246916e+01
1.675832e+00,1.325000e+00,3.825000e+01,1.274282e+00,1.535813e+02,3.940595e+01,2.263507e+00,3.450690e+00,1.980182e+00,6.138880e+00,3.950735e+00,8.416121e+00,1.332635e+01,4.455191e+00,4.917740e+01,4.223467e+00,3.279470e+00,1.359817e+00,2.416962e-01,7.195583e+01
1.675832e+00,1.400000e+00,3.825000e+01,1.252124e+00,1.535813e+02,3.845368e+01,2.263507e+00,3.511754e+00,2.015224e+00,6.247515e+00,4.020649e+00,8.565055e+00,1.356217e+01,4.534032e+00,4.827803e+01,4.298207e+00,3.337505e+00,1.383881e+00,2.459733e-01,7.145956e+01
1.675832e+00,1.475000e+00,3.825000e+01,1.231224e+00,1.535813e+02,3.755548e+01,2.263507e+00,3.571366e+00,2.049432e+00,6.353566e+00,4.088899e+00,8.710446e+00,1.379239e+01,4.610996e+00,4.740006e+01,4.371168e+00,3.394159e+00,1.407372e+00,2.501487e-01,7.097509e+01
1.675832e+00,1.550000e+00,3.825000e+01,1.211311e+00,1.535813e+02,3.669969e+01,2.263507e+00,3.630076e+00,2.083123e+00,6.458014e+00,4.156117e+00,8.853639e+00,1.401913e+01,4.686798e+00,4.653535e+01,4.443027e+00,3.449956e+00,1.430508e+00,2.542609e-01,7.049794e+01
1.675832e+00,1.625000e+00,3.825000e+01,1.192172e+00,1.535813e+02,3.587714e+01,2.263507e+00,3.688354e+00,2.116566e+00,6.561692e+00,4.222840e+00,8.995777e+00,1.424419e+01,4.762040e+00,4.567702e+01,4.514356e+00,3.505343e+00,1.453474e+00,2.583429e-01,7.002431e+01
1.675832e+00,1.700000e+00,3.825000e+01,1.173640e+00,1.535813e+02,3.508074e+01,2.263507e+00,3.746591e+00,2.149985e+00,6.665297e+00,4.289516e+00,9.137815e+00,1.446910e+01,4.837230e+00,4.481929e+01,4.585636e+00,3.560690e+00,1.476423e+00,2.624219e-01,6.955101e+01
1.675832e+00,1.775000e+00,3.825000e+01,1.155592e+00,1.535813e+02,3.430508e+01,2.263507e+00,3.805107e+00,2.183564e+00,6.769398e+00,4.356512e+00,9.280533e+00,1.469508e+01,4.912780e+00,4.395746e+01,4.657256e+00,3.616303e+00,1.499482e+00,2.665205e-01,6.907544e+01
1.675832e+00,1.850000e+00,3.825000e+01,1.137933e+00,1.535813e+02,3.354620e+01,2.263507e+00,3.864154e+00,2.217449e+00,6.874445e+00,4.424115e+00,9.424547e+00,1.492312e+01,4.989015e+00,4.308780e+01,4.729526e+00,3.672420e+00,1.522751e+00,2.706564e-01,6.859556e+01
1.675832e+00,1.925000e+00,3.825000e+01,1.120601e+00,1.535813e+02,3.280132e+01,2.263507e+00,3.923921e+00,2.251746e+00,6.980771e+00,4.492543e+00,9.570316e+00,1.515393e+01,5.066180e+00,4.220754e+01,4.802678e+00,3.729222e+00,1.546303e+00,2.748426e-01,6.810983e+01
1.675832e+00,2.000000e+00,3.825000e+01,1.103554e+00,1.535813e+02,3.206869e+01,2.263507e+00,3.984535e+00,2.286529e+00,7.088607e+00,4.561941e+00,9.718153e+00,1.538802e+01,5.144440e+00,4.131480e+01,4.876867e+00,3.786829e+00,1.570190e+00,2.790882e-01,6.761721e+01
1.883942e+00,5.000000e-01,4.300000e+01,1.822872e+00,1.652437e+02,7.154463e+01,2.263507e+00,2.316254e+00,1.367613e+00,4.252202e+00,2.754975e+00,5.547822e+00,9.257646e+00,3.075216e+00,6.545279e+01,2.741038e+00,2.255869e+00,8.304477e-01,1.481285e-01,8.123702e+01
1.883942e+00,5.750000e-01,4.300000e+01,1.708755e+00,1.652437e+02,6.603124e+01,2.263507e+00,2.470943e+00,1.458948e+00,4.536181e+00,2.938963e+00,5.918328e+00,9.875909e+00,3.280591e+00,6.314559e+01,2.924095e+00,2.406525e+00,8.859084e-01,1.580212e-01,7.998395e+01
1.883942e+00,6.500000e-01,4.300000e+01,1.620275e+00,1.652437e+02,6.175650e+01,2.263507e+00,2.605876e+00,1.538617e+00,4.783891e+00,3.099453e+00,6.241514e+00,1.041521e+01,3.459736e+00,6.113306e+01,3.083773e+00,2.537939e+00,9.342857e-01,1.666503e-01,7.889092e+01
1.883942e+00,7.250000e-01,4.300000e+01,1.549577e+00,1.652437e+02,5.834086e+01,2.263507e+00,2.724766e+00,1.608815e+00,5.002151e+00,3.240862e+00,6.526276e+00,1.089039e+01,3.617583e+00,5.935979e+01,3.224467e+00,2.653730e+00,9.769115e-01,1.742536e-01,7.792785e+01
1.883942e+00,8.000000e-01,4.300000e+01,1.491659e+00,1.652437e+02,5.554265e+01,2.263507e+00,2.830563e+00,1.671282e+00,5.196374e+00,3.366698e+00,6.779677e+00,1.131324e+01,3.758046e+00,5.778182e+01,3.349667e+00,2.756769e+00,1.014843e+00,1.810195e-01,7.707083e+01
1.883942e+00,8.750000e-01,4.300000e+01,1.443180e+00,1.652437e+02,5.320046e+01,2.263507e+00,2.925647e+00,1.727424e+00,5.370930e+00,3.479792e+00,7.007420e+00,1.169328e+01,3.884286e+00,5.636363e+01,3.462188e+00,2.849375e+00,1.048933e+00,1.871002e-01,7.630059e+01
1.883942e+00,9.500000e-01,4.300000e+01,1.401818e+00,1.652437e+02,5.120215e+01,2.263507e+00,3.011969e+00,1.778392e+00,5.529402e+00,3.582465e+00,7.214177e+00,1.203829e+01,3.998894e+00,5.507612e+01,3.564342e+00,2.933447e+00,1.079883e+00,1.926207e-01,7.560133e+01
1.883942e+00,1.025000e+00,4.300000e+01,1.365909e+00,1.652437e+02,4.946728e+01,2.263507e+00,3.091152e+00,1.825145e+00,5.674766e+00,3.676645e+00,7.403833e+00,1.235477e+01,4.104022e+00,5.389510e+01,3.658046e+00,3.010565e+00,1.108272e+00,1.976846e-01,7.495991e+01
1.883942e+00,1.100000e+00,4.300000e+01,1.334226e+00,1.652437e+02,4.793653e+01,2.263507e+00,3.164558e+00,1.868486e+00,5.809525e+00,3.763955e+00,7.579652e+00,1.264816e+01,4.201480e+00,5.280025e+01,3.744914e+00,3.082057e+00,1.134590e+00,2.023790e-01,7.436528e+01
1.883942e+00,1.175000e+00,4.300000e+01,1.305841e+00,1.652437e+02,4.656518e+01,2.263507e+00,3.233344e+00,1.909101e+00,5.935804e+00,3.845770e+00,7.744407e+00,1.292309e+01,4.292806e+00,5.177429e+01,3.826315e+00,3.149051e+00,1.159252e+00,2.067780e-01,7.380807e+01
1.883942e+00,1.250000e+00,4.300000e+01,1.280045e+00,1.652437e+02,4.531892e+01,2.263507e+00,3.298502e+00,1.947573e+00,6.055422e+00,3.923270e+00,7.900472e+00,1.318351e+01,4.379314e+00,5.080245e+01,3.903423e+00,3.212511e+00,1.182613e+00,2.109450e-01,7.328025e+01
1.883942e+00,1.325000e+00,4.300000e+01,1.256286e+00,1.652437e+02,4.417102e+01,2.263507e+00,3.360885e+00,1.984406e+00,6.169944e+00,3.997468e+00,8.049888e+00,1.343284e+01,4.462137e+00,4.987200e+01,3.977246e+00,3.273267e+00,1.204979e+00,2.149345e-01,7.277492e+01
1.883942e+00,1.400000e+00,4.300000e+01,1.234128e+00,1.652437e+02,4.310050e+01,2.263507e+00,3.421227e+00,2.020035e+00,6.280722e+00,4.069240e+00,8.194419e+00,1.367402e+01,4.542252e+00,4.897199e+01,4.048655e+00,3.332037e+00,1.226614e+00,2.187935e-01,7.228611e+01
1.883942e+00,1.475000e+00,4.300000e+01,1.213228e+00,1.652437e+02,4.209075e+01,2.263507e+00,3.480164e+00,2.054833e+00,6.388917e+00,4.139339e+00,8.335581e+00,1.390958e+01,4.620500e+00,4.809294e+01,4.118400e+00,3.389437e+00,1.247744e+00,2.225625e-01,7.180869e+01
1.883942e+00,1.550000e+00,4.300000e+01,1.193315e+00,1.652437e+02,4.112869e+01,2.263507e+00,3.538238e+00,2.089123e+00,6.495530e+00,4.208413e+00,8.474678e+00,1.414169e+01,4.697603e+00,4.722676e+01,4.187125e+00,3.445997e+00,1.268566e+00,2.262765e-01,7.133826e+01
1.883942e+00,1.625000e+00,4.300000e+01,1.174175e+00,1.652437e+02,4.020400e+01,2.263507e+00,3.595912e+00,2.123176e+00,6.601409e+00,4.277011e+00,8.612818e+00,1.437220e+01,4.774175e+00,4.636654e+01,4.255376e+00,3.502168e+00,1.289244e+00,2.299648e-01,7.087107e+01
1.883942e+00,1.700000e+00,4.300000e+01,1.155644e+00,1.652437e+02,3.930870e+01,2.263507e+00,3.653573e+00,2.157222e+00,6.707265e+00,4.345594e+00,8.750927e+00,1.460266e+01,4.850730e+00,4.550652e+01,4.323612e+00,3.558327e+00,1.309917e+00,2.336524e-01,7.040398e+01
1.883942e+00,1.775000e+00,4.300000e+01,1.137596e+00,1.652437e+02,3.843672e+01,2.263507e+00,3.711539e+00,2.191447e+00,6.813679e+00,4.414539e+00,8.889765e+00,1.483434e+01,4.927689e+00,4.464195e+01,4.392209e+00,3.614781e+00,1.330699e+00,2.373594e-01,6.993442e+01
1.883942e+00,1.850000e+00,4.300000e+01,1.119937e+00,1.652437e+02,3.758359e+01,2.263507e+00,3.770059e+00,2.226000e+00,6.921111e+00,4.484144e+00,9.029931e+00,1.506824e+01,5.005385e+00,4.376911e+01,4.461461e+00,3.671776e+00,1.351681e+00,2.411019e-01,6.946037e+01
1.883942e+00,1.925000e+00,4.300000e+01,1.102605e+00,1.652437e+02,3.674621e+01,2.263507e+00,3.829322e+00,2.260991e+00,7.029907e+00,4.554632e+00,9.171876e+00,1.530510e+01,5.084067e+00,4.288520e+01,4.531593e+00,3.729495e+00,1.372928e+00,2.448918e-01,6.898031e+01
1.883942e+00,2.000000e+00,4.300000e+01,1.085558e+00,1.652437e+02,3.592260e+01,2.263507e+00,3.889456e+00,2.296497e+00,7.140301e+00,4.626156e+00,9.315907e+00,1.554545e+01,5.163905e+00,4.198829e+01,4.602755e+00,3.788061e+00,1.394488e+00,2.487375e-01,6.849319e+01
2.092052e+00,5.000000e-01,4.775000e+01,1.807103e+00,1.762874e+02,7.932281e+01,2.263507e+00,2.258928e+00,1.366103e+00,4.257635e+00,2.773524e+00,5.264264e+00,9.280871e+00,3.070378e+00,6.601844e+01,2.589772e+00,2.245179e+00,7.420617e-01,1.328398e-01,8.181696e+01
2.092052e+00,5.750000e-01,4.775000e+01,1.692986e+00,1.762874e+02,7.320037e+01,2.263507e+00,2.411194e+00,1.458186e+00,4.544625e+00,2.960476e+00,5.619108e+00,9.906457e+00,3.277340e+00,6.372788e+01,2.764338e+00,2.396518e+00,7.920812e-01,1.417940e-01,8.059131e+01
2.092052e+00,6.500000e-01,4.775000e+01,1.604506e+00,1.762874e+02,6.845343e+01,2.263507e+00,2.544157e+00,1.538597e+00,4.795236e+00,3.123729e+00,5.928970e+00,1.045274e+01,3.458067e+00,6.172768e+01,2.916776e+00,2.528672e+00,8.357599e-01,1.496132e-01,7.952104e+01
2.092052e+00,7.250000e-01,4.775000e+01,1.533808e+00,1.762874e+02,6.466048e+01,2.263507e+00,2.661425e+00,1.609516e+00,5.016262e+00,3.267711e+00,6.202253e+00,1.093454e+01,3.617459e+00,5.996360e+01,3.051219e+00,2.645226e+00,8.742826e-01,1.565093e-01,7.857710e+01
2.092052e+00,8.000000e-01,4.775000e+01,1.475890e+00,1.762874e+02,6.155316e+01,2.263507e+00,2.765867e+00,1.672677e+00,5.213114e+00,3.395945e+00,6.445647e+00,1.136364e+01,3.759419e+00,5.839246e+01,3.170957e+00,2.749033e+00,9.085918e-01,1.626511e-01,7.773640e+01
2.092052e+00,8.750000e-01,4.775000e+01,1.427411e+00,1.762874e+02,5.895224e+01,2.263507e+00,2.859804e+00,1.729487e+00,5.390167e+00,3.511282e+00,6.664561e+00,1.174959e+01,3.887100e+00,5.697934e+01,3.278652e+00,2.842398e+00,9.394503e-01,1.681753e-01,7.698027e+01
2.092052e+00,9.500000e-01,4.775000e+01,1.386049e+00,1.762874e+02,5.673319e+01,2.263507e+00,2.945144e+00,1.781097e+00,5.551016e+00,3.616062e+00,6.863439e+00,1.210021e+01,4.003095e+00,5.569555e+01,3.376491e+00,2.927219e+00,9.674846e-01,1.731938e-01,7.629333e+01
2.092052e+00,1.025000e+00,4.775000e+01,1.350141e+00,1.762874e+02,5.480668e+01,2.263507e+00,3.023474e+00,1.828467e+00,5.698653e+00,3.712236e+00,7.045981e+00,1.242203e+01,4.109563e+00,5.451722e+01,3.466294e+00,3.005073e+00,9.932161e-01,1.778001e-01,7.566282e+01
2.092052e+00,1.100000e+00,4.775000e+01,1.318457e+00,1.762874e+02,5.310683e+01,2.263507e+00,3.096131e+00,1.872407e+00,5.835597e+00,3.801445e+00,7.215303e+00,1.272054e+01,4.208320e+00,5.342422e+01,3.549592e+00,3.077288e+00,1.017084e+00,1.820728e-01,7.507797e+01
2.092052e+00,1.175000e+00,4.775000e+01,1.290072e+00,1.762874e+02,5.158400e+01,2.263507e+00,3.164253e+00,1.913604e+00,5.963993e+00,3.885085e+00,7.374056e+00,1.300042e+01,4.300912e+00,5.239945e+01,3.627691e+00,3.144995e+00,1.039462e+00,1.860788e-01,7.452963e+01
2.092052e+00,1.250000e+00,4.775000e+01,1.264277e+00,1.762874e+02,5.020007e+01,2.263507e+00,3.228814e+00,1.952648e+00,6.085679e+00,3.964354e+00,7.524511e+00,1.326567e+01,4.388665e+00,5.142824e+01,3.701708e+00,3.209163e+00,1.060671e+00,1.898755e-01,7.400995e+01
2.092052e+00,1.325000e+00,4.775000e+01,1.240517e+00,1.762874e+02,4.892537e+01,2.263507e+00,3.290655e+00,1.990047e+00,6.202236e+00,4.040282e+00,7.668626e+00,1.351975e+01,4.472720e+00,5.049795e+01,3.772606e+00,3.270628e+00,1.080985e+00,1.935121e-01,7.351217e+01
2.092052e+00,1.400000e+00,4.775000e+01,1.218359e+00,1.762874e+02,4.773659e+01,2.263507e+00,3.350501e+00,2.026239e+00,6.315035e+00,4.113762e+00,7.808093e+00,1.376563e+01,4.554064e+00,4.959767e+01,3.841218e+00,3.330110e+00,1.100645e+00,1.970315e-01,7.303044e+01
2.092052e+00,1.475000e+00,4.775000e+01,1.197459e+00,1.762874e+02,4.661530e+01,2.263507e+00,3.408979e+00,2.061604e+00,6.425254e+00,4.185561e+00,7.944372e+00,1.400589e+01,4.633549e+00,4.871798e+01,3.908261e+00,3.388233e+00,1.119855e+00,2.004704e-01,7.255973e+01
2.092052e+00,1.550000e+00,4.775000e+01,1.177546e+00,1.762874e+02,4.554696e+01,2.263507e+00,3.466627e+00,2.096467e+00,6.533909e+00,4.256342e+00,8.078716e+00,1.424273e+01,4.711905e+00,4.785076e+01,3.974352e+00,3.445530e+00,1.138793e+00,2.038604e-01,7.209570e+01
2.092052e+00,1.625000e+00,4.775000e+01,1.158407e+00,1.762874e+02,4.452013e+01,2.263507e+00,3.523903e+00,2.131105e+00,6.641863e+00,4.326666e+00,8.212194e+00,1.447805e+01,4.789756e+00,4.698915e+01,4.040017e+00,3.502458e+00,1.157608e+00,2.072286e-01,7.163466e+01
2.092052e+00,1.700000e+00,4.775000e+01,1.139875e+00,1.762874e+02,4.352593e+01,2.263507e+00,3.581191e+00,2.165751e+00,6.749841e+00,4.397005e+00,8.345701e+00,1.471343e+01,4.867623e+00,4.612734e+01,4.105696e+00,3.559398e+00,1.176427e+00,2.105976e-01,7.117352e+01
2.092052e+00,1.775000e+00,4.775000e+01,1.121827e+00,1.762874e+02,4.255762e+01,2.263507e+00,3.638807e+00,2.200595e+00,6.858436e+00,4.467746e+00,8.479970e+00,1.495014e+01,4.945936e+00,4.526061e+01,4.171751e+00,3.616663e+00,1.195354e+00,2.139858e-01,7.070975e+01
2.092052e+00,1.850000e+00,4.775000e+01,1.104168e+00,1.762874e+02,4.161025e+01,2.263507e+00,3.697000e+00,2.235787e+00,6.968118e+00,4.539196e+00,8.615585e+00,1.518923e+01,5.025033e+00,4.438520e+01,4.238467e+00,3.674503e+00,1.214471e+00,2.174079e-01,7.024133e+01
2.092052e+00,1.925000e+00,4.775000e+01,1.086836e+00,1.762874e+02,4.068037e+01,2.263507e+00,3.755958e+00,2.271442e+00,7.079242e+00,4.611584e+00,8.752982e+00,1.543146e+01,5.105170e+00,4.349829e+01,4.306060e+00,3.733102e+00,1.233838e+00,2.208750e-01,6.976675e+01
2.092052e+00,2.000000e+00,4.775000e+01,1.069789e+00,1.762874e+02,3.976579e+01,2.263507e+00,3.815809e+00,2.307638e+00,7.192050e+00,4.685070e+00,8.892461e+00,1.567736e+01,5.186521e+00,4.259793e+01,4.374677e+00,3.792589e+00,1.253500e+00,2.243947e-01,6.928498e+01
2.300161e+00,5.000000e-01,5.250000e+01,1.793582e+00,1.864116e+02,8.708504e+01,2.263507e+00,2.216964e+00,1.366229e+00,4.265826e+00,2.790404e+00,4.973799e+00,9.294072e+00,3.069550e+00,6.651573e+01,2.471491e+00,2.238314e+00,6.761755e-01,1.214479e-01,8.232619e+01
2.300161e+00,5.750000e-01,5.250000e+01,1.678848e+00,1.867169e+02,8.035886e+01,2.263507e+00,2.363139e+00,1.458613e+00,4.554972e+00,2.980564e+00,5.314152e+00,9.928798e+00,3.277015e+00,6.425968e+01,2.629615e+00,2.389303e+00,7.155827e-01,1.285679e-01,8.114552e+01
2.300161e+00,6.500000e-01,5.250000e+01,1.590369e+00,1.867169e+02,7.513971e+01,2.263507e+00,2.494611e+00,1.539762e+00,4.808386e+00,3.146386e+00,5.609802e+00,1.048118e+01,3.459330e+00,6.227128e+01,2.775912e+00,2.522231e+00,7.553938e-01,1.357207e-01,8.009657e+01
2.300161e+00,7.250000e-01,5.250000e+01,1.519671e+00,1.867169e+02,7.096945e+01,2.263507e+00,2.610665e+00,1.611395e+00,5.032080e+00,3.292761e+00,5.870780e+00,1.096879e+01,3.620264e+00,6.051608e+01,2.905052e+00,2.639570e+00,7.905361e-01,1.420347e-01,7.917062e+01
2.300161e+00,8.000000e-01,5.250000e+01,1.461753e+00,1.867169e+02,6.755303e+01,2.263507e+00,2.714105e+00,1.675242e+00,5.231463e+00,3.423228e+00,6.103394e+00,1.140339e+01,3.763708e+00,5.895163e+01,3.020157e+00,2.744156e+00,8.218589e-01,1.476624e-01,7.834531e+01
2.300161e+00,8.750000e-01,5.250000e+01,1.413274e+00,1.867169e+02,6.469338e+01,2.263507e+00,2.807206e+00,1.732707e+00,5.410916e+00,3.540654e+00,6.312757e+00,1.179456e+01,3.892813e+00,5.754356e+01,3.123757e+00,2.838288e+00,8.500509e-01,1.527276e-01,7.760250e+01
2.300161e+00,9.500000e-01,5.250000e+01,1.371912e+00,1.867169e+02,6.225359e+01,2.263507e+00,2.891840e+00,1.784946e+00,5.574048e+00,3.647400e+00,6.503078e+00,1.215015e+01,4.010176e+00,5.626355e+01,3.217934e+00,2.923859e+00,8.756788e-01,1.573322e-01,7.692724e+01
2.300161e+00,1.025000e+00,5.250000e+01,1.336003e+00,1.867169e+02,6.013543e+01,2.263507e+00,2.969566e+00,1.832921e+00,5.723866e+00,3.745434e+00,6.677867e+00,1.247672e+01,4.117961e+00,5.508802e+01,3.304425e+00,3.002446e+00,8.992151e-01,1.615609e-01,7.630710e+01
2.300161e+00,1.100000e+00,5.250000e+01,1.304319e+00,1.867169e+02,5.826648e+01,2.263507e+00,3.041701e+00,1.877446e+00,5.862907e+00,3.836417e+00,6.840082e+00,1.277980e+01,4.217992e+00,5.399704e+01,3.384695e+00,3.075380e+00,9.210584e-01,1.654854e-01,7.573156e+01
2.300161e+00,1.175000e+00,5.250000e+01,1.275935e+00,1.867169e+02,5.659217e+01,2.263507e+00,3.109367e+00,1.919212e+00,5.993333e+00,3.921761e+00,6.992246e+00,1.306410e+01,4.311826e+00,5.297366e+01,3.459991e+00,3.143795e+00,9.415482e-01,1.691668e-01,7.519169e+01
2.300161e+00,1.250000e+00,5.250000e+01,1.250139e+00,1.867169e+02,5.507057e+01,2.263507e+00,3.173526e+00,1.958813e+00,6.117000e+00,4.002683e+00,7.136524e+00,1.333366e+01,4.400796e+00,5.200331e+01,3.531385e+00,3.208665e+00,9.609761e-01,1.726574e-01,7.467979e+01
2.300161e+00,1.325000e+00,5.250000e+01,1.226380e+00,1.867169e+02,5.366907e+01,2.263507e+00,3.235008e+00,1.996762e+00,6.235508e+00,4.080229e+00,7.274785e+00,1.359198e+01,4.486055e+00,5.107344e+01,3.599800e+00,3.270828e+00,9.795937e-01,1.760024e-01,7.418925e+01
2.300161e+00,1.400000e+00,5.250000e+01,1.204222e+00,1.867169e+02,5.236203e+01,2.263507e+00,3.294533e+00,2.033503e+00,6.350243e+00,4.155307e+00,7.408642e+00,1.384208e+01,4.568600e+00,5.017318e+01,3.666037e+00,3.331012e+00,9.976184e-01,1.792409e-01,7.371433e+01
2.300161e+00,1.475000e+00,5.250000e+01,1.183322e+00,1.867169e+02,5.112920e+01,2.263507e+00,3.352721e+00,2.069418e+00,6.462401e+00,4.228698e+00,7.539494e+00,1.408656e+01,4.649290e+00,4.929314e+01,3.730787e+00,3.389845e+00,1.015238e+00,1.824067e-01,7.325007e+01
2.300161e+00,1.550000e+00,5.250000e+01,1.163409e+00,1.867169e+02,4.995459e+01,2.263507e+00,3.410107e+00,2.104839e+00,6.573012e+00,4.301077e+00,7.668541e+00,1.432767e+01,4.728868e+00,4.842524e+01,3.794644e+00,3.447866e+00,1.032615e+00,1.855287e-01,7.279221e+01
2.300161e+00,1.625000e+00,5.250000e+01,1.144269e+00,1.867169e+02,4.882561e+01,2.263507e+00,3.467145e+00,2.140045e+00,6.682954e+00,4.373018e+00,7.796807e+00,1.456731e+01,4.807964e+00,4.756258e+01,3.858114e+00,3.505536e+00,1.049887e+00,1.886319e-01,7.233713e+01
2.300161e+00,1.700000e+00,5.250000e+01,1.125738e+00,1.867169e+02,4.773251e+01,2.263507e+00,3.524219e+00,2.175273e+00,6.792964e+00,4.445003e+00,7.925152e+00,1.480711e+01,4.887110e+00,4.669940e+01,3.921624e+00,3.563242e+00,1.067170e+00,1.917371e-01,7.188176e+01
2.300161e+00,1.775000e+00,5.250000e+01,1.107690e+00,1.867169e+02,4.666788e+01,2.263507e+00,3.581642e+00,2.210716e+00,6.903648e+00,4.517429e+00,8.054283e+00,1.504838e+01,4.966739e+00,4.583093e+01,3.985522e+00,3.621301e+00,1.084558e+00,1.948612e-01,7.142361e+01
2.300161e+00,1.850000e+00,5.250000e+01,1.090031e+00,1.867169e+02,4.562627e+01,2.263507e+00,3.639663e+00,2.246529e+00,7.015485e+00,4.590610e+00,8.184760e+00,1.529215e+01,5.047199e+00,4.495340e+01,4.050087e+00,3.679966e+00,1.102127e+00,1.980179e-01,7.096068e+01
2.300161e+00,1.925000e+00,5.250000e+01,1.072699e+00,1.867169e+02,4.460389e+01,2.263507e+00,3.698472e+00,2.282828e+00,7.128839e+00,4.664784e+00,8.317007e+00,1.553924e+01,5.128750e+00,4.406398e+01,4.115527e+00,3.739425e+00,1.119935e+00,2.012174e-01,7.049147e+01
2.300161e+00,2.000000e+00,5.250000e+01,1.055652e+00,1.867169e+02,4.359832e+01,2.263507e+00,3.758196e+00,2.319692e+00,7.243958e+00,4.740113e+00,8.451313e+00,1.579017e+01,5.211571e+00,4.316070e+01,4.181986e+00,3.799812e+00,1.138020e+00,2.044667e-01,7.001495e+01
2.508271e+00,5.000000e-01,5.725000e+01,1.780061e+00,1.965358e+02,9.484727e+01,2.263507e+00,2.175000e+00,1.366354e+00,4.274016e+00,2.807284e+00,4.683334e+00,9.307273e+00,3.068723e+00,6.701301e+01,2.353211e+00,2.231450e+00,6.102893e-01,1.100559e-01,8.283543e+01
2.508271e+00,5.750000e-01,5.725000e+01,1.665943e+00,1.965358e+02,8.750676e+01,2.263507e+00,2.323988e+00,1.459950e+00,4.566787e+00,2.999583e+00,5.004143e+00,9.944823e+00,3.278931e+00,6.475340e+01,2.514406e+00,2.384305e+00,6.520943e-01,1.175947e-01,8.165965e+01
2.508271e+00,6.500000e-01,5.725000e+01,1.577464e+00,1.965358e+02,8.181541e+01,2.263507e+00,2.454339e+00,1.541838e+00,4.822937e+00,3.167829e+00,5.284824e+00,1.050262e+01,3.462845e+00,6.277643e+01,2.655438e+00,2.518039e+00,6.886700e-01,1.241906e-01,8.063095e+01
2.508271e+00,7.250000e-01,5.725000e+01,1.506766e+00,1.965358e+02,7.726783e+01,2.263507e+00,2.569497e+00,1.614181e+00,5.049230e+00,3.316464e+00,5.532789e+00,1.099541e+01,3.625322e+00,6.102989e+01,2.780032e+00,2.636187e+00,7.209825e-01,1.300176e-01,7.972215e+01
2.508271e+00,8.000000e-01,5.725000e+01,1.448848e+00,1.965358e+02,7.354231e+01,2.263507e+00,2.672214e+00,1.678709e+00,5.251074e+00,3.449041e+00,5.753963e+00,1.143495e+01,3.770245e+00,5.947205e+01,2.891164e+00,2.741569e+00,7.498039e-01,1.352151e-01,7.891154e+01
2.508271e+00,8.750000e-01,5.725000e+01,1.400368e+00,1.965358e+02,7.042392e+01,2.263507e+00,2.764723e+00,1.736824e+00,5.432860e+00,3.568443e+00,5.953159e+00,1.183082e+01,3.900767e+00,5.806902e+01,2.991254e+00,2.836479e+00,7.757613e-01,1.398961e-01,7.818148e+01
2.508271e+00,9.500000e-01,5.725000e+01,1.359007e+00,1.965358e+02,6.776339e+01,2.263507e+00,2.848867e+00,1.789684e+00,5.598209e+00,3.677048e+00,6.134343e+00,1.219089e+01,4.019487e+00,5.679285e+01,3.082292e+00,2.922808e+00,7.993716e-01,1.441538e-01,7.751743e+01
2.508271e+00,1.025000e+00,5.725000e+01,1.323098e+00,1.965358e+02,6.545359e+01,2.263507e+00,2.926185e+00,1.838256e+00,5.750144e+00,3.776843e+00,6.300829e+00,1.252175e+01,4.128575e+00,5.562021e+01,3.165946e+00,3.002132e+00,8.210664e-01,1.480662e-01,7.690726e+01
2.508271e+00,1.100000e+00,5.725000e+01,1.291414e+00,1.965358e+02,6.341555e+01,2.263507e+00,2.997976e+00,1.883356e+00,5.891220e+00,3.869505e+00,6.455415e+00,1.282896e+01,4.229867e+00,5.453138e+01,3.243620e+00,3.075788e+00,8.412107e-01,1.516989e-01,7.634069e+01
2.508271e+00,1.175000e+00,5.725000e+01,1.263030e+00,1.965358e+02,6.158975e+01,2.263507e+00,3.065351e+00,1.925681e+00,6.023615e+00,3.956465e+00,6.600489e+00,1.311727e+01,4.324926e+00,5.350955e+01,3.316515e+00,3.144911e+00,8.601154e-01,1.551080e-01,7.580899e+01
2.508271e+00,1.250000e+00,5.725000e+01,1.237234e+00,1.965358e+02,5.993048e+01,2.263507e+00,3.129261e+00,1.965830e+00,6.149203e+00,4.038955e+00,6.738104e+00,1.339076e+01,4.415097e+00,5.254026e+01,3.385662e+00,3.210480e+00,8.780482e-01,1.583419e-01,7.530463e+01
2.508271e+00,1.325000e+00,5.725000e+01,1.213475e+00,1.965358e+02,5.840218e+01,2.263507e+00,3.190531e+00,2.004320e+00,6.269602e+00,4.118036e+00,6.870034e+00,1.365294e+01,4.501543e+00,5.161102e+01,3.451952e+00,3.273340e+00,8.952400e-01,1.614422e-01,7.482110e+01
2.508271e+00,1.400000e+00,5.725000e+01,1.191317e+00,1.965358e+02,5.697688e+01,2.263507e+00,3.249873e+00,2.041600e+00,6.386213e+00,4.194629e+00,6.997813e+00,1.390688e+01,4.585270e+00,5.071101e+01,3.516156e+00,3.334223e+00,9.118911e-01,1.644449e-01,7.435278e+01
2.508271e+00,1.475000e+00,5.725000e+01,1.170417e+00,1.965358e+02,5.563252e+01,2.263507e+00,3.307906e+00,2.078056e+00,6.500250e+00,4.269532e+00,7.122772e+00,1.415521e+01,4.667148e+00,4.983086e+01,3.578944e+00,3.393762e+00,9.281745e-01,1.673814e-01,7.389481e+01
2.508271e+00,1.550000e+00,5.725000e+01,1.150504e+00,1.965358e+02,5.435163e+01,2.263507e+00,3.365159e+00,2.114023e+00,6.612758e+00,4.343429e+00,7.246053e+00,1.440021e+01,4.747927e+00,4.896253e+01,3.640889e+00,3.452502e+00,9.442394e-01,1.702784e-01,7.344297e+01
2.508271e+00,1.625000e+00,5.725000e+01,1.131364e+00,1.965358e+02,5.312050e+01,2.263507e+00,3.422088e+00,2.149786e+00,6.724626e+00,4.416907e+00,7.368635e+00,1.464382e+01,4.828248e+00,4.809913e+01,3.702482e+00,3.510908e+00,9.602131e-01,1.731591e-01,7.299371e+01
2.508271e+00,1.700000e+00,5.725000e+01,1.112833e+00,1.965358e+02,5.192851e+01,2.263507e+00,3.479073e+00,2.185585e+00,6.836606e+00,4.490458e+00,7.491339e+00,1.488767e+01,4.908649e+00,4.723486e+01,3.764136e+00,3.569373e+00,9.762028e-01,1.760425e-01,7.254399e+01
2.508271e+00,1.775000e+00,5.725000e+01,1.094784e+00,1.965358e+02,5.076755e+01,2.263507e+00,3.536429e+00,2.221616e+00,6.949313e+00,4.564488e+00,7.614840e+00,1.513311e+01,4.989573e+00,4.636498e+01,3.826192e+00,3.628217e+00,9.922963e-01,1.789447e-01,7.209136e+01
2.508271e+00,1.850000e+00,5.725000e+01,1.077126e+00,1.965358e+02,4.963170e+01,2.263507e+00,3.594404e+00,2.258037e+00,7.063239e+00,4.639317e+00,7.739677e+00,1.538120e+01,5.071371e+00,4.548570e+01,3.888918e+00,3.687698e+00,1.008564e+00,1.818783e-01,7.163383e+01
2.508271e+00,1.925000e+00,5.725000e+01,1.059794e+00,1.965358e+02,4.851681e+01,2.263507e+00,3.653189e+00,2.294966e+00,7.178754e+00,4.715190e+00,7.866255e+00,1.563275e+01,5.154310e+00,4.459415e+01,3.952519e+00,3.748008e+00,1.025058e+00,1.848528e-01,7.116992e+01
2.508271e+00,2.000000e+00,5.725000e+01,1.042747e+00,1.965358e+02,4.742027e+01,2.263507e+00,3.712912e+00,2.332485e+00,7.296114e+00,4.792276e+00,7.994854e+00,1.588832e+01,5.238574e+00,4.368836e+01,4.017136e+00,3.809282e+00,1.041816e+00,1.878749e-01,7.069859e+01
2.716381e+00,5.000000e-01,6.200000e+01,1.768109e+00,2.057468e+02,1.025937e+02,2.263507e+00,2.143860e+00,1.367642e+00,4.284182e+00,2.823013e+00,4.386885e+00,9.313298e+00,3.070741e+00,6.746275e+01,2.258876e+00,2.227419e+00,5.599764e-01,1.013610e-01,8.329548e+01
2.716381e+00,5.750000e-01,6.200000e+01,1.666811e+00,2.057468e+02,9.553712e+01,2.263507e+00,2.282581e+00,1.456137e+00,4.561395e+00,3.005680e+00,4.670744e+00,9.915926e+00,3.269437e+00,6.535738e+01,2.405040e+00,2.371547e+00,5.962103e-01,1.079197e-01,8.221459e+01
2.716381e+00,6.500000e-01,6.200000e+01,1.565512e+00,2.057468e+02,8.848056e+01,2.263507e+00,2.421302e+00,1.544632e+00,4.838609e+00,3.188347e+00,4.954603e+00,1.051855e+01,3.468133e+00,6.325202e+01,2.551203e+00,2.515675e+00,6.324443e-01,1.144784e-01,8.113371e+01
2.716381e+00,7.250000e-01,6.200000e+01,1.494814e+00,2.057468e+02,8.355567e+01,2.263507e+00,2.535818e+00,1.617686e+00,5.067452e+00,3.339141e+00,5.188932e+00,1.101603e+01,3.632160e+00,6.151401e+01,2.671864e+00,2.634655e+00,6.623560e-01,1.198927e-01,8.024142e+01
2.716381e+00,8.000000e-01,6.200000e+01,1.436896e+00,2.057468e+02,7.952105e+01,2.263507e+00,2.638031e+00,1.682891e+00,5.271710e+00,3.473734e+00,5.398086e+00,1.146006e+01,3.778564e+00,5.996273e+01,2.779560e+00,2.740852e+00,6.890540e-01,1.247253e-01,7.944499e+01
2.716381e+00,8.750000e-01,6.200000e+01,1.388417e+00,2.057468e+02,7.614393e+01,2.263507e+00,2.730143e+00,1.741653e+00,5.455781e+00,3.595026e+00,5.586571e+00,1.186021e+01,3.910500e+00,5.856475e+01,2.876614e+00,2.836555e+00,7.131136e-01,1.290803e-01,7.872728e+01
2.716381e+00,9.500000e-01,6.200000e+01,1.347055e+00,2.057468e+02,7.326266e+01,2.263507e+00,2.813972e+00,1.795130e+00,5.623301e+00,3.705411e+00,5.758106e+00,1.222438e+01,4.030571e+00,5.729248e+01,2.964941e+00,2.923651e+00,7.350098e-01,1.330437e-01,7.807410e+01
2.716381e+00,1.025000e+00,6.200000e+01,1.311146e+00,2.057468e+02,7.076121e+01,2.263507e+00,2.891040e+00,1.844294e+00,5.777308e+00,3.806892e+00,5.915805e+00,1.255918e+01,4.140958e+00,5.612284e+01,3.046142e+00,3.003722e+00,7.551397e-01,1.366874e-01,7.747361e+01
2.716381e+00,1.100000e+00,6.200000e+01,1.279462e+00,2.057468e+02,6.855408e+01,2.263507e+00,2.962632e+00,1.889965e+00,5.920374e+00,3.901164e+00,6.062301e+00,1.287018e+01,4.243502e+00,5.503629e+01,3.121575e+00,3.078105e+00,7.738395e-01,1.400723e-01,7.691578e+01
2.716381e+00,1.175000e+00,6.200000e+01,1.251078e+00,2.057468e+02,6.657679e+01,2.263507e+00,3.029848e+00,1.932844e+00,6.054695e+00,3.989673e+00,6.199842e+00,1.316218e+01,4.339779e+00,5.401615e+01,3.192398e+00,3.147941e+00,7.913964e-01,1.432502e-01,7.639204e+01
2.716381e+00,1.250000e+00,6.200000e+01,1.225282e+00,2.057468e+02,6.477985e+01,2.263507e+00,3.093634e+00,1.973536e+00,6.182163e+00,4.073667e+00,6.330365e+00,1.343928e+01,4.431142e+00,5.304807e+01,3.259606e+00,3.214214e+00,8.080573e-01,1.462660e-01,7.589503e+01
2.716381e+00,1.325000e+00,6.200000e+01,1.201523e+00,2.057468e+02,6.312475e+01,2.263507e+00,3.154809e+00,2.012561e+00,6.304411e+00,4.154221e+00,6.455544e+00,1.370503e+01,4.518766e+00,5.211962e+01,3.324063e+00,3.277773e+00,8.240362e-01,1.491584e-01,7.541837e+01
2.716381e+00,1.400000e+00,6.200000e+01,1.179365e+00,2.057468e+02,6.158120e+01,2.263507e+00,3.214081e+00,2.050373e+00,6.422859e+00,4.232270e+00,6.576831e+00,1.396252e+01,4.603664e+00,5.122005e+01,3.386516e+00,3.339356e+00,8.395182e-01,1.519608e-01,7.495653e+01
2.716381e+00,1.475000e+00,6.200000e+01,1.158465e+00,2.057468e+02,6.012529e+01,2.263507e+00,3.272066e+00,2.087364e+00,6.538733e+00,4.308625e+00,6.695484e+00,1.421442e+01,4.686719e+00,5.034001e+01,3.447612e+00,3.399602e+00,8.546639e-01,1.547023e-01,7.450472e+01
2.716381e+00,1.550000e+00,6.200000e+01,1.138552e+00,2.057468e+02,5.873813e+01,2.263507e+00,3.329294e+00,2.123872e+00,6.653095e+00,4.383982e+00,6.812587e+00,1.446303e+01,4.768689e+00,4.947146e+01,3.507910e+00,3.459060e+00,8.696118e-01,1.574080e-01,7.405881e+01
2.716381e+00,1.625000e+00,6.200000e+01,1.119412e+00,2.057468e+02,5.740486e+01,2.263507e+00,3.386217e+00,2.160185e+00,6.766847e+00,4.458938e+00,6.929066e+00,1.471031e+01,4.850222e+00,4.860754e+01,3.567887e+00,3.518203e+00,8.844801e-01,1.600993e-01,7.361528e+01
2.716381e+00,1.700000e+00,6.200000e+01,1.100881e+00,2.057468e+02,5.611396e+01,2.263507e+00,3.443218e+00,2.196547e+00,6.880753e+00,4.533995e+00,7.045703e+00,1.495793e+01,4.931866e+00,4.774245e+01,3.627945e+00,3.577425e+00,8.993685e-01,1.627942e-01,7.317115e+01
2.716381e+00,1.775000e+00,6.200000e+01,1.082833e+00,2.057468e+02,5.485668e+01,2.263507e+00,3.500609e+00,2.233159e+00,6.995440e+00,4.609567e+00,7.163139e+00,1.520725e+01,5.014069e+00,4.687143e+01,3.688416e+00,3.637053e+00,9.143591e-01,1.655077e-01,7.272397e+01
2.716381e+00,1.850000e+00,6.200000e+01,1.065174e+00,2.057468e+02,5.362659e+01,2.263507e+00,3.558641e+00,2.270180e+00,7.111409e+00,4.685983e+00,7.281888e+00,1.545935e+01,5.097192e+00,4.599068e+01,3.749562e+00,3.697347e+00,9.295171e-01,1.682514e-01,7.227179e+01
2.716381e+00,1.925000e+00,6.200000e+01,1.047842e+00,2.057468e+02,5.241920e+01,2.263507e+00,3.617504e+00,2.307731e+00,7.229039e+00,4.763494e+00,7.402338e+00,1.571506e+01,5.181504e+00,4.509731e+01,3.811583e+00,3.758505e+00,9.448922e-01,1.710344e-01,7.181314e+01
2.716381e+00,2.000000e+00,6.200000e+01,1.030795e+00,2.057468e+02,5.123168e+01,2.263507e+00,3.677330e+00,2.345895e+00,7.348591e+00,4.842272e+00,7.524756e+00,1.597496e+01,5.267195e+00,4.418934e+01,3.874618e+00,3.820663e+00,9.605186e-01,1.738630e-01,7.134699e+01
2.924491e+00,5.000000e-01,6.675000e+01,1.756911e+00,2.143521e+02,1.103296e+02,2.263507e+00,2.117956e+00,1.369499e+00,4.295326e+00,2.838205e+00,4.086847e+00,9.315789e+00,3.074151e+00,6.788994e+01,2.176441e+00,2.224827e+00,5.170660e-01,9.394822e-02,8.373221e+01
2.924491e+00,5.750000e-01,6.675000e+01,1.642793e+00,2.143521e+02,1.017710e+02,2.263507e+00,2.265081e+00,1.464632e+00,4.593703e+00,3.035362e+00,4.370742e+00,9.962915e+00,3.287699e+00,6.565940e+01,2.327629e+00,2.379376e+00,5.529843e-01,1.004744e-01,8.260216e+01
2.924491e+00,6.500000e-01,6.675000e+01,1.554314e+00,2.143521e+02,9.513521e+01,2.263507e+00,2.394021e+00,1.548006e+00,4.855200e+00,3.208150e+00,4.619546e+00,1.053005e+01,3.474851e+00,6.370456e+01,2.460129e+00,2.514822e+00,5.844629e-01,1.061939e-01,8.161179e+01
2.924491e+00,7.250000e-01,6.675000e+01,1.483616e+00,2.143522e+02,8.983302e+01,2.263507e+00,2.508102e+00,1.621772e+00,5.086562e+00,3.361026e+00,4.839679e+00,1.103184e+01,3.640436e+00,6.197500e+01,2.577360e+00,2.634660e+00,6.123140e-01,1.112543e-01,8.073555e+01
2.924491e+00,8.000000e-01,6.675000e+01,1.425698e+00,2.143522e+02,8.548928e+01,2.263507e+00,2.609992e+00,1.687655e+00,5.293200e+00,3.497565e+00,5.036287e+00,1.148000e+01,3.788326e+00,6.043026e+01,2.682064e+00,2.741691e+00,6.371888e-01,1.157739e-01,7.995294e+01
2.924491e+00,8.750000e-01,6.675000e+01,1.377218e+00,2.143522e+02,8.185344e+01,2.263507e+00,2.701866e+00,1.747062e+00,5.479525e+00,3.620683e+00,5.213569e+00,1.188410e+01,3.921678e+00,5.903737e+01,2.776475e+00,2.838201e+00,6.596183e-01,1.198492e-01,7.924727e+01
2.924491e+00,9.500000e-01,6.675000e+01,1.338583e+00,2.143522e+02,7.895589e+01,2.263507e+00,2.782166e+00,1.798986e+00,5.642379e+00,3.728291e+00,5.368518e+00,1.223730e+01,4.038232e+00,5.781994e+01,2.858993e+00,2.922554e+00,6.792225e-01,1.234112e-01,7.863049e+01
2.924491e+00,1.025000e+00,6.675000e+01,1.299948e+00,2.143522e+02,7.605833e+01,2.263507e+00,2.862467e+00,1.850909e+00,5.805233e+00,3.835899e+00,5.523468e+00,1.259050e+01,4.154786e+00,5.660252e+01,2.941511e+00,3.006907e+00,6.988266e-01,1.269732e-01,7.801371e+01
2.924491e+00,1.100000e+00,6.675000e+01,1.268264e+00,2.143522e+02,7.368211e+01,2.263507e+00,2.933977e+00,1.897149e+00,5.950259e+00,3.931728e+00,5.661456e+00,1.290504e+01,4.258581e+00,5.551836e+01,3.014996e+00,3.082026e+00,7.162848e-01,1.301452e-01,7.746445e+01
2.924491e+00,1.175000e+00,6.675000e+01,1.239880e+00,2.143522e+02,7.155333e+01,2.263507e+00,3.001144e+00,1.940580e+00,6.086478e+00,4.021736e+00,5.791063e+00,1.320048e+01,4.356072e+00,5.450004e+01,3.084018e+00,3.152582e+00,7.326826e-01,1.331246e-01,7.694854e+01
2.924491e+00,1.250000e+00,6.675000e+01,1.214084e+00,2.143522e+02,6.961872e+01,2.263507e+00,3.064909e+00,1.981811e+00,6.215796e+00,4.107186e+00,5.914104e+00,1.348094e+01,4.448625e+00,5.353331e+01,3.149544e+00,3.219565e+00,7.482497e-01,1.359531e-01,7.645877e+01
2.924491e+00,1.325000e+00,6.675000e+01,1.190325e+00,2.143522e+02,6.783682e+01,2.263507e+00,3.126086e+00,2.021369e+00,6.339866e+00,4.189167e+00,6.032152e+00,1.375003e+01,4.537422e+00,5.260582e+01,3.212410e+00,3.283829e+00,7.631851e-01,1.386668e-01,7.598888e+01
2.924491e+00,1.400000e+00,6.675000e+01,1.168167e+00,2.143522e+02,6.617501e+01,2.263507e+00,3.185382e+00,2.059710e+00,6.460122e+00,4.268627e+00,6.146571e+00,1.401084e+01,4.623488e+00,5.170684e+01,3.273344e+00,3.346117e+00,7.776613e-01,1.412970e-01,7.553343e+01
2.924491e+00,1.475000e+00,6.675000e+01,1.147267e+00,2.143522e+02,6.460756e+01,2.263507e+00,3.243410e+00,2.097232e+00,6.577806e+00,4.346389e+00,6.258544e+00,1.426608e+01,4.707715e+00,5.082708e+01,3.332975e+00,3.407074e+00,7.918280e-01,1.438711e-01,7.508772e+01
2.924491e+00,1.550000e+00,6.675000e+01,1.127354e+00,2.143522e+02,6.311412e+01,2.263507e+00,3.300701e+00,2.134277e+00,6.693994e+00,4.423162e+00,6.369092e+00,1.451807e+01,4.790869e+00,4.995851e+01,3.391847e+00,3.467255e+00,8.058145e-01,1.464123e-01,7.464768e+01
2.924491e+00,1.625000e+00,6.675000e+01,1.108214e+00,2.143522e+02,6.167871e+01,2.263507e+00,3.357705e+00,2.171137e+00,6.809602e+00,4.499552e+00,6.479089e+00,1.476880e+01,4.873610e+00,4.909427e+01,3.450426e+00,3.527136e+00,8.197312e-01,1.489409e-01,7.420984e+01
2.924491e+00,1.700000e+00,6.675000e+01,1.089683e+00,2.143522e+02,6.028891e+01,2.263507e+00,3.414806e+00,2.208059e+00,6.925405e+00,4.576071e+00,6.589272e+00,1.501996e+01,4.956490e+00,4.822857e+01,3.509103e+00,3.587119e+00,8.336715e-01,1.514738e-01,7.377125e+01
2.924491e+00,1.775000e+00,6.675000e+01,1.071634e+00,2.143522e+02,5.893531e+01,2.263507e+00,3.472318e+00,2.245247e+00,7.042043e+00,4.653141e+00,6.700248e+00,1.527292e+01,5.039967e+00,4.735663e+01,3.568204e+00,3.647534e+00,8.477123e-01,1.540249e-01,7.332951e+01
2.924491e+00,1.850000e+00,6.675000e+01,1.053976e+00,2.143522e+02,5.761098e+01,2.263507e+00,3.530493e+00,2.282864e+00,7.160025e+00,4.731100e+00,6.812504e+00,1.552881e+01,5.124407e+00,4.647465e+01,3.627985e+00,3.708644e+00,8.619148e-01,1.566055e-01,7.288267e+01
2.924491e+00,1.925000e+00,6.675000e+01,1.036644e+00,2.143522e+02,5.631109e+01,2.263507e+00,3.589522e+00,2.321033e+00,7.279738e+00,4.810202e+00,6.926406e+00,1.578844e+01,5.210085e+00,4.557973e+01,3.688644e+00,3.770652e+00,8.763256e-01,1.592238e-01,7.242928e+01
2.924491e+00,2.000000e+00,6.675000e+01,1.019596e+00,2.143522e+02,5.503259e+01,2.263507e+00,3.649537e+00,2.359839e+00,7.401451e+00,4.890626e+00,7.042212e+00,1.605242e+01,5.297195e+00,4.466985e+01,3.750316e+00,3.833695e+00,8.909773e-01,1.618860e-01,7.196831e+01
3.132601e+00,5.000000e-01,7.150000e+01,1.746318e+00,2.223536e+02,1.180550e+02,2.263507e+00,2.096284e+00,1.371821e+00,4.307280e+00,2.852975e+00,3.783418e+00,9.315387e+00,3.078698e+00,6.829930e+01,2.103783e+00,2.223435e+00,4.800659e-01,8.755899e-02,8.415047e+01
3.132601e+00,5.750000e-01,7.150000e+01,1.632448e+00,2.220524e+02,1.088822e+02,2.263507e+00,2.244680e+00,1.467931e+00,4.608766e+00,3.052252e+00,4.046039e+00,9.965324e+00,3.294432e+00,6.607569e+01,2.255179e+00,2.379415e+00,5.161739e-01,9.412130e-02,8.303473e+01
3.132601e+00,6.500000e-01,7.150000e+01,1.543721e+00,2.223536e+02,1.017794e+02,2.263507e+00,2.371399e+00,1.551857e+00,4.872564e+00,3.227398e+00,4.279951e+00,1.053793e+01,3.482744e+00,6.413892e+01,2.379882e+00,2.515238e+00,5.430693e-01,9.905017e-02,8.207039e+01
3.132601e+00,7.250000e-01,7.150000e+01,1.473023e+00,2.223536e+02,9.609989e+01,2.263507e+00,2.485214e+00,1.626339e+00,5.106423e+00,3.382297e+00,4.485367e+00,1.104370e+01,3.649898e+00,6.241776e+01,2.494104e+00,2.635957e+00,5.691340e-01,1.038041e-01,8.120986e+01
3.132601e+00,8.000000e-01,7.150000e+01,1.415353e+00,2.220524e+02,9.144183e+01,2.263507e+00,2.588977e+00,1.693106e+00,5.315740e+00,3.520469e+00,4.666314e+00,1.149395e+01,3.799786e+00,6.087236e+01,2.601029e+00,2.744404e+00,5.953106e-01,1.085518e-01,8.043284e+01
3.132601e+00,8.750000e-01,7.150000e+01,1.366626e+00,2.223536e+02,8.755247e+01,2.263507e+00,2.678698e+00,1.752956e+00,5.503978e+00,3.645622e+00,4.834570e+00,1.190350e+01,3.934057e+00,5.949184e+01,2.688280e+00,2.841177e+00,6.134432e-01,1.118856e-01,7.974697e+01
3.132601e+00,9.500000e-01,7.150000e+01,1.325264e+00,2.223536e+02,8.422971e+01,2.263507e+00,2.762300e+00,1.807665e+00,5.675757e+00,3.759401e+00,4.985457e+00,1.227500e+01,4.056838e+00,5.822758e+01,2.772181e+00,2.929849e+00,6.325887e-01,1.153776e-01,7.911488e+01
3.132601e+00,1.025000e+00,7.150000e+01,1.289356e+00,2.223536e+02,8.134498e+01,2.263507e+00,2.839230e+00,1.858009e+00,5.833827e+00,3.864101e+00,5.124302e+00,1.261686e+01,4.169822e+00,5.706421e+01,2.849387e+00,3.011446e+00,6.502064e-01,1.185909e-01,7.853323e+01
3.132601e+00,1.100000e+00,7.150000e+01,1.257672e+00,2.223536e+02,7.879966e+01,2.263507e+00,2.910757e+00,1.904817e+00,5.980796e+00,3.961448e+00,5.253396e+00,1.293471e+01,4.274870e+00,5.598256e+01,2.921170e+00,3.087312e+00,6.665867e-01,1.215784e-01,7.799242e+01
3.132601e+00,1.175000e+00,7.150000e+01,1.229287e+00,2.223536e+02,7.651940e+01,2.263507e+00,2.977967e+00,1.948799e+00,6.118893e+00,4.052918e+00,5.374698e+00,1.323338e+01,4.373577e+00,5.496619e+01,2.988620e+00,3.158599e+00,6.819783e-01,1.243857e-01,7.748427e+01
3.132601e+00,1.250000e+00,7.150000e+01,1.203492e+00,2.223536e+02,7.444712e+01,2.263507e+00,3.041796e+00,1.990569e+00,6.250045e+00,4.139787e+00,5.489898e+00,1.351702e+01,4.467320e+00,5.400094e+01,3.052678e+00,3.226300e+00,6.965957e-01,1.270518e-01,7.700167e+01
3.132601e+00,1.325000e+00,7.150000e+01,1.179732e+00,2.223536e+02,7.253841e+01,2.263507e+00,3.103057e+00,2.030659e+00,6.375918e+00,4.223161e+00,5.600463e+00,1.378925e+01,4.557290e+00,5.307453e+01,3.114158e+00,3.291277e+00,7.106249e-01,1.296105e-01,7.653849e+01
3.132601e+00,1.400000e+00,7.150000e+01,1.157574e+00,2.223536e+02,7.075835e+01,2.263507e+00,3.162455e+00,2.069529e+00,6.497964e+00,4.304000e+00,5.707665e+00,1.405320e+01,4.644524e+00,5.217630e+01,3.173768e+00,3.354278e+00,7.242274e-01,1.320915e-01,7.608940e+01
3.132601e+00,1.475000e+00,7.150000e+01,1.136674e+00,2.223536e+02,6.907936e+01,2.263507e+00,3.220602e+00,2.107581e+00,6.617441e+00,4.383137e+00,5.812611e+00,1.431159e+01,4.729923e+00,5.129697e+01,3.232124e+00,3.415953e+00,7.375437e-01,1.345203e-01,7.564975e+01
3.132601e+00,1.550000e+00,7.150000e+01,1.116761e+00,2.223536e+02,6.747965e+01,2.263507e+00,3.278029e+00,2.145162e+00,6.735437e+00,4.461293e+00,5.916256e+00,1.456678e+01,4.814262e+00,5.042855e+01,3.289756e+00,3.476863e+00,7.506949e-01,1.369189e-01,7.521556e+01
3.132601e+00,1.625000e+00,7.150000e+01,1.097622e+00,2.223536e+02,6.594209e+01,2.263507e+00,3.335189e+00,2.182567e+00,6.852884e+00,4.539085e+00,6.019419e+00,1.482078e+01,4.898209e+00,4.956416e+01,3.347120e+00,3.537490e+00,7.637848e-01,1.393064e-01,7.478339e+01
3.132601e+00,1.700000e+00,7.150000e+01,1.079090e+00,2.223536e+02,6.445339e+01,2.263507e+00,3.392463e+00,2.220048e+00,6.970568e+00,4.617034e+00,6.122789e+00,1.507530e+01,4.982325e+00,4.869803e+01,3.404600e+00,3.598239e+00,7.769012e-01,1.416987e-01,7.435035e+01
3.132601e+00,1.775000e+00,7.150000e+01,1.061042e+00,2.223536e+02,6.300347e+01,2.263507e+00,3.450170e+00,2.257811e+00,7.089138e+00,4.695571e+00,6.226939e+00,1.533173e+01,5.067075e+00,4.782538e+01,3.462513e+00,3.659446e+00,7.901164e-01,1.441090e-01,7.391405e+01
3.132601e+00,1.850000e+00,7.150000e+01,1.043383e+00,2.223536e+02,6.158489e+01,2.263507e+00,3.508560e+00,2.296023e+00,7.209115e+00,4.775038e+00,6.332324e+00,1.559121e+01,5.152831e+00,4.694237e+01,3.521113e+00,3.721379e+00,8.034883e-01,1.465479e-01,7.347257e+01
3.132601e+00,1.925000e+00,7.150000e+01,1.026051e+00,2.223536e+02,6.019250e+01,2.263507e+00,3.567828e+00,2.334807e+00,7.330893e+00,4.855699e+00,6.439291e+00,1.585458e+01,5.239874e+00,4.604611e+01,3.580592e+00,3.784241e+00,8.170610e-01,1.490234e-01,7.302446e+01
3.132601e+00,2.000000e+00,7.150000e+01,1.009004e+00,2.223536e+02,5.882302e+01,2.263507e+00,3.628106e+00,2.374254e+00,7.454748e+00,4.937736e+00,6.548083e+00,1.612244e+01,5.328401e+00,4.513456e+01,3.641087e+00,3.848176e+00,8.308652e-01,1.515411e-01,7.256871e+01
3.340711e+00,5.000000e-01,7.625000e+01,1.736425e+00,2.294520e+02,1.257648e+02,2.263507e+00,2.079524e+00,1.374693e+00,4.320209e+00,2.867286e+00,3.475173e+00,9.311561e+00,3.084586e+00,6.868862e+01,2.042691e+00,2.223493e+00,4.498234e-01,8.234017e-02,8.454799e+01
3.340711e+00,5.750000e-01,7.625000e+01,1.622103e+00,2.297526e+02,1.159933e+02,2.263507e+00,2.224278e+00,1.471229e+00,4.623829e+00,3.069143e+00,3.721337e+00,9.967732e+00,3.301166e+00,6.649197e+01,2.182729e+00,2.379454e+00,4.793635e-01,8.776823e-02,8.346730e+01
3.340711e+00,6.500000e-01,7.625000e+01,1.533623e+00,2.297526e+02,1.084131e+02,2.263507e+00,2.352604e+00,1.556109e+00,4.890592e+00,3.246211e+00,3.936032e+00,1.054280e+01,3.491620e+00,6.455879e+01,2.308657e+00,2.516732e+00,5.070195e-01,9.283184e-02,8.251348e+01
3.340711e+00,7.250000e-01,7.625000e+01,1.462925e+00,2.297526e+02,1.023563e+02,2.263507e+00,2.466296e+00,1.631310e+00,5.126936e+00,3.403088e+00,4.126246e+00,1.105229e+01,3.660357e+00,6.284605e+01,2.420226e+00,2.638357e+00,5.315218e-01,9.731806e-02,8.166842e+01
3.340711e+00,8.000000e-01,7.625000e+01,1.405007e+00,2.297526e+02,9.739437e+01,2.263507e+00,2.567963e+00,1.698557e+00,5.338281e+00,3.543372e+00,4.296340e+00,1.150790e+01,3.811246e+00,6.131447e+01,2.519994e+00,2.747117e+00,5.534325e-01,1.013298e-01,8.091274e+01
3.340711e+00,8.750000e-01,7.625000e+01,1.356528e+00,2.297526e+02,9.324106e+01,2.263507e+00,2.659736e+00,1.759259e+00,5.529059e+00,3.670004e+00,4.449882e+00,1.191916e+01,3.947452e+00,5.993193e+01,2.610053e+00,2.845293e+00,5.732109e-01,1.049511e-01,8.023061e+01
3.340711e+00,9.500000e-01,7.625000e+01,1.315167e+00,2.297526e+02,8.969756e+01,2.263507e+00,2.743384e+00,1.814587e+00,5.702945e+00,3.785424e+00,4.589828e+00,1.229402e+01,4.071597e+00,5.867181e+01,2.692138e+00,2.934776e+00,5.912381e-01,1.082517e-01,7.960887e+01
3.340711e+00,1.025000e+00,7.625000e+01,1.279258e+00,2.297526e+02,8.662119e+01,2.263507e+00,2.820390e+00,1.865523e+00,5.863027e+00,3.891681e+00,4.718665e+00,1.263911e+01,4.185887e+00,5.751173e+01,2.767707e+00,3.017156e+00,6.078341e-01,1.112903e-01,7.903649e+01
3.340711e+00,1.100000e+00,7.625000e+01,1.247574e+00,2.297526e+02,8.390677e+01,2.263507e+00,2.892018e+00,1.912900e+00,6.011927e+00,3.990516e+00,4.838502e+00,1.296010e+01,4.292193e+00,5.643268e+01,2.837997e+00,3.093781e+00,6.232709e-01,1.141167e-01,7.850409e+01
3.340711e+00,1.175000e+00,7.625000e+01,1.219189e+00,2.297526e+02,8.147502e+01,2.263507e+00,2.959348e+00,1.957435e+00,6.151893e+00,4.083420e+00,4.951149e+00,1.326183e+01,4.392121e+00,5.541837e+01,2.904069e+00,3.165808e+00,6.377815e-01,1.167735e-01,7.800364e+01
3.340711e+00,1.250000e+00,7.625000e+01,1.193394e+00,2.297526e+02,7.926508e+01,2.263507e+00,3.023315e+00,1.999746e+00,6.284867e+00,4.171684e+00,5.058169e+00,1.354848e+01,4.487058e+00,5.445473e+01,2.966841e+00,3.234238e+00,6.515673e-01,1.192976e-01,7.752818e+01
3.340711e+00,1.325000e+00,7.625000e+01,1.169634e+00,2.297526e+02,7.722957e+01,2.263507e+00,3.084729e+00,2.040367e+00,6.412535e+00,4.256426e+00,5.160918e+00,1.382370e+01,4.578206e+00,5.352955e+01,3.027108e+00,3.299937e+00,6.648029e-01,1.217209e-01,7.707170e+01
3.340711e+00,1.400000e+00,7.625000e+01,1.147476e+00,2.297526e+02,7.533125e+01,2.263507e+00,3.144296e+00,2.079767e+00,6.536362e+00,4.338618e+00,5.260576e+00,1.409064e+01,4.666611e+00,5.263220e+01,3.085562e+00,3.363660e+00,6.776403e-01,1.240714e-01,7.662895e+01
3.340711e+00,1.475000e+00,7.625000e+01,1.126576e+00,2.297526e+02,7.354072e+01,2.263507e+00,3.202628e+00,2.118350e+00,6.657622e+00,4.419107e+00,5.358169e+00,1.435204e+01,4.753185e+00,5.175345e+01,3.142805e+00,3.426061e+00,6.902117e-01,1.263731e-01,7.619538e+01
3.340711e+00,1.550000e+00,7.625000e+01,1.106663e+00,2.297526e+02,7.183473e+01,2.263507e+00,3.260255e+00,2.156467e+00,6.777418e+00,4.498623e+00,5.454582e+00,1.461029e+01,4.838713e+00,5.088531e+01,3.199356e+00,3.487709e+00,7.026312e-01,1.286470e-01,7.576705e+01
3.340711e+00,1.625000e+00,7.625000e+01,1.087524e+00,2.297526e+02,7.019503e+01,2.263507e+00,3.317633e+00,2.194419e+00,6.896694e+00,4.577795e+00,5.550578e+00,1.486742e+01,4.923869e+00,5.002094e+01,3.255661e+00,3.549090e+00,7.149968e-01,1.309111e-01,7.534057e+01
3.340711e+00,1.700000e+00,7.625000e+01,1.068993e+00,2.297526e+02,6.860743e+01,2.263507e+00,3.375144e+00,2.232460e+00,7.016249e+00,4.657151e+00,5.646797e+00,1.512515e+01,5.009225e+00,4.915455e+01,3.312099e+00,3.610614e+00,7.273913e-01,1.331805e-01,7.491310e+01
3.340711e+00,1.775000e+00,7.625000e+01,1.050944e+00,2.297526e+02,6.706118e+01,2.263507e+00,3.433107e+00,2.270799e+00,7.136743e+00,4.737131e+00,5.743773e+00,1.538490e+01,5.095251e+00,4.828135e+01,3.368979e+00,3.672621e+00,7.398832e-01,1.354676e-01,7.448226e+01
3.340711e+00,1.850000e+00,7.625000e+01,1.033286e+00,2.297526e+02,6.554836e+01,2.263507e+00,3.491777e+00,2.309606e+00,7.258705e+00,4.818086e+00,5.841931e+00,1.564782e+01,5.182326e+00,4.739750e+01,3.426553e+00,3.735385e+00,7.525274e-01,1.377827e-01,7.404618e+01
3.340711e+00,1.925000e+00,7.625000e+01,1.015953e+00,2.297526e+02,6.406347e+01,2.263507e+00,3.551347e+00,2.349008e+00,7.382540e+00,4.900283e+00,5.941595e+00,1.591477e+01,5.270737e+00,4.650010e+01,3.485011e+00,3.799111e+00,7.653656e-01,1.401333e-01,7.360340e+01
3.340711e+00,2.000000e+00,7.625000e+01,9.989061e-01,2.297526e+02,6.260301e+01,2.263507e+00,3.611954e+00,2.389095e+00,7.508529e+00,4.983910e+00,6.042993e+00,1.618637e+01,5.360687e+00,4.558708e+01,3.544485e+00,3.863946e+00,7.784271e-01,1.425248e-01,7.315293e+01
3.548821e+00,5.000000e-01,8.100000e+01,1.726532e+00,2.365505e+02,1.334745e+02,2.263507e+00,2.062763e+00,1.377565e+00,4.333137e+00,2.881596e+00,3.166929e+00,9.307736e+00,3.090475e+00,6.907795e+01,1.981599e+00,2.223551e+00,4.195810e-01,7.712134e-02,8.494552e+01
3.548821e+00,5.750000e-01,8.100000e+01,1.612414e+00,2.365505e+02,1.230888e+02,2.263507e+00,2.208754e+00,1.475061e+00,4.639812e+00,3.085539e+00,3.391066e+00,9.966484e+00,3.309201e+00,6.688946e+01,2.121846e+00,2.380922e+00,4.492766e-01,8.257955e-02,8.388004e+01
3.548821e+00,6.500000e-01,8.100000e+01,1.524106e+00,2.362505e+02,1.150312e+02,2.263507e+00,2.338335e+00,1.560850e+00,4.909456e+00,3.264552e+00,3.585928e+00,1.054406e+01,3.501694e+00,6.496241e+01,2.248278e+00,2.519563e+00,4.771873e-01,8.769031e-02,8.293912e+01
3.548821e+00,7.250000e-01,8.100000e+01,1.453237e+00,2.365505e+02,1.086023e+02,2.263507e+00,2.450685e+00,1.636628e+00,5.148024e+00,3.423506e+00,3.762499e+00,1.105814e+01,3.671667e+00,6.326277e+01,2.354258e+00,2.641711e+00,4.984871e-01,9.162472e-02,8.211438e+01
3.548821e+00,8.000000e-01,8.100000e+01,1.395319e+00,2.365505e+02,1.033313e+02,2.263507e+00,2.552410e+00,1.704563e+00,5.361712e+00,3.565612e+00,3.918676e+00,1.151715e+01,3.824074e+00,6.173785e+01,2.451980e+00,2.751366e+00,5.191787e-01,9.542795e-02,8.137197e+01
3.548821e+00,8.750000e-01,8.100000e+01,1.346839e+00,2.365505e+02,9.891923e+01,2.263507e+00,2.644284e+00,1.765918e+00,5.554706e+00,3.693956e+00,4.059728e+00,1.193171e+01,3.961720e+00,6.036061e+01,2.540239e+00,2.850401e+00,5.378664e-01,9.886286e-02,8.070146e+01
3.548821e+00,9.500000e-01,8.100000e+01,1.305478e+00,2.365505e+02,9.515499e+01,2.263507e+00,2.728062e+00,1.821868e+00,5.730695e+00,3.810991e+00,4.188352e+00,1.230974e+01,4.087239e+00,5.910472e+01,2.620721e+00,2.940710e+00,5.549076e-01,1.019951e-01,8.009002e+01
3.548821e+00,1.025000e+00,8.100000e+01,1.269569e+00,2.365505e+02,9.188697e+01,2.263507e+00,2.805223e+00,1.873398e+00,5.892783e+00,3.918782e+00,4.306816e+00,1.265791e+01,4.202844e+00,5.794803e+01,2.694846e+00,3.023886e+00,5.706027e-01,1.048800e-01,7.952689e+01
3.548821e+00,1.100000e+00,8.100000e+01,1.237885e+00,2.365505e+02,8.900346e+01,2.263507e+00,2.877023e+00,1.921348e+00,6.043610e+00,4.019083e+00,4.417050e+00,1.298189e+01,4.310416e+00,5.687170e+01,2.763821e+00,3.101283e+00,5.852073e-01,1.075644e-01,7.900287e+01
3.548821e+00,1.175000e+00,8.100000e+01,1.209501e+00,2.365505e+02,8.642022e+01,2.263507e+00,2.944541e+00,1.966437e+00,6.185440e+00,4.113403e+00,4.520709e+00,1.328655e+01,4.411572e+00,5.585957e+01,2.828682e+00,3.174063e+00,5.989409e-01,1.100887e-01,7.851011e+01
3.548821e+00,1.250000e+00,8.100000e+01,1.183705e+00,2.365505e+02,8.407261e+01,2.263507e+00,3.008709e+00,2.009290e+00,6.320234e+00,4.203042e+00,4.619224e+00,1.357609e+01,4.507710e+00,5.489766e+01,2.890325e+00,3.243233e+00,6.119931e-01,1.124878e-01,7.804180e+01
3.548821e+00,1.325000e+00,8.100000e+01,1.160117e+00,2.362505e+02,8.190510e+01,2.263507e+00,3.072003e+00,2.050614e+00,6.449956e+00,4.288925e+00,4.710192e+00,1.385249e+01,4.600454e+00,5.396962e+01,2.953571e+00,3.310141e+00,6.268385e-01,1.151919e-01,7.758699e+01
3.548821e+00,1.400000e+00,8.100000e+01,1.137788e+00,2.365505e+02,7.989373e+01,2.263507e+00,3.130130e+00,2.090379e+00,6.575298e+00,4.372663e+00,4.805641e+00,1.412398e+01,4.689626e+00,5.307748e+01,3.006969e+00,3.374120e+00,6.366911e-01,1.170274e-01,7.715564e+01
3.548821e+00,1.475000e+00,8.100000e+01,1.116888e+00,2.365505e+02,7.799165e+01,2.263507e+00,3.188703e+00,2.129495e+00,6.698339e+00,4.454487e+00,4.895567e+00,1.438827e+01,4.777381e+00,5.219944e+01,3.063238e+00,3.437259e+00,6.486052e-01,1.192173e-01,7.672817e+01
3.548821e+00,1.550000e+00,8.100000e+01,1.096975e+00,2.365505e+02,7.617939e+01,2.263507e+00,3.246587e+00,2.168151e+00,6.819932e+00,4.535348e+00,4.984435e+00,1.464946e+01,4.864103e+00,5.133173e+01,3.118844e+00,3.499654e+00,6.603791e-01,1.213814e-01,7.630572e+01
3.548821e+00,1.625000e+00,8.100000e+01,1.077835e+00,2.365505e+02,7.443754e+01,2.263507e+00,3.304237e+00,2.206651e+00,6.941035e+00,4.615883e+00,5.072944e+00,1.490959e+01,4.950476e+00,5.046751e+01,3.174226e+00,3.561799e+00,6.721056e-01,1.235368e-01,7.588498e+01
3.548821e+00,1.700000e+00,8.100000e+01,1.059304e+00,2.365505e+02,7.275104e+01,2.263507e+00,3.362040e+00,2.245254e+00,7.062459e+00,4.696632e+00,5.161689e+00,1.517042e+01,5.037078e+00,4.960101e+01,3.229755e+00,3.624108e+00,6.838632e-01,1.256979e-01,7.546312e+01
3.548821e+00,1.775000e+00,8.100000e+01,1.041255e+00,2.365505e+02,7.110847e+01,2.263507e+00,3.420316e+00,2.284172e+00,7.184875e+00,4.778040e+00,5.251158e+00,1.543337e+01,5.124388e+00,4.872742e+01,3.285738e+00,3.686926e+00,6.957168e-01,1.278767e-01,7.503781e+01
3.548821e+00,1.850000e+00,8.100000e+01,1.023597e+00,2.365505e+02,6.950141e+01,2.263507e+00,3.479320e+00,2.323576e+00,7.308822e+00,4.860467e+00,5.341747e+00,1.569962e+01,5.212790e+00,4.784291e+01,3.342421e+00,3.750530e+00,7.077187e-01,1.300827e-01,7.460718e+01
3.548821e+00,1.925000e+00,8.100000e+01,1.006265e+00,2.365505e+02,6.792402e+01,2.263507e+00,3.539249e+00,2.363598e+00,7.434712e+00,4.944186e+00,5.433755e+00,1.597003e+01,5.302577e+00,4.694454e+01,3.399992e+00,3.815131e+00,7.199088e-01,1.323233e-01,7.416981e+01
3.548821e+00,2.000000e+00,8.100000e+01,9.892175e-01,2.365505e+02,6.637258e+01,2.263507e+00,3.600241e+00,2.404330e+00,7.562834e+00,5.029389e+00,5.527394e+00,1.624524e+01,5.393955e+00,4.603024e+01,3.458584e+00,3.880877e+00,7.323149e-01,1.346036e-01,7.372468e+01
3.756930e+00,5.000000e-01,8.575000e+01,1.717186e+00,2.427483e+02,1.411687e+02,2.263507e+00,2.049869e+00,1.380880e+00,4.346868e+00,2.895571e+00,2.854055e+00,9.301159e+00,3.097442e+00,6.945221e+01,1.929767e+00,2.224796e+00,3.945753e-01,7.280951e-02,8.532742e+01
3.756930e+00,5.750000e-01,8.575000e+01,1.603068e+00,2.427483e+02,1.301740e+02,2.263507e+00,2.195793e+00,1.479180e+00,4.656308e+00,3.101698e+00,3.057227e+00,9.963280e+00,3.317940e+00,6.727760e+01,2.067141e+00,2.383173e+00,4.226639e-01,7.799260e-02,8.428293e+01
3.756930e+00,6.500000e-01,8.575000e+01,1.514589e+00,2.427483e+02,1.216493e+02,2.263507e+00,2.324067e+00,1.565591e+00,4.928321e+00,3.282893e+00,3.235824e+00,1.054532e+01,3.511768e+00,6.536602e+01,2.187899e+00,2.522393e+00,4.473551e-01,8.254878e-02,8.336477e+01
3.756930e+00,7.250000e-01,8.575000e+01,1.443891e+00,2.427483e+02,1.148379e+02,2.263507e+00,2.437861e+00,1.642248e+00,5.169628e+00,3.443635e+00,3.394261e+00,1.106165e+01,3.683716e+00,6.367023e+01,2.295026e+00,2.645899e+00,4.692591e-01,8.659064e-02,8.255025e+01
3.756930e+00,8.000000e-01,8.575000e+01,1.385973e+00,2.427483e+02,1.092578e+02,2.263507e+00,2.539736e+00,1.710875e+00,5.385660e+00,3.587540e+00,3.536103e+00,1.152390e+01,3.837653e+00,6.215205e+01,2.390933e+00,2.756467e+00,4.888688e-01,9.020915e-02,8.182105e+01
3.756930e+00,8.750000e-01,8.575000e+01,1.337493e+00,2.427483e+02,1.045870e+02,2.263507e+00,2.631792e+00,1.772888e+00,5.580871e+00,3.717575e+00,3.664274e+00,1.194160e+01,3.976754e+00,6.078020e+01,2.477595e+00,2.856379e+00,5.065885e-01,9.347890e-02,8.116213e+01
3.756930e+00,9.500000e-01,8.575000e+01,1.296132e+00,2.427483e+02,1.006020e+02,2.263507e+00,2.715776e+00,1.829464e+00,5.758964e+00,3.836208e+00,3.781206e+00,1.232267e+01,4.103658e+00,5.952865e+01,2.556659e+00,2.947531e+00,5.227544e-01,9.646194e-02,8.056098e+01
3.756930e+00,1.025000e+00,8.575000e+01,1.260223e+00,2.427483e+02,9.714235e+01,2.263507e+00,2.793159e+00,1.881592e+00,5.923060e+00,3.945516e+00,3.888947e+00,1.267380e+01,4.220587e+00,5.837546e+01,2.629508e+00,3.031518e+00,5.376498e-01,9.921052e-02,8.000709e+01
3.756930e+00,1.100000e+00,8.575000e+01,1.228539e+00,2.427483e+02,9.408974e+01,2.263507e+00,2.865195e+00,1.930118e+00,6.075814e+00,4.047271e+00,3.989243e+00,1.300065e+01,4.329436e+00,5.730196e+01,2.697323e+00,3.109700e+00,5.515157e-01,1.017691e-01,7.949147e+01
3.756930e+00,1.175000e+00,8.575000e+01,1.200155e+00,2.427483e+02,9.135502e+01,2.263507e+00,2.932958e+00,1.975767e+00,6.219511e+00,4.142991e+00,4.083591e+00,1.330812e+01,4.431830e+00,5.629213e+01,2.761117e+00,3.183247e+00,5.645594e-01,1.041761e-01,7.900643e+01
3.756930e+00,1.250000e+00,8.575000e+01,1.174359e+00,2.427483e+02,8.886974e+01,2.263507e+00,2.997382e+00,2.019166e+00,6.356126e+00,4.233994e+00,4.173289e+00,1.360044e+01,4.529177e+00,5.533206e+01,2.821766e+00,3.253169e+00,5.769602e-01,1.064643e-01,7.854530e+01
3.756930e+00,1.325000e+00,8.575000e+01,1.150600e+00,2.427483e+02,8.658062e+01,2.263507e+00,3.059277e+00,2.060861e+00,6.487377e+00,4.321424e+00,4.259466e+00,1.388129e+01,4.622703e+00,5.440969e+01,2.880034e+00,3.320346e+00,5.888742e-01,1.086628e-01,7.810227e+01
3.756930e+00,1.400000e+00,8.575000e+01,1.128442e+00,2.427483e+02,8.444580e+01,2.263507e+00,3.119348e+00,2.101327e+00,6.614763e+00,4.406279e+00,4.343104e+00,1.415386e+01,4.713473e+00,5.351448e+01,2.936586e+00,3.385544e+00,6.004373e-01,1.107965e-01,7.767229e+01
3.756930e+00,1.475000e+00,8.575000e+01,1.107542e+00,2.427483e+02,8.243218e+01,2.263507e+00,3.178212e+00,2.140980e+00,6.739587e+00,4.489428e+00,4.425061e+00,1.442095e+01,4.802419e+00,5.263728e+01,2.992001e+00,3.449431e+00,6.117678e-01,1.128872e-01,7.725095e+01
3.756930e+00,1.550000e+00,8.575000e+01,1.087628e+00,2.427483e+02,8.051364e+01,2.263507e+00,3.236401e+00,2.180179e+00,6.862980e+00,4.571624e+00,4.506078e+00,1.468498e+01,4.890345e+00,5.177013e+01,3.046781e+00,3.512586e+00,6.229685e-01,1.149541e-01,7.683445e+01
3.756930e+00,1.625000e+00,8.575000e+01,1.068489e+00,2.427483e+02,7.866965e+01,2.263507e+00,3.294373e+00,2.219232e+00,6.985913e+00,4.653513e+00,4.586793e+00,1.494802e+01,4.977943e+00,5.090621e+01,3.101357e+00,3.575505e+00,6.341274e-01,1.170132e-01,7.641949e+01
3.756930e+00,1.700000e+00,8.575000e+01,1.049958e+00,2.427483e+02,7.688425e+01,2.263507e+00,3.352517e+00,2.258400e+00,7.109210e+00,4.735644e+00,4.667747e+00,1.521185e+01,5.065801e+00,5.003973e+01,3.156094e+00,3.638611e+00,6.453193e-01,1.190784e-01,7.600331e+01
3.756930e+00,1.775000e+00,8.575000e+01,1.032054e+00,2.424487e+02,7.514016e+01,2.263507e+00,3.412714e+00,2.298067e+00,7.233835e+00,4.818305e+00,4.744913e+00,1.547624e+01,5.154812e+00,4.916304e+01,3.215091e+00,3.702719e+00,6.587342e-01,1.215296e-01,7.557990e+01
3.756930e+00,1.850000e+00,8.575000e+01,1.014251e+00,2.427483e+02,7.344406e+01,2.263507e+00,3.470542e+00,2.337907e+00,7.359490e+00,4.902363e+00,4.832075e+00,1.574738e+01,5.244143e+00,4.828088e+01,3.267205e+00,3.766709e+00,6.680378e-01,1.232705e-01,7.515851e+01
3.756930e+00,1.925000e+00,8.575000e+01,9.969186e-01,2.427483e+02,7.177416e+01,2.263507e+00,3.530881e+00,2.378553e+00,7.487441e+00,4.987595e+00,4.916085e+00,1.602116e+01,5.335316e+00,4.738170e+01,3.324008e+00,3.832196e+00,6.796522e-01,1.254137e-01,7.472662e+01
3.756930e+00,2.000000e+00,8.575000e+01,9.798714e-01,2.427483e+02,7.013174e+01,2.263507e+00,3.592308e+00,2.419933e+00,7.617702e+00,5.074365e+00,5.001611e+00,1.629989e+01,5.428137e+00,4.646628e+01,3.381837e+00,3.898867e+00,6.914763e-01,1.275956e-01,7.428693e+01
3.965040e+00,5.000000e-01,9.050000e+01,1.708253e+00,2.480476e+02,1.488473e+02,2.263507e+00,2.039916e+00,1.384545e+00,4.361252e+00,2.909324e+00,2.536699e+00,9.292426e+00,3.105258e+00,6.981583e+01,1.885106e+00,2.226989e+00,3.734775e-01,6.917457e-02,8.569829e+01
3.965040e+00,5.750000e-01,9.050000e+01,1.594012e+00,2.483469e+02,1.372487e+02,2.263507e+00,2.185011e+00,1.483552e+00,4.673263e+00,3.117673e+00,2.719891e+00,9.958386e+00,3.327291e+00,6.765820e+01,2.017742e+00,2.386112e+00,3.989690e-01,7.391100e-02,8.467783e+01
3.965040e+00,6.500000e-01,9.050000e+01,1.505532e+00,2.483469e+02,1.282519e+02,2.263507e+00,2.313423e+00,1.570740e+00,4.947909e+00,3.300897e+00,2.879738e+00,1.054364e+01,3.522834e+00,6.575749e+01,2.136324e+00,2.526342e+00,4.224162e-01,7.825471e-02,8.377736e+01
3.965040e+00,7.250000e-01,9.050000e+01,1.434958e+00,2.480476e+02,1.210579e+02,2.263507e+00,2.428431e+00,1.648253e+00,5.191922e+00,3.463457e+00,3.019468e+00,1.106227e+01,3.696701e+00,6.406732e+01,2.244095e+00,2.651150e+00,4.445858e-01,8.234540e-02,8.297480e+01
3.965040e+00,8.000000e-01,9.050000e+01,1.377040e+00,2.480476e+02,1.151687e+02,2.263507e+00,2.530572e+00,1.717582e+00,5.410309e+00,3.609141e+00,3.146369e+00,1.152757e+01,3.852194e+00,6.255604e+01,2.338471e+00,2.762663e+00,4.632790e-01,8.580781e-02,8.225881e+01
3.965040e+00,8.750000e-01,9.050000e+01,1.328437e+00,2.483469e+02,1.102444e+02,2.263507e+00,2.621827e+00,1.780136e+00,5.607518e+00,3.740942e+00,3.263638e+00,1.194922e+01,3.992466e+00,6.119259e+01,2.421120e+00,2.863132e+00,4.787288e-01,8.868691e-02,8.161470e+01
3.965040e+00,9.500000e-01,9.050000e+01,1.287075e+00,2.483469e+02,1.060386e+02,2.263507e+00,2.706082e+00,1.837342e+00,5.787721e+00,3.861161e+00,3.368518e+00,1.233321e+01,4.120767e+00,5.994548e+01,2.498925e+00,2.955141e+00,4.941132e-01,9.153694e-02,8.102387e+01
3.965040e+00,1.025000e+00,9.050000e+01,1.251167e+00,2.483469e+02,1.023873e+02,2.263507e+00,2.783747e+00,1.890075e+00,5.953830e+00,3.971977e+00,3.465195e+00,1.268718e+01,4.239034e+00,5.879590e+01,2.570644e+00,3.039955e+00,5.082943e-01,9.416407e-02,8.047926e+01
3.965040e+00,1.100000e+00,9.050000e+01,1.219483e+00,2.483469e+02,9.916564e+01,2.263507e+00,2.856072e+00,1.939181e+00,6.108519e+00,4.075175e+00,3.555226e+00,1.301681e+01,4.349170e+00,5.772536e+01,2.637433e+00,3.118937e+00,5.215005e-01,9.661059e-02,7.997208e+01
3.965040e+00,1.175000e+00,9.050000e+01,1.191098e+00,2.483469e+02,9.627943e+01,2.263507e+00,2.924134e+00,1.985393e+00,6.254088e+00,4.172288e+00,3.639949e+00,1.332701e+01,4.452813e+00,5.671794e+01,2.700285e+00,3.193263e+00,5.339281e-01,9.891286e-02,7.949480e+01
3.965040e+00,1.250000e+00,9.050000e+01,1.165303e+00,2.483469e+02,9.365648e+01,2.263507e+00,2.988863e+00,2.029342e+00,6.392529e+00,4.264647e+00,3.720523e+00,1.362202e+01,4.551382e+00,5.575984e+01,2.760059e+00,3.263950e+00,5.457473e-01,1.011024e-01,7.904090e+01
3.965040e+00,1.325000e+00,9.050000e+01,1.141543e+00,2.483469e+02,9.124056e+01,2.263507e+00,3.051072e+00,2.071580e+00,6.525580e+00,4.353408e+00,3.797960e+00,1.390554e+01,4.646111e+00,5.483905e+01,2.817505e+00,3.331884e+00,5.571061e-01,1.032067e-01,7.860467e+01
3.965040e+00,1.400000e+00,9.050000e+01,1.119509e+00,2.480477e+02,8.898229e+01,2.263507e+00,3.112722e+00,2.112730e+00,6.655013e+00,4.439475e+00,3.869486e+00,1.417953e+01,4.738431e+00,5.394268e+01,2.876349e+00,3.398236e+00,5.698108e-01,1.055401e-01,7.817819e+01
3.965040e+00,1.475000e+00,9.050000e+01,1.098485e+00,2.483469e+02,8.686232e+01,2.263507e+00,3.170666e+00,2.152780e+00,6.781366e+00,4.524051e+00,3.946830e+00,1.445060e+01,4.828227e+00,5.306885e+01,2.927944e+00,3.462486e+00,5.789432e-01,1.072521e-01,7.776602e+01
3.965040e+00,1.550000e+00,9.050000e+01,1.078572e+00,2.483469e+02,8.483751e+01,2.263507e+00,3.229204e+00,2.192526e+00,6.906566e+00,4.607576e+00,4.019698e+00,1.471739e+01,4.917368e+00,5.220239e+01,2.982001e+00,3.526412e+00,5.896319e-01,1.092323e-01,7.735553e+01
3.965040e+00,1.625000e+00,9.050000e+01,1.059433e+00,2.483469e+02,8.289137e+01,2.263507e+00,3.287542e+00,2.232135e+00,7.031338e+00,4.690815e+00,4.092317e+00,1.498327e+01,5.006203e+00,5.133890e+01,3.035873e+00,3.590119e+00,6.002840e-01,1.112056e-01,7.694644e+01
3.965040e+00,1.700000e+00,9.050000e+01,1.040901e+00,2.483469e+02,8.100707e+01,2.263507e+00,3.346070e+00,2.271874e+00,7.156516e+00,4.774325e+00,4.165172e+00,1.525002e+01,5.095328e+00,5.047259e+01,3.089921e+00,3.654034e+00,6.109708e-01,1.131854e-01,7.653602e+01
3.965040e+00,1.775000e+00,9.050000e+01,1.022853e+00,2.483469e+02,7.917185e+01,2.263507e+00,3.405112e+00,2.311961e+00,7.282795e+00,4.858569e+00,4.238668e+00,1.551911e+01,5.185237e+00,4.959866e+01,3.144443e+00,3.718511e+00,6.217515e-01,1.151826e-01,7.612199e+01
3.965040e+00,1.850000e+00,9.050000e+01,1.005194e+00,2.483469e+02,7.737631e+01,2.263507e+00,3.464929e+00,2.352576e+00,7.410731e+00,4.943920e+00,4.313128e+00,1.579173e+01,5.276326e+00,4.871326e+01,3.199682e+00,3.783834e+00,6.326738e-01,1.172060e-01,7.570253e+01
3.965040e+00,1.925000e+00,9.050000e+01,9.878621e-01,2.483469e+02,7.561392e+01,2.263507e+00,3.525722e+00,2.393852e+00,7.540755e+00,5.030662e+00,4.388803e+00,1.606880e+01,5.368900e+00,4.781342e+01,3.255821e+00,3.850223e+00,6.437742e-01,1.192624e-01,7.527622e+01
3.965040e+00,2.000000e+00,9.050000e+01,9.708150e-01,2.483469e+02,7.388052e+01,2.263507e+00,3.587633e+00,2.435887e+00,7.673167e+00,5.118998e+00,4.465869e+00,1.635096e+01,5.463176e+00,4.689705e+01,3.312992e+00,3.917831e+00,6.550786e-01,1.213566e-01,7.484208e+01
4.173150e+00,5.000000e-01,9.525000e+01,1.699320e+00,2.533470e+02,1.565258e+02,2.263507e+00,2.029963e+00,1.388210e+00,4.375635e+00,2.923077e+00,2.219342e+00,9.283694e+00,3.113073e+00,7.017946e+01,1.840446e+00,2.229182e+00,3.523796e-01,6.553962e-02,8.606916e+01
4.173150e+00,5.750000e-01,9.525000e+01,1.585202e+00,2.533470e+02,1.443130e+02,2.263507e+00,2.176099e+00,1.488146e+00,4.690634e+00,3.133508e+00,2.379110e+00,9.952020e+00,3.337181e+00,6.803270e+01,1.972939e+00,2.389659e+00,3.777472e-01,7.025777e-02,8.506629e+01
4.173150e+00,6.500000e-01,9.525000e+01,1.496723e+00,2.533470e+02,1.348440e+02,2.263507e+00,2.304740e+00,1.576118e+00,4.967922e+00,3.318746e+00,2.519753e+00,1.054034e+01,3.534460e+00,6.614294e+01,2.089570e+00,2.530925e+00,4.000778e-01,7.441108e-02,8.418348e+01
4.173150e+00,7.250000e-01,9.525000e+01,1.426025e+00,2.533470e+02,1.272780e+02,2.263507e+00,2.419002e+00,1.654257e+00,5.214216e+00,3.483279e+00,2.644674e+00,1.106289e+01,3.709687e+00,6.446441e+01,2.193164e+00,2.656401e+00,4.199124e-01,7.810015e-02,8.339934e+01
4.173150e+00,8.000000e-01,9.525000e+01,1.368107e+00,2.533470e+02,1.210796e+02,2.263507e+00,2.521409e+00,1.724289e+00,5.434957e+00,3.630742e+00,2.756635e+00,1.153123e+01,3.866735e+00,6.296004e+01,2.286010e+00,2.768858e+00,4.376892e-01,8.140647e-02,8.269657e+01
4.173150e+00,8.750000e-01,9.525000e+01,1.319627e+00,2.533470e+02,1.158914e+02,2.263507e+00,2.614038e+00,1.787634e+00,5.634621e+00,3.764124e+00,2.857905e+00,1.195486e+01,4.008787e+00,6.159930e+01,2.369992e+00,2.870578e+00,4.537686e-01,8.439710e-02,8.206089e+01
4.173150e+00,9.500000e-01,9.525000e+01,1.278266e+00,2.533470e+02,1.114649e+02,2.263507e+00,2.698621e+00,1.845478e+00,5.816943e+00,3.885921e+00,2.950379e+00,1.234169e+01,4.138501e+00,6.035675e+01,2.446678e+00,2.963462e+00,4.684513e-01,8.712797e-02,8.148043e+01
4.173150e+00,1.025000e+00,9.525000e+01,1.242357e+00,2.533470e+02,1.076219e+02,2.263507e+00,2.776621e+00,1.898819e+00,5.985074e+00,3.998239e+00,3.035656e+00,1.269841e+01,4.258119e+00,5.921091e+01,2.517397e+00,3.049118e+00,4.819913e-01,8.964629e-02,8.094514e+01
4.173150e+00,1.100000e+00,9.525000e+01,1.210673e+00,2.533470e+02,1.042312e+02,2.263507e+00,2.849287e+00,1.948512e+00,6.141706e+00,4.102875e+00,3.115101e+00,1.303073e+01,4.369556e+00,5.814344e+01,2.583278e+00,3.128915e+00,4.946052e-01,9.199238e-02,8.044647e+01
4.173150e+00,1.175000e+00,9.525000e+01,1.182289e+00,2.533470e+02,1.011935e+02,2.263507e+00,2.917692e+00,1.995292e+00,6.289156e+00,4.201377e+00,3.189888e+00,1.334357e+01,4.474460e+00,5.713855e+01,2.645298e+00,3.204034e+00,5.064797e-01,9.420093e-02,7.997703e+01
4.173150e+00,1.250000e+00,9.525000e+01,1.156493e+00,2.533470e+02,9.843284e+01,2.263507e+00,2.982771e+00,2.039796e+00,6.429435e+00,4.295088e+00,3.261038e+00,1.364120e+01,4.574263e+00,5.618253e+01,2.704301e+00,3.275500e+00,5.177767e-01,9.630207e-02,7.953042e+01
4.173150e+00,1.325000e+00,9.525000e+01,1.132734e+00,2.533470e+02,9.589012e+01,2.263507e+00,3.045336e+00,2.082582e+00,6.564294e+00,4.385178e+00,3.329439e+00,1.392733e+01,4.670209e+00,5.526345e+01,2.761024e+00,3.344204e+00,5.286371e-01,9.832203e-02,7.910106e+01
4.173150e+00,1.400000e+00,9.525000e+01,1.110576e+00,2.533470e+02,9.351878e+01,2.263507e+00,3.106095e+00,2.124133e+00,6.695263e+00,4.472670e+00,3.395868e+00,1.420520e+01,4.763388e+00,5.437087e+01,2.816112e+00,3.410927e+00,5.391844e-01,1.002837e-01,7.868409e+01
4.173150e+00,1.475000e+00,9.525000e+01,1.089676e+00,2.533470e+02,9.128209e+01,2.263507e+00,3.165670e+00,2.164873e+00,6.823678e+00,4.558456e+00,3.461000e+00,1.447766e+01,4.854749e+00,5.349571e+01,2.870124e+00,3.476349e+00,5.495259e-01,1.022072e-01,7.827525e+01
4.173150e+00,1.550000e+00,9.525000e+01,1.069763e+00,2.533470e+02,8.915100e+01,2.263507e+00,3.224597e+00,2.205171e+00,6.950697e+00,4.643309e+00,3.525425e+00,1.474715e+01,4.945118e+00,5.263006e+01,2.923550e+00,3.541059e+00,5.597550e-01,1.041097e-01,7.787086e+01
4.173150e+00,1.625000e+00,9.525000e+01,1.050623e+00,2.533470e+02,8.710271e+01,2.263507e+00,3.283340e+00,2.245343e+00,7.077319e+00,4.727897e+00,3.589648e+00,1.501580e+01,5.035204e+00,5.176712e+01,2.976809e+00,3.605568e+00,5.699521e-01,1.060063e-01,7.746773e+01
4.173150e+00,1.700000e+00,9.525000e+01,1.032092e+00,2.533470e+02,8.511952e+01,2.263507e+00,3.342292e+00,2.285658e+00,7.204391e+00,4.812786e+00,3.654100e+00,1.528541e+01,5.125610e+00,5.090110e+01,3.030258e+00,3.670305e+00,5.801855e-01,1.079096e-01,7.706316e+01
4.173150e+00,1.775000e+00,9.525000e+01,1.014043e+00,2.533470e+02,8.318797e+01,2.263507e+00,3.401780e+00,2.326340e+00,7.332619e+00,4.898446e+00,3.719137e+00,1.555746e+01,5.216838e+00,5.002721e+01,3.084192e+00,3.735632e+00,5.905120e-01,1.098302e-01,7.665492e+01
4.173150e+00,1.850000e+00,9.525000e+01,9.963852e-01,2.533470e+02,8.129819e+01,2.263507e+00,3.462067e+00,2.367568e+00,7.462570e+00,4.985258e+00,3.785049e+00,1.583318e+01,5.309293e+00,4.914158e+01,3.138851e+00,3.801836e+00,6.009772e-01,1.117767e-01,7.624119e+01
4.173150e+00,1.925000e+00,9.525000e+01,9.790528e-01,2.533470e+02,7.944330e+01,2.263507e+00,3.523357e+00,2.409481e+00,7.594680e+00,5.073512e+00,3.852056e+00,1.611347e+01,5.403284e+00,4.824122e+01,3.194418e+00,3.869141e+00,6.116164e-01,1.137555e-01,7.582059e+01
4.173150e+00,2.000000e+00,9.525000e+01,9.620056e-01,2.533470e+02,7.761892e+01,2.263507e+00,3.585792e+00,2.452178e+00,7.729261e+00,5.163417e+00,3.920316e+00,1.639901e+01,5.499032e+00,4.732404e+01,3.251025e+00,3.937704e+00,6.224544e-01,1.157713e-01,7.539212e+01
4.381260e+00,5.000000e-01,1.000000e+02,1.690723e+00,2.577494e+02,1.641889e+02,2.263507e+00,2.022420e+00,1.392171e+00,4.390586e+00,2.936675e+00,1.897570e+00,9.273151e+00,3.121605e+00,7.053503e+01,1.801729e+00,2.232181e+00,3.344322e-01,6.245038e-02,8.643166e+01
4.381260e+00,5.750000e-01,1.000000e+02,1.576606e+00,2.577494e+02,1.513670e+02,2.263507e+00,2.168806e+00,1.492939e+00,4.708385e+00,3.149237e+00,2.034920e+00,9.944358e+00,3.347552e+00,6.840230e+01,1.932142e+00,2.393750e+00,3.586390e-01,6.697065e-02,8.544956e+01
4.381260e+00,6.500000e-01,1.000000e+02,1.497017e+00,2.577494e+02,1.424247e+02,2.263507e+00,2.290585e+00,1.576767e+00,4.972760e+00,3.326066e+00,2.149180e+00,1.050273e+01,3.535517e+00,6.662809e+01,2.040631e+00,2.528160e+00,3.787765e-01,7.073105e-02,8.463255e+01
4.381260e+00,7.250000e-01,1.000000e+02,1.417428e+00,2.577494e+02,1.334824e+02,2.263507e+00,2.412363e+00,1.660596e+00,5.237136e+00,3.502896e+00,2.263441e+00,1.106111e+01,3.723482e+00,6.485388e+01,2.149121e+00,2.662569e+00,3.989141e-01,7.449145e-02,8.381554e+01
4.381260e+00,8.000000e-01,1.000000e+02,1.359510e+00,2.577494e+02,1.269750e+02,2.263507e+00,2.515135e+00,1.731340e+00,5.460249e+00,3.652127e+00,2.359869e+00,1.153234e+01,3.882110e+00,6.335658e+01,2.240678e+00,2.776000e+00,4.159087e-01,7.766494e-02,8.312605e+01
4.381260e+00,8.750000e-01,1.000000e+02,1.311031e+00,2.577494e+02,1.215280e+02,2.263507e+00,2.608140e+00,1.795362e+00,5.662158e+00,3.787175e+00,2.447132e+00,1.195878e+01,4.025663e+00,6.200158e+01,2.323534e+00,2.878651e+00,4.312881e-01,8.053683e-02,8.250209e+01
4.381260e+00,9.500000e-01,1.000000e+02,1.269669e+00,2.577494e+02,1.168808e+02,2.263507e+00,2.693103e+00,1.853848e+00,5.846611e+00,3.910547e+00,2.526850e+00,1.234835e+01,4.156805e+00,6.076373e+01,2.399227e+00,2.972428e+00,4.453379e-01,8.316043e-02,8.193207e+01
4.381260e+00,1.025000e+00,1.000000e+02,1.233761e+00,2.577494e+02,1.128462e+02,2.263507e+00,2.771487e+00,1.907805e+00,6.016777e+00,4.024364e+00,2.600395e+00,1.270775e+01,4.277789e+00,5.962175e+01,2.469057e+00,3.058941e+00,4.582995e-01,8.558083e-02,8.140620e+01
4.381260e+00,1.100000e+00,1.000000e+02,1.202077e+00,2.577494e+02,1.092863e+02,2.263507e+00,2.844536e+00,1.958090e+00,6.175365e+00,4.130437e+00,2.668935e+00,1.304270e+01,4.390541e+00,5.855748e+01,2.534135e+00,3.139567e+00,4.703792e-01,8.783653e-02,8.091611e+01
4.381260e+00,1.175000e+00,1.000000e+02,1.173692e+00,2.577494e+02,1.060971e+02,2.263507e+00,2.913328e+00,2.005444e+00,6.324709e+00,4.230327e+00,2.733480e+00,1.335812e+01,4.496722e+00,5.755524e+01,2.595420e+00,3.215494e+00,4.817548e-01,8.996076e-02,8.045459e+01
4.381260e+00,1.250000e+00,1.000000e+02,1.148915e+00,2.577494e+02,1.033132e+02,2.263507e+00,2.977542e+00,2.049647e+00,6.464114e+00,4.323569e+00,2.793730e+00,1.365255e+01,4.595835e+00,5.661970e+01,2.652627e+00,3.286368e+00,4.923733e-01,9.194361e-02,8.002378e+01
4.381260e+00,1.325000e+00,1.000000e+02,1.124137e+00,2.577494e+02,1.005293e+02,2.263507e+00,3.041755e+00,2.093849e+00,6.603518e+00,4.416810e+00,2.853979e+00,1.394698e+01,4.694948e+00,5.568417e+01,2.709833e+00,3.357242e+00,5.029918e-01,9.392646e-02,7.959297e+01
4.381260e+00,1.400000e+00,1.000000e+02,1.101979e+00,2.577494e+02,9.803972e+01,2.263507e+00,3.102917e+00,2.135951e+00,6.736298e+00,4.505621e+00,2.911365e+00,1.422742e+01,4.789352e+00,5.479309e+01,2.764321e+00,3.424748e+00,5.131056e-01,9.581507e-02,7.918264e+01
4.381260e+00,1.475000e+00,1.000000e+02,1.081573e+00,2.577494e+02,9.574692e+01,2.263507e+00,3.162587e+00,2.177026e+00,6.865838e+00,4.592265e+00,2.967351e+00,1.450102e+01,4.881452e+00,5.392375e+01,2.817480e+00,3.490607e+00,5.229727e-01,9.765762e-02,7.878232e+01
4.381260e+00,1.550000e+00,1.000000e+02,1.061166e+00,2.577494e+02,9.345412e+01,2.263507e+00,3.222256e+00,2.218101e+00,6.995379e+00,4.678909e+00,3.023337e+00,1.477461e+01,4.973552e+00,5.305441e+01,2.870638e+00,3.556465e+00,5.328399e-01,9.950016e-02,7.838200e+01
4.381260e+00,1.625000e+00,1.000000e+02,1.042027e+00,2.577494e+02,9.130369e+01,2.263507e+00,3.281441e+00,2.258841e+00,7.123866e+00,4.764849e+00,3.078868e+00,1.504598e+01,5.064904e+00,5.219214e+01,2.923365e+00,3.621789e+00,5.426267e-01,1.013277e-01,7.798493e+01
4.381260e+00,1.700000e+00,1.000000e+02,1.023495e+00,2.577494e+02,8.922160e+01,2.263507e+00,3.340854e+00,2.299739e+00,7.252849e+00,4.851120e+00,3.134613e+00,1.531840e+01,5.156607e+00,5.132655e+01,2.976294e+00,3.687364e+00,5.524514e-01,1.031623e-01,7.758633e+01
4.381260e+00,1.775000e+00,1.000000e+02,1.005447e+00,2.577494e+02,8.719373e+01,2.263507e+00,3.400825e+00,2.341021e+00,7.383042e+00,4.938201e+00,3.190882e+00,1.559338e+01,5.249172e+00,5.045282e+01,3.029721e+00,3.753555e+00,5.623683e-01,1.050142e-01,7.718399e+01
4.381260e+00,1.850000e+00,1.000000e+02,9.877885e-01,2.577494e+02,8.520971e+01,2.263507e+00,3.461619e+00,2.382871e+00,7.515026e+00,5.026479e+00,3.247924e+00,1.587213e+01,5.343009e+00,4.956709e+01,3.083882e+00,3.820656e+00,5.724215e-01,1.068915e-01,7.677612e+01
4.381260e+00,1.925000e+00,1.000000e+02,9.704561e-01,2.577494e+02,8.326231e+01,2.263507e+00,3.523444e+00,2.425429e+00,7.649244e+00,5.116251e+00,3.305932e+00,1.615561e+01,5.438435e+00,4.866636e+01,3.138960e+00,3.888893e+00,5.826449e-01,1.088005e-01,7.636134e+01
4.381260e+00,2.000000e+00,1.000000e+02,9.534090e-01,2.577494e+02,8.134695e+01,2.263507e+00,3.586444e+00,2.468796e+00,7.786013e+00,5.207731e+00,3.365042e+00,1.644447e+01,5.535675e+00,4.774851e+01,3.195085e+00,3.958427e+00,5.930626e-01,1.107459e-01,7.593868e+01
