# system_capacity,effluent_toc_limit,flowrate_MGD,LCOW,Total CAPEX (MGD),Total OPEX (MGD/year),SEC,Ozone_CAPEX_frac,Ozone_OPEX_frac,BAF_CAPEX_frac,BAF_OPEX_frac,UF_CAPEX_frac,UF_OPEX_frac,GAC_CAPEX_frac,GAC_OPEX_frac,UV_AOP_CAPEX_frac,UV_AOP_OPEX_frac,Cl_CAPEX_frac,Cl_OPEX_frac,Total_Opex_frac
2.190630e-01,5.000000e-01,5.000000e+00,2.453187e+00,5.585269e+01,8.196313e+00,2.285222e+00,7.923225e+00,2.170005e+00,4.942125e+00,2.356174e+00,7.386548e+00,7.444969e+00,4.067549e+00,4.336545e+01,9.123539e+00,2.904995e+00,7.084066e+00,1.231350e+00,5.947295e+01
2.190630e-01,5.750000e-01,5.000000e+00,2.353594e+00,5.585269e+01,7.636818e+00,2.285222e+00,8.258498e+00,2.261829e+00,5.151252e+00,2.455876e+00,7.699112e+00,7.760004e+00,4.239668e+00,4.096895e+01,9.509603e+00,3.027921e+00,7.383830e+00,1.283455e+00,5.775804e+01
2.190630e-01,6.500000e-01,5.000000e+00,2.276370e+00,5.585269e+01,7.202988e+00,2.285222e+00,8.538660e+00,2.338560e+00,5.326003e+00,2.539189e+00,7.960297e+00,8.023255e+00,4.383495e+00,3.896638e+01,9.832208e+00,3.130640e+00,7.634319e+00,1.326995e+00,5.632502e+01
2.190630e-01,7.250000e-01,5.000000e+00,2.214622e+00,5.585269e+01,6.856100e+00,2.285222e+00,8.776734e+00,2.403763e+00,5.474502e+00,2.609986e+00,8.182245e+00,8.246959e+00,4.505715e+00,3.726465e+01,1.010635e+01,3.217928e+00,7.847178e+00,1.363994e+00,5.510728e+01
2.190630e-01,8.000000e-01,5.000000e+00,2.163963e+00,5.585269e+01,6.571502e+00,2.285222e+00,8.982203e+00,2.460037e+00,5.602664e+00,2.671088e+00,8.373796e+00,8.440025e+00,4.611197e+00,3.579597e+01,1.034294e+01,3.293262e+00,8.030886e+00,1.395926e+00,5.405631e+01
2.190630e-01,8.750000e-01,5.000000e+00,2.121459e+00,5.585269e+01,6.332727e+00,2.285222e+00,9.162160e+00,2.509323e+00,5.714912e+00,2.724603e+00,8.541564e+00,8.609119e+00,4.703581e+00,3.450966e+01,1.055016e+01,3.359242e+00,8.191783e+00,1.423893e+00,5.313584e+01
2.190630e-01,9.500000e-01,5.000000e+00,2.085076e+00,5.585269e+01,6.128330e+00,2.285222e+00,9.322035e+00,2.553110e+00,5.814635e+00,2.772146e+00,8.690610e+00,8.759345e+00,4.785657e+00,3.336688e+01,1.073426e+01,3.417860e+00,8.334726e+00,1.448740e+00,5.231808e+01
2.190630e-01,1.025000e+00,5.000000e+00,2.053349e+00,5.585269e+01,5.950098e+00,2.285222e+00,9.466070e+00,2.592558e+00,5.904476e+00,2.814978e+00,8.824889e+00,8.894685e+00,4.859600e+00,3.233733e+01,1.090011e+01,3.470669e+00,8.463505e+00,1.471124e+00,5.158135e+01
2.190630e-01,1.100000e+00,5.000000e+00,2.025202e+00,5.585269e+01,5.791974e+00,2.285222e+00,9.597631e+00,2.628590e+00,5.986538e+00,2.854101e+00,8.947539e+00,9.018305e+00,4.927139e+00,3.139694e+01,1.105161e+01,3.518905e+00,8.581133e+00,1.491570e+00,5.090841e+01
2.190630e-01,1.175000e+00,5.000000e+00,1.999824e+00,5.585269e+01,5.649401e+00,2.285222e+00,9.719429e+00,2.661948e+00,6.062510e+00,2.890321e+00,9.061087e+00,9.132752e+00,4.989667e+00,3.052634e+01,1.119186e+01,3.563562e+00,8.690031e+00,1.510499e+00,5.028542e+01
2.190630e-01,1.250000e+00,5.000000e+00,1.976591e+00,5.585269e+01,5.518887e+00,2.285222e+00,9.833668e+00,2.693235e+00,6.133766e+00,2.924293e+00,9.167588e+00,9.240094e+00,5.048314e+00,2.970977e+01,1.132340e+01,3.605447e+00,8.792170e+00,1.528253e+00,4.970109e+01
2.190630e-01,1.325000e+00,5.000000e+00,1.955025e+00,5.585269e+01,5.397730e+00,2.285222e+00,9.942147e+00,2.722945e+00,6.201430e+00,2.956552e+00,9.268719e+00,9.342025e+00,5.104003e+00,2.893437e+01,1.144831e+01,3.645220e+00,8.889160e+00,1.545111e+00,4.914623e+01
2.190630e-01,1.400000e+00,5.000000e+00,1.934748e+00,5.585270e+01,5.283822e+00,2.285222e+00,1.004634e+01,2.751482e+00,6.266421e+00,2.987536e+00,9.365854e+00,9.439929e+00,5.157493e+00,2.818961e+01,1.156829e+01,3.683422e+00,8.982318e+00,1.561304e+00,4.861328e+01
2.190630e-01,1.475000e+00,5.000000e+00,1.915470e+00,5.585270e+01,5.175522e+00,2.285222e+00,1.014745e+01,2.779173e+00,6.329488e+00,3.017604e+00,9.460115e+00,9.534936e+00,5.209400e+00,2.746689e+01,1.168472e+01,3.720493e+00,9.072719e+00,1.577017e+00,4.809611e+01
2.190630e-01,1.550000e+00,5.000000e+00,1.896964e+00,5.585270e+01,5.071559e+00,2.285222e+00,1.024644e+01,2.806286e+00,6.391235e+00,3.047042e+00,9.552403e+00,9.627954e+00,5.260220e+00,2.675929e+01,1.179871e+01,3.756789e+00,9.161228e+00,1.592402e+00,4.758976e+01
2.190630e-01,1.625000e+00,5.000000e+00,1.879058e+00,5.585270e+01,4.970963e+00,2.285222e+00,1.034409e+01,2.833028e+00,6.452141e+00,3.076079e+00,9.643434e+00,9.719704e+00,5.310348e+00,2.606133e+01,1.191115e+01,3.792590e+00,9.248530e+00,1.607577e+00,4.709031e+01
2.190630e-01,1.700000e+00,5.000000e+00,1.861621e+00,5.585270e+01,4.873011e+00,2.285222e+00,1.044097e+01,2.859562e+00,6.512572e+00,3.104889e+00,9.733754e+00,9.810739e+00,5.360085e+00,2.536883e+01,1.202271e+01,3.828111e+00,9.335152e+00,1.622633e+00,4.659476e+01
2.190630e-01,1.775000e+00,5.000000e+00,1.844564e+00,5.585270e+01,4.777188e+00,2.285222e+00,1.053752e+01,2.886005e+00,6.572794e+00,3.133601e+00,9.823763e+00,9.901460e+00,5.409650e+00,2.467870e+01,1.213388e+01,3.863510e+00,9.421475e+00,1.637638e+00,4.610092e+01
2.190630e-01,1.850000e+00,5.000000e+00,1.827825e+00,5.585270e+01,4.683150e+00,2.285222e+00,1.063402e+01,2.912435e+00,6.632987e+00,3.162298e+00,9.913728e+00,9.992137e+00,5.459191e+00,2.398892e+01,1.224500e+01,3.898892e+00,9.507756e+00,1.652635e+00,4.560731e+01
2.190630e-01,1.925000e+00,5.000000e+00,1.811368e+00,5.585270e+01,4.590698e+00,2.285222e+00,1.073063e+01,2.938896e+00,6.693251e+00,3.191029e+00,1.000380e+01,1.008292e+01,5.508790e+00,2.329832e+01,1.235626e+01,3.934315e+00,9.594138e+00,1.667650e+00,4.511313e+01
2.190630e-01,2.000000e+00,5.000000e+00,1.795178e+00,5.585270e+01,4.499743e+00,2.285222e+00,1.082741e+01,2.965401e+00,6.753616e+00,3.219808e+00,1.009402e+01,1.017385e+01,5.558472e+00,2.260657e+01,1.246769e+01,3.969798e+00,9.680665e+00,1.682690e+00,4.461812e+01
4.271728e-01,5.000000e-01,9.750000e+00,2.069510e+00,7.309255e+01,1.536174e+01,2.285222e+00,5.748041e+00,1.940478e+00,4.693548e+00,2.591034e+00,7.534140e+00,8.613380e+00,3.656830e+00,5.120323e+01,6.636933e+00,2.719152e+00,3.971061e+00,6.921714e-01,6.775945e+01
4.271728e-01,5.750000e-01,9.750000e+00,1.969917e+00,7.309255e+01,1.427073e+01,2.285222e+00,6.038644e+00,2.038582e+00,4.930839e+00,2.722028e+00,7.915042e+00,9.048846e+00,3.841708e+00,4.873622e+01,6.972476e+00,2.856623e+00,4.171826e+00,7.271654e-01,6.612946e+01
4.271728e-01,6.500000e-01,9.750000e+00,1.892694e+00,7.309255e+01,1.342476e+01,2.285222e+00,6.285026e+00,2.121758e+00,5.132022e+00,2.833090e+00,8.237984e+00,9.418048e+00,3.998454e+00,4.664461e+01,7.256960e+00,2.973177e+00,4.342040e+00,7.568345e-01,6.474751e+01
4.271728e-01,7.250000e-01,9.750000e+00,1.830946e+00,7.309255e+01,1.274832e+01,2.285222e+00,6.496986e+00,2.193314e+00,5.305097e+00,2.928634e+00,8.515806e+00,9.735667e+00,4.133300e+00,4.484522e+01,7.501698e+00,3.073446e+00,4.488474e+00,7.823584e-01,6.355864e+01
4.271728e-01,8.000000e-01,9.750000e+00,1.780286e+00,7.309255e+01,1.219336e+01,2.285222e+00,6.681864e+00,2.255727e+00,5.456059e+00,3.011971e+00,8.758131e+00,1.001270e+01,4.250917e+00,4.327574e+01,7.715166e+00,3.160904e+00,4.616197e+00,8.046211e-01,6.252167e+01
4.271728e-01,8.750000e-01,9.750000e+00,1.737783e+00,7.309255e+01,1.172775e+01,2.285222e+00,6.845290e+00,2.310898e+00,5.589504e+00,3.085639e+00,8.972340e+00,1.025760e+01,4.354887e+00,4.188836e+01,7.903865e+00,3.238214e+00,4.729101e+00,8.243007e-01,6.160501e+01
4.271728e-01,9.500000e-01,9.750000e+00,1.701399e+00,7.309255e+01,1.132917e+01,2.285222e+00,6.991674e+00,2.360315e+00,5.709033e+00,3.151624e+00,9.164209e+00,1.047695e+01,4.448014e+00,4.064567e+01,8.072886e+00,3.307462e+00,4.830231e+00,8.419280e-01,6.078395e+01
4.271728e-01,1.025000e+00,9.750000e+00,1.669672e+00,7.309255e+01,1.098162e+01,2.285222e+00,7.124526e+00,2.405165e+00,5.817513e+00,3.211509e+00,9.338343e+00,1.067603e+01,4.532533e+00,3.951785e+01,8.226283e+00,3.370309e+00,4.922012e+00,8.579258e-01,6.003879e+01
4.271728e-01,1.100000e+00,9.750000e+00,1.641526e+00,7.309255e+01,1.067328e+01,2.285222e+00,7.246688e+00,2.446405e+00,5.917264e+00,3.266576e+00,9.498464e+00,1.085909e+01,4.610251e+00,3.848079e+01,8.367336e+00,3.428098e+00,5.006408e+00,8.726364e-01,5.935359e+01
4.271728e-01,1.175000e+00,9.750000e+00,1.616147e+00,7.309255e+01,1.039526e+01,2.285222e+00,7.360484e+00,2.484821e+00,6.010184e+00,3.317871e+00,9.647620e+00,1.102961e+01,4.682646e+00,3.751474e+01,8.498731e+00,3.481931e+00,5.085025e+00,8.863396e-01,5.871531e+01
4.271728e-01,1.250000e+00,9.750000e+00,1.592915e+00,7.309255e+01,1.014076e+01,2.285222e+00,7.467834e+00,2.521062e+00,6.097841e+00,3.366261e+00,9.788327e+00,1.119047e+01,4.750941e+00,3.660341e+01,8.622682e+00,3.532714e+00,5.159188e+00,8.992665e-01,5.811319e+01
4.271728e-01,1.325000e+00,9.750000e+00,1.571348e+00,7.309255e+01,9.904503e+00,2.285222e+00,7.570329e+00,2.555663e+00,6.181533e+00,3.412463e+00,9.922671e+00,1.134406e+01,4.816147e+00,3.573330e+01,8.741027e+00,3.581200e+00,5.229997e+00,9.116088e-01,5.753829e+01
4.271728e-01,1.400000e+00,9.750000e+00,1.551072e+00,7.309255e+01,9.682383e+00,2.285222e+00,7.669291e+00,2.589071e+00,6.262340e+00,3.457072e+00,1.005238e+01,1.149235e+01,4.879105e+00,3.489318e+01,8.855293e+00,3.628015e+00,5.298366e+00,9.235257e-01,5.698322e+01
4.271728e-01,1.475000e+00,9.750000e+00,1.531794e+00,7.309255e+01,9.471198e+00,2.285222e+00,7.765810e+00,2.621655e+00,6.341152e+00,3.500580e+00,1.017889e+01,1.163699e+01,4.940509e+00,3.407381e+01,8.966738e+00,3.673674e+00,5.365046e+00,9.351484e-01,5.644185e+01
4.271728e-01,1.550000e+00,9.750000e+00,1.513288e+00,7.309255e+01,9.268471e+00,2.285222e+00,7.860778e+00,2.653715e+00,6.418698e+00,3.543388e+00,1.030337e+01,1.177929e+01,5.000927e+00,3.326760e+01,9.076392e+00,3.718599e+00,5.430655e+00,9.465842e-01,5.590918e+01
4.271728e-01,1.625000e+00,9.750000e+00,1.495381e+00,7.309255e+01,9.072307e+00,2.285222e+00,7.954907e+00,2.685493e+00,6.495559e+00,3.585819e+00,1.042675e+01,1.192035e+01,5.060811e+00,3.246850e+01,9.185079e+00,3.763128e+00,5.495685e+00,9.579192e-01,5.538121e+01
4.271728e-01,1.700000e+00,9.750000e+00,1.477945e+00,7.309255e+01,8.881301e+00,2.285222e+00,8.048755e+00,2.717174e+00,6.572190e+00,3.628122e+00,1.054976e+01,1.206098e+01,5.120515e+00,3.167181e+01,9.293439e+00,3.807524e+00,5.560520e+00,9.692202e-01,5.485482e+01
4.271728e-01,1.775000e+00,9.750000e+00,1.460888e+00,7.309255e+01,8.694446e+00,2.285222e+00,8.142730e+00,2.748899e+00,6.648925e+00,3.670483e+00,1.067293e+01,1.220180e+01,5.180301e+00,3.087402e+01,9.401947e+00,3.851979e+00,5.625443e+00,9.805365e-01,5.432772e+01
4.271728e-01,1.850000e+00,9.750000e+00,1.444149e+00,7.309255e+01,8.511073e+00,2.285222e+00,8.237112e+00,2.780762e+00,6.725992e+00,3.713027e+00,1.079664e+01,1.234323e+01,5.240346e+00,3.007279e+01,9.510924e+00,3.896628e+00,5.690647e+00,9.919018e-01,5.379833e+01
4.271728e-01,1.925000e+00,9.750000e+00,1.427692e+00,7.309255e+01,8.330790e+00,2.285222e+00,8.332061e+00,2.812816e+00,6.803523e+00,3.755827e+00,1.092110e+01,1.248551e+01,5.300751e+00,2.926674e+01,9.620557e+00,3.941544e+00,5.756243e+00,1.003335e+00,5.326577e+01
4.271728e-01,2.000000e+00,9.750000e+00,1.411501e+00,7.309255e+01,8.153429e+00,2.285222e+00,8.427632e+00,2.845079e+00,6.881561e+00,3.798908e+00,1.104637e+01,1.262872e+01,5.361552e+00,2.845541e+01,9.730908e+00,3.986755e+00,5.822268e+00,1.014844e+00,5.272971e+01
6.352827e-01,5.000000e-01,1.450000e+01,1.930479e+00,8.939812e+01,2.251097e+01,2.285222e+00,4.814921e+00,1.846664e+00,4.600983e+00,2.702980e+00,7.437399e+00,9.122856e+00,3.489602e+00,5.481618e+01,5.363003e+00,2.611226e+00,2.718861e+00,4.753210e-01,7.157523e+01
6.352827e-01,5.750000e-01,1.450000e+01,1.830886e+00,8.939813e+01,2.088843e+01,2.285222e+00,5.076834e+00,1.947115e+00,4.851258e+00,2.850011e+00,7.841963e+00,9.619102e+00,3.679422e+00,5.235837e+01,5.654729e+00,2.753266e+00,2.866757e+00,5.011765e-01,7.002904e+01
6.352827e-01,6.500000e-01,1.450000e+01,1.753662e+00,8.939813e+01,1.963033e+01,2.285222e+00,5.300396e+00,2.032858e+00,5.064887e+00,2.975513e+00,8.187290e+00,1.004269e+01,3.841448e+00,5.026043e+01,5.903739e+00,2.874508e+00,2.992996e+00,5.232462e-01,6.870924e+01
6.352827e-01,7.250000e-01,1.450000e+01,1.691914e+00,8.939813e+01,1.862435e+01,2.285222e+00,5.493838e+00,2.107048e+00,5.249734e+00,3.084107e+00,8.486092e+00,1.040920e+01,3.981645e+00,4.844515e+01,6.119201e+00,2.979416e+00,3.102228e+00,5.423425e-01,6.756726e+01
6.352827e-01,8.000000e-01,1.450000e+01,1.641254e+00,8.939813e+01,1.779902e+01,2.285222e+00,5.663413e+00,2.172085e+00,5.411775e+00,3.179302e+00,8.748027e+00,1.073050e+01,4.104544e+00,4.685383e+01,6.308079e+00,3.071380e+00,3.197983e+00,5.590827e-01,6.656618e+01
6.352827e-01,8.750000e-01,1.450000e+01,1.598751e+00,8.939813e+01,1.710657e+01,2.285222e+00,5.813976e+00,2.229831e+00,5.555648e+00,3.263824e+00,8.980595e+00,1.101577e+01,4.213664e+00,4.544093e+01,6.475780e+00,3.153033e+00,3.283002e+00,5.739460e-01,6.567734e+01
6.352827e-01,9.500000e-01,1.450000e+01,1.562367e+00,8.939813e+01,1.651382e+01,2.285222e+00,5.949369e+00,2.281758e+00,5.685025e+00,3.339831e+00,9.189730e+00,1.127230e+01,4.311790e+00,4.417039e+01,6.626585e+00,3.226460e+00,3.359454e+00,5.873117e-01,6.487805e+01
6.352827e-01,1.025000e+00,1.450000e+01,1.530641e+00,8.939813e+01,1.599694e+01,2.285222e+00,6.072684e+00,2.329053e+00,5.802861e+00,3.409057e+00,9.380210e+00,1.150595e+01,4.401162e+00,4.301318e+01,6.763937e+00,3.293336e+00,3.429087e+00,5.994852e-01,6.415006e+01
6.352827e-01,1.100000e+00,1.450000e+01,1.502494e+00,8.939813e+01,1.553839e+01,2.285222e+00,6.186445e+00,2.372684e+00,5.911567e+00,3.472920e+00,9.555932e+00,1.172149e+01,4.483611e+00,4.194563e+01,6.890648e+00,3.355032e+00,3.493325e+00,6.107155e-01,6.347847e+01
6.352827e-01,1.175000e+00,1.450000e+01,1.477115e+00,8.939813e+01,1.512492e+01,2.285222e+00,6.292736e+00,2.413449e+00,6.013135e+00,3.532589e+00,9.720115e+00,1.192288e+01,4.560645e+00,4.094818e+01,7.009039e+00,3.412675e+00,3.553345e+00,6.212084e-01,6.285098e+01
6.352827e-01,1.250000e+00,1.450000e+01,1.453883e+00,8.939813e+01,1.474643e+01,2.285222e+00,6.393290e+00,2.452015e+00,6.109221e+00,3.589037e+00,9.875436e+00,1.211340e+01,4.633521e+00,4.000458e+01,7.121038e+00,3.467208e+00,3.610125e+00,6.311349e-01,6.225737e+01
6.352827e-01,1.325000e+00,1.450000e+01,1.432317e+00,8.939813e+01,1.439508e+01,2.285222e+00,6.489555e+00,2.488935e+00,6.201209e+00,3.643078e+00,1.002413e+01,1.229579e+01,4.703288e+00,3.910122e+01,7.228261e+00,3.519414e+00,3.664483e+00,6.406379e-01,6.168907e+01
6.352827e-01,1.400000e+00,1.450000e+01,1.412040e+00,8.939813e+01,1.406474e+01,2.285222e+00,6.582741e+00,2.524675e+00,6.290254e+00,3.695390e+00,1.016807e+01,1.247235e+01,4.770825e+00,3.822674e+01,7.332055e+00,3.569951e+00,3.717103e+00,6.498371e-01,6.113895e+01
6.352827e-01,1.475000e+00,1.450000e+01,1.392762e+00,8.939813e+01,1.375068e+01,2.285222e+00,6.673856e+00,2.559620e+00,6.377321e+00,3.746540e+00,1.030881e+01,1.264499e+01,4.836860e+00,3.737171e+01,7.433541e+00,3.619365e+00,3.768553e+00,6.588318e-01,6.060106e+01
6.352827e-01,1.550000e+00,1.450000e+01,1.374256e+00,8.939813e+01,1.344918e+01,2.285222e+00,6.763726e+00,2.594088e+00,6.463198e+00,3.796991e+00,1.044763e+01,1.281527e+01,4.901994e+00,3.652835e+01,7.533642e+00,3.668104e+00,3.819301e+00,6.677037e-01,6.007051e+01
6.352827e-01,1.625000e+00,1.450000e+01,1.356350e+00,8.939813e+01,1.315745e+01,2.285222e+00,6.853022e+00,2.628335e+00,6.548526e+00,3.847119e+00,1.058556e+01,1.298446e+01,4.966710e+00,3.569039e+01,7.633102e+00,3.716530e+00,3.869724e+00,6.765188e-01,5.954335e+01
6.352827e-01,1.700000e+00,1.450000e+01,1.338914e+00,8.939813e+01,1.287339e+01,2.285222e+00,6.942265e+00,2.662563e+00,6.633804e+00,3.897218e+00,1.072341e+01,1.315354e+01,5.031389e+00,3.485293e+01,7.732504e+00,3.764929e+00,3.920117e+00,6.853287e-01,5.901651e+01
6.352827e-01,1.775000e+00,1.450000e+01,1.321857e+00,8.939813e+01,1.259551e+01,2.285222e+00,7.031846e+00,2.696920e+00,6.719405e+00,3.947507e+00,1.086179e+01,1.332327e+01,5.096313e+00,3.401228e+01,7.832282e+00,3.813511e+00,3.970701e+00,6.941720e-01,5.848767e+01
6.352827e-01,1.850000e+00,1.450000e+01,1.305118e+00,8.939813e+01,1.232280e+01,2.285222e+00,7.122034e+00,2.731510e+00,6.805586e+00,3.998137e+00,1.100110e+01,1.349415e+01,5.161676e+00,3.316594e+01,7.932737e+00,3.862422e+00,4.021628e+00,7.030752e-01,5.795524e+01
6.352827e-01,1.925000e+00,1.450000e+01,1.288660e+00,8.939813e+01,1.205468e+01,2.285222e+00,7.212987e+00,2.766393e+00,6.892498e+00,4.049195e+00,1.114159e+01,1.366648e+01,5.227594e+00,3.231243e+01,8.034043e+00,3.911748e+00,4.072987e+00,7.120539e-01,5.741830e+01
6.352827e-01,2.000000e+00,1.450000e+01,1.272470e+00,8.939813e+01,1.179092e+01,2.285222e+00,7.304762e+00,2.801591e+00,6.980194e+00,4.100715e+00,1.128335e+01,1.384037e+01,5.294108e+00,3.145121e+01,8.136265e+00,3.961519e+00,4.124809e+00,7.211138e-01,5.687652e+01
8.433925e-01,5.000000e-01,1.925000e+01,1.855913e+00,1.049391e+02,2.964694e+01,2.285222e+00,4.298669e+00,1.797806e+00,4.558987e+00,2.772246e+00,7.252336e+00,9.405494e+00,3.402953e+00,5.697924e+01,4.579877e+00,2.542996e+00,2.049903e+00,3.594906e-01,7.385728e+01
8.433925e-01,5.750000e-01,1.925000e+01,1.756320e+00,1.049391e+02,2.749289e+01,2.285222e+00,4.542427e+00,1.899752e+00,4.817506e+00,2.929447e+00,7.663582e+00,9.938836e+00,3.595919e+00,5.453973e+01,4.839580e+00,2.687198e+00,2.166144e+00,3.798756e-01,7.237484e+01
8.433925e-01,6.500000e-01,1.925000e+01,1.679096e+00,1.049391e+02,2.582264e+01,2.285222e+00,4.751339e+00,1.987124e+00,5.039069e+00,3.064176e+00,8.016041e+00,1.039594e+01,3.761300e+00,5.244896e+01,5.062159e+00,2.810786e+00,2.265768e+00,3.973466e-01,7.110432e+01
8.433925e-01,7.250000e-01,1.925000e+01,1.617348e+00,1.049391e+02,2.448712e+01,2.285222e+00,4.932738e+00,2.062989e+00,5.231453e+00,3.181162e+00,8.322081e+00,1.079284e+01,3.904900e+00,5.063353e+01,5.255425e+00,2.918098e+00,2.352271e+00,4.125167e-01,7.000113e+01
8.433925e-01,8.000000e-01,1.925000e+01,1.566688e+00,1.049391e+02,2.339142e+01,2.285222e+00,5.092241e+00,2.129697e+00,5.400615e+00,3.284026e+00,8.591179e+00,1.114183e+01,4.031167e+00,4.903724e+01,5.425362e+00,3.012456e+00,2.428333e+00,4.258556e-01,6.903110e+01
8.433925e-01,8.750000e-01,1.925000e+01,1.524185e+00,1.049391e+02,2.247214e+01,2.285222e+00,5.234242e+00,2.189085e+00,5.551215e+00,3.375604e+00,8.830751e+00,1.145253e+01,4.143579e+00,4.761610e+01,5.576652e+00,3.096461e+00,2.496049e+00,4.377309e-01,6.816751e+01
8.433925e-01,9.500000e-01,1.925000e+01,1.487801e+00,1.049391e+02,2.168521e+01,2.285222e+00,5.362243e+00,2.242618e+00,5.686968e+00,3.458153e+00,9.046704e+00,1.173259e+01,4.244909e+00,4.633508e+01,5.713027e+00,3.172184e+00,2.557089e+00,4.484355e-01,6.738906e+01
8.433925e-01,1.025000e+00,1.925000e+01,1.456075e+00,1.049391e+02,2.099901e+01,2.285222e+00,5.479080e+00,2.291482e+00,5.810881e+00,3.533502e+00,9.243821e+00,1.198823e+01,4.337401e+00,4.516578e+01,5.837508e+00,3.241302e+00,2.612805e+00,4.582064e-01,6.667850e+01
8.433925e-01,1.100000e+00,1.925000e+01,1.427928e+00,1.049391e+02,2.039024e+01,2.285222e+00,5.587082e+00,2.336651e+00,5.925422e+00,3.603153e+00,9.426031e+00,1.222454e+01,4.422898e+00,4.408491e+01,5.952574e+00,3.305194e+00,2.664308e+00,4.672383e-01,6.602169e+01
8.433925e-01,1.175000e+00,1.925000e+01,1.402549e+00,1.049391e+02,1.984133e+01,2.285222e+00,5.688178e+00,2.378932e+00,6.032641e+00,3.668351e+00,9.596593e+00,1.244574e+01,4.502929e+00,4.307314e+01,6.060284e+00,3.365000e+00,2.712517e+00,4.756929e-01,6.540686e+01
8.433925e-01,1.250000e+00,1.925000e+01,1.379317e+00,1.049391e+02,1.933885e+01,2.285222e+00,5.783985e+00,2.419001e+00,6.134250e+00,3.730138e+00,9.758229e+00,1.265537e+01,4.578772e+00,4.211431e+01,6.162359e+00,3.421678e+00,2.758205e+00,4.837050e-01,6.482420e+01
8.433925e-01,1.325000e+00,1.925000e+01,1.357750e+00,1.049391e+02,1.887239e+01,2.285222e+00,5.875858e+00,2.457424e+00,6.231686e+00,3.789388e+00,9.913230e+00,1.285638e+01,4.651502e+00,4.119485e+01,6.260242e+00,3.476028e+00,2.802016e+00,4.913882e-01,6.426546e+01
8.433925e-01,1.400000e+00,1.925000e+01,1.337474e+00,1.049391e+02,1.843385e+01,2.285222e+00,5.964936e+00,2.494679e+00,6.326159e+00,3.846835e+00,1.006351e+01,1.305129e+01,4.722019e+00,4.030337e+01,6.355148e+00,3.528725e+00,2.844495e+00,4.988377e-01,6.372373e+01
8.433925e-01,1.475000e+00,1.925000e+01,1.318196e+00,1.049391e+02,1.801690e+01,2.285222e+00,6.052170e+00,2.531162e+00,6.418675e+00,3.903092e+00,1.021069e+01,1.324215e+01,4.791075e+00,3.943034e+01,6.448088e+00,3.580331e+00,2.886094e+00,5.061329e-01,6.319321e+01
8.433925e-01,1.550000e+00,1.925000e+01,1.299690e+00,1.049391e+02,1.761664e+01,2.285222e+00,6.138345e+00,2.567203e+00,6.510069e+00,3.958667e+00,1.035607e+01,1.343071e+01,4.859294e+00,3.856790e+01,6.539901e+00,3.631310e+00,2.927188e+00,5.133395e-01,6.266913e+01
8.433925e-01,1.625000e+00,1.925000e+01,1.281783e+00,1.049391e+02,1.722934e+01,2.285222e+00,6.224098e+00,2.603067e+00,6.601015e+00,4.013970e+00,1.050075e+01,1.361833e+01,4.927179e+00,3.770969e+01,6.631264e+00,3.682040e+00,2.968081e+00,5.205109e-01,6.214761e+01
8.433925e-01,1.700000e+00,1.925000e+01,1.264355e+00,1.049398e+02,1.685232e+01,2.285222e+00,6.309895e+00,2.638949e+00,6.691993e+00,4.069292e+00,1.064550e+01,1.380606e+01,4.995222e+00,3.685066e+01,6.722808e+00,3.732951e+00,3.008995e+00,5.276859e-01,6.162559e+01
8.433925e-01,1.775000e+00,1.925000e+01,1.247290e+00,1.049391e+02,1.648331e+01,2.285222e+00,6.396221e+00,2.675052e+00,6.783561e+00,4.124974e+00,1.079114e+01,1.399494e+01,5.063436e+00,3.598710e+01,6.814647e+00,3.783865e+00,3.050161e+00,5.349052e-01,6.110084e+01
8.433925e-01,1.850000e+00,1.925000e+01,1.230551e+00,1.049391e+02,1.612127e+01,2.285222e+00,6.483228e+00,2.711441e+00,6.875837e+00,4.181085e+00,1.093793e+01,1.418531e+01,5.132313e+00,3.511634e+01,6.907346e+00,3.835336e+00,3.091652e+00,5.421815e-01,6.057169e+01
8.433925e-01,1.925000e+00,1.925000e+01,1.214094e+00,1.049391e+02,1.576532e+01,2.285222e+00,6.571108e+00,2.748194e+00,6.969039e+00,4.237760e+00,1.108619e+01,1.437759e+01,5.201882e+00,3.423684e+01,7.000975e+00,3.887324e+00,3.133559e+00,5.495307e-01,6.003724e+01
8.433925e-01,2.000000e+00,1.925000e+01,1.197904e+00,1.049391e+02,1.541515e+01,2.285222e+00,6.659920e+00,2.785338e+00,7.063229e+00,4.295035e+00,1.123603e+01,1.457191e+01,5.272188e+00,3.334802e+01,7.095597e+00,3.939864e+00,3.175911e+00,5.569579e-01,5.949713e+01
1.051502e+00,5.000000e-01,2.400000e+01,1.807822e+00,1.197814e+02,3.677080e+01,2.285222e+00,3.972835e+00,1.769309e+00,4.539560e+00,2.821596e+00,7.024057e+00,9.582665e+00,3.352774e+00,5.847059e+01,4.045418e+00,2.496853e+00,1.636436e+00,2.879095e-01,7.542892e+01
1.051502e+00,5.750000e-01,2.400000e+01,1.708229e+00,1.197814e+02,3.408522e+01,2.285222e+00,4.204458e+00,1.872463e+00,4.804224e+00,2.986101e+00,7.433572e+00,1.014135e+01,3.548246e+00,5.604935e+01,4.281274e+00,2.642424e+00,1.731843e+00,3.046951e-01,7.399638e+01
1.051502e+00,6.500000e-01,2.400000e+01,1.631005e+00,1.197814e+02,3.200284e+01,2.285222e+00,4.403529e+00,1.961119e+00,5.031692e+00,3.127485e+00,7.785533e+00,1.062152e+01,3.716247e+00,5.396840e+01,4.483981e+00,2.767536e+00,1.813841e+00,3.191217e-01,7.276518e+01
1.051502e+00,7.250000e-01,2.400000e+01,1.569257e+00,1.197814e+02,3.033777e+01,2.285222e+00,4.576801e+00,2.038286e+00,5.229681e+00,3.250546e+00,8.091881e+00,1.103946e+01,3.862475e+00,5.215713e+01,4.660418e+00,2.876435e+00,1.885213e+00,3.316786e-01,7.169353e+01
1.051502e+00,8.000000e-01,2.400000e+01,1.518597e+00,1.197814e+02,2.897171e+01,2.285222e+00,4.729480e+00,2.106282e+00,5.404141e+00,3.358983e+00,8.361822e+00,1.140773e+01,3.991325e+00,5.056111e+01,4.815888e+00,2.972391e+00,1.948102e+00,3.427432e-01,7.074924e+01
1.051502e+00,8.750000e-01,2.400000e+01,1.476094e+00,1.197814e+02,2.782559e+01,2.285222e+00,4.865662e+00,2.166931e+00,5.559749e+00,3.455702e+00,8.602595e+00,1.173621e+01,4.106253e+00,4.913755e+01,4.954558e+00,3.057979e+00,2.004197e+00,3.526123e-01,6.990699e+01
1.051502e+00,9.500000e-01,2.400000e+01,1.439710e+00,1.197814e+02,2.684448e+01,2.285222e+00,4.988625e+00,2.221693e+00,5.700252e+00,3.543033e+00,8.819995e+00,1.203280e+01,4.210024e+00,4.785218e+01,5.079767e+00,3.135259e+00,2.054846e+00,3.615233e-01,6.914649e+01
1.051502e+00,1.025000e+00,2.400000e+01,1.407984e+00,1.197814e+02,2.598896e+01,2.285222e+00,5.101034e+00,2.271755e+00,5.828697e+00,3.622869e+00,9.018737e+00,1.230393e+01,4.304889e+00,4.667713e+01,5.194230e+00,3.205907e+00,2.101148e+00,3.696695e-01,6.845126e+01
1.051502e+00,1.100000e+00,2.400000e+01,1.379837e+00,1.197814e+02,2.522997e+01,2.285222e+00,5.205088e+00,2.318095e+00,5.947594e+00,3.696770e+00,9.202707e+00,1.255492e+01,4.392702e+00,4.558942e+01,5.300185e+00,3.271303e+00,2.144008e+00,3.772103e-01,6.780772e+01
1.051502e+00,1.175000e+00,2.400000e+01,1.354458e+00,1.197814e+02,2.454562e+01,2.285222e+00,5.302616e+00,2.361530e+00,6.059035e+00,3.766037e+00,9.375139e+00,1.279016e+01,4.475009e+00,4.456992e+01,5.399496e+00,3.332598e+00,2.184181e+00,3.842781e-01,6.720452e+01
1.051502e+00,1.250000e+00,2.400000e+01,1.331226e+00,1.197814e+02,2.391915e+01,2.285222e+00,5.395156e+00,2.402742e+00,6.164775e+00,3.831760e+00,9.538751e+00,1.301337e+01,4.553105e+00,4.360258e+01,5.493726e+00,3.390757e+00,2.222298e+00,3.909844e-01,6.663219e+01
1.051502e+00,1.325000e+00,2.400000e+01,1.309659e+00,1.197814e+02,2.333760e+01,2.285222e+00,5.484000e+00,2.442309e+00,6.266292e+00,3.894859e+00,9.695829e+00,1.322766e+01,4.628083e+00,4.267386e+01,5.584193e+00,3.446594e+00,2.258893e+00,3.974229e-01,6.608271e+01
1.051502e+00,1.400000e+00,2.400000e+01,1.289383e+00,1.197814e+02,2.279084e+01,2.285222e+00,5.570238e+00,2.480715e+00,6.364832e+00,3.956108e+00,9.848300e+00,1.343568e+01,4.700861e+00,4.177238e+01,5.672007e+00,3.500794e+00,2.294415e+00,4.036725e-01,6.554935e+01
1.051502e+00,1.475000e+00,2.400000e+01,1.270113e+00,1.197822e+02,2.227112e+01,2.285222e+00,5.654751e+00,2.518353e+00,6.461388e+00,4.016122e+00,9.997720e+00,1.363953e+01,4.772308e+00,4.088855e+01,5.758188e+00,3.554075e+00,2.329227e+00,4.097971e-01,6.502642e+01
1.051502e+00,1.550000e+00,2.400000e+01,1.251607e+00,1.197822e+02,2.177210e+01,2.285222e+00,5.738360e+00,2.555589e+00,6.556924e+00,4.075503e+00,1.014554e+01,1.384120e+01,4.842869e+00,4.001454e+01,5.843327e+00,3.606624e+00,2.363666e+00,4.158562e-01,6.450931e+01
1.051502e+00,1.625000e+00,2.400000e+01,1.233700e+00,1.197822e+02,2.128924e+01,2.285222e+00,5.821650e+00,2.592682e+00,6.652094e+00,4.134657e+00,1.029280e+01,1.404209e+01,4.913162e+00,3.914388e+01,5.928141e+00,3.658973e+00,2.397974e+00,4.218922e-01,6.399418e+01
1.051502e+00,1.700000e+00,2.400000e+01,1.216264e+00,1.197822e+02,2.081907e+01,2.285222e+00,5.905107e+00,2.629850e+00,6.747456e+00,4.193930e+00,1.044036e+01,1.424340e+01,4.983595e+00,3.827147e+01,6.013125e+00,3.711427e+00,2.432350e+00,4.279403e-01,6.347801e+01
1.051502e+00,1.775000e+00,2.400000e+01,1.199207e+00,1.197822e+02,2.035911e+01,2.285222e+00,5.989099e+00,2.667256e+00,6.843428e+00,4.253582e+00,1.058885e+01,1.444599e+01,5.054479e+00,3.739347e+01,6.098653e+00,3.764217e+00,2.466947e+00,4.340271e-01,6.295854e+01
1.051502e+00,1.850000e+00,2.400000e+01,1.182468e+00,1.197822e+02,1.990774e+01,2.285222e+00,6.073881e+00,2.705013e+00,6.940304e+00,4.313796e+00,1.073875e+01,1.465049e+01,5.126031e+00,3.650721e+01,6.184986e+00,3.817503e+00,2.501869e+00,4.401712e-01,6.243418e+01
1.051502e+00,1.925000e+00,2.400000e+01,1.166003e+00,1.197814e+02,1.946384e+01,2.285222e+00,6.159646e+00,2.743209e+00,7.038319e+00,4.374719e+00,1.089039e+01,1.485736e+01,5.198278e+00,3.561109e+01,6.272185e+00,3.871228e+00,2.537196e+00,4.463866e-01,6.190399e+01
1.051502e+00,2.000000e+00,2.400000e+01,1.149813e+00,1.197814e+02,1.902726e+01,2.285222e+00,6.246379e+00,2.781836e+00,7.137425e+00,4.436318e+00,1.104373e+01,1.506656e+01,5.271473e+00,3.470444e+01,6.360502e+00,3.925738e+00,2.572922e+00,4.526721e-01,6.136757e+01
1.259612e+00,5.000000e-01,2.875000e+01,1.773204e+00,1.339583e+02,4.388312e+01,2.285222e+00,3.749907e+00,1.751750e+00,4.532134e+00,2.860027e+00,6.770605e+00,9.702021e+00,3.322179e+00,5.959542e+01,3.655326e+00,2.464268e+00,1.356850e+00,2.395150e-01,7.661300e+01
1.259612e+00,5.750000e-01,2.875000e+01,1.673612e+00,1.339583e+02,4.066602e+01,2.285222e+00,3.973055e+00,1.855993e+00,4.801831e+00,3.030221e+00,7.173509e+00,1.027937e+01,3.519874e+00,5.719103e+01,3.872846e+00,2.610911e+00,1.437593e+00,2.537680e-01,7.522129e+01
1.259612e+00,6.500000e-01,2.875000e+01,1.596388e+00,1.339583e+02,3.817150e+01,2.285222e+00,4.165248e+00,1.945775e+00,5.034115e+00,3.176805e+00,7.520521e+00,1.077662e+01,3.690144e+00,5.512019e+01,4.060192e+00,2.737212e+00,1.507136e+00,2.660438e-01,7.402264e+01
1.259612e+00,7.250000e-01,2.875000e+01,1.534640e+00,1.339583e+02,3.617689e+01,2.285222e+00,4.332841e+00,2.024065e+00,5.236668e+00,3.304627e+00,7.823116e+00,1.121023e+01,3.838621e+00,5.331440e+01,4.223558e+00,2.847346e+00,1.567777e+00,2.767484e-01,7.297742e+01
1.259612e+00,8.000000e-01,2.875000e+01,1.483980e+00,1.339583e+02,3.454046e+01,2.285222e+00,4.480755e+00,2.093162e+00,5.415435e+00,3.417439e+00,8.090180e+00,1.159292e+01,3.969663e+00,5.172066e+01,4.367741e+00,2.944549e+00,1.621297e+00,2.861959e-01,7.205493e+01
1.259612e+00,8.750000e-01,2.875000e+01,1.441477e+00,1.339583e+02,3.316750e+01,2.285222e+00,4.612873e+00,2.154880e+00,5.575114e+00,3.518205e+00,8.328725e+00,1.193475e+01,4.086712e+00,5.029711e+01,4.496527e+00,3.031371e+00,1.669102e+00,2.946346e-01,7.123095e+01
1.259612e+00,9.500000e-01,2.875000e+01,1.405093e+00,1.339583e+02,3.199222e+01,2.285222e+00,4.732319e+00,2.210679e+00,5.719476e+00,3.609306e+00,8.544390e+00,1.224379e+01,4.192533e+00,4.901010e+01,4.612960e+00,3.109866e+00,1.712322e+00,3.022639e-01,7.048600e+01
1.259612e+00,1.025000e+00,2.875000e+01,1.373367e+00,1.339583e+02,3.096738e+01,2.285222e+00,4.841641e+00,2.261748e+00,5.851602e+00,3.692685e+00,8.741774e+00,1.252663e+01,4.289385e+00,4.783217e+01,4.719525e+00,3.181707e+00,1.751879e+00,3.092465e-01,6.980419e+01
1.259612e+00,1.100000e+00,2.875000e+01,1.345220e+00,1.339583e+02,3.005817e+01,2.285222e+00,4.942945e+00,2.309072e+00,5.974038e+00,3.769949e+00,8.924683e+00,1.278873e+01,4.379134e+00,4.674064e+01,4.818274e+00,3.248280e+00,1.788534e+00,3.157171e-01,6.917239e+01
1.259612e+00,1.175000e+00,2.875000e+01,1.319841e+00,1.339583e+02,2.923837e+01,2.285222e+00,5.037991e+00,2.353472e+00,6.088911e+00,3.842440e+00,9.096292e+00,1.303464e+01,4.463339e+00,4.571654e+01,4.910923e+00,3.310740e+00,1.822925e+00,3.217878e-01,6.857962e+01
1.259612e+00,1.250000e+00,2.875000e+01,1.296609e+00,1.339583e+02,2.848792e+01,2.285222e+00,5.128260e+00,2.395641e+00,6.198009e+00,3.911287e+00,9.259275e+00,1.326819e+01,4.543311e+00,4.474391e+01,4.998915e+00,3.370061e+00,1.855587e+00,3.275535e-01,6.801664e+01
1.259612e+00,1.325000e+00,2.875000e+01,1.275042e+00,1.339583e+02,2.779126e+01,2.285222e+00,5.215001e+00,2.436161e+00,6.302845e+00,3.977444e+00,9.415891e+00,1.349261e+01,4.620159e+00,4.380929e+01,5.083469e+00,3.427063e+00,1.886974e+00,3.330939e-01,6.747566e+01
1.259612e+00,1.400000e+00,2.875000e+01,1.254766e+00,1.339583e+02,2.713629e+01,2.285222e+00,5.299272e+00,2.475528e+00,6.404694e+00,4.041717e+00,9.568045e+00,1.371065e+01,4.694817e+00,4.290128e+01,5.165614e+00,3.482442e+00,1.917466e+00,3.384764e-01,6.695009e+01
1.259612e+00,1.475000e+00,2.875000e+01,1.235488e+00,1.339583e+02,2.651357e+01,2.285222e+00,5.381958e+00,2.514155e+00,6.504629e+00,4.104781e+00,9.717339e+00,1.392458e+01,4.768072e+00,4.201035e+01,5.246215e+00,3.536781e+00,1.947385e+00,3.437578e-01,6.643440e+01
1.259612e+00,1.550000e+00,2.875000e+01,1.216982e+00,1.339583e+02,2.591578e+01,2.285222e+00,5.463799e+00,2.552386e+00,6.603541e+00,4.167200e+00,9.865104e+00,1.413632e+01,4.840577e+00,4.112854e+01,5.325991e+00,3.590563e+00,1.976997e+00,3.489851e-01,6.592399e+01
1.259612e+00,1.625000e+00,2.875000e+01,1.199075e+00,1.339583e+02,2.533735e+01,2.285222e+00,5.545393e+00,2.590502e+00,6.702157e+00,4.229432e+00,1.001243e+01,1.434743e+01,4.912865e+00,4.024937e+01,5.405528e+00,3.644183e+00,2.006521e+00,3.541968e-01,6.541511e+01
1.259612e+00,1.700000e+00,2.875000e+01,1.181639e+00,1.339583e+02,2.477413e+01,2.285222e+00,5.627219e+00,2.628727e+00,6.801052e+00,4.291840e+00,1.016017e+01,1.455913e+01,4.985358e+00,3.936770e+01,5.485291e+00,3.697956e+00,2.036129e+00,3.594232e-01,6.490478e+01
1.259612e+00,1.775000e+00,2.875000e+01,1.164582e+00,1.339583e+02,2.422315e+01,2.285222e+00,5.709638e+00,2.667228e+00,6.900662e+00,4.354700e+00,1.030898e+01,1.477237e+01,5.058375e+00,3.847966e+01,5.565631e+00,3.752118e+00,2.065951e+00,3.646874e-01,6.439077e+01
1.259612e+00,1.850000e+00,2.875000e+01,1.147843e+00,1.339583e+02,2.368243e+01,2.285222e+00,5.792902e+00,2.706125e+00,7.001295e+00,4.418205e+00,1.045931e+01,1.498780e+01,5.132142e+00,3.758251e+01,5.646794e+00,3.806835e+00,2.096078e+00,3.700057e-01,6.387148e+01
1.259612e+00,1.925000e+00,2.875000e+01,1.131386e+00,1.339583e+02,2.315083e+01,2.285222e+00,5.877165e+00,2.745488e+00,7.103135e+00,4.482471e+00,1.061145e+01,1.520581e+01,5.206793e+00,3.667459e+01,5.728932e+00,3.862209e+00,2.126568e+00,3.753877e-01,6.334595e+01
1.259612e+00,2.000000e+00,2.875000e+01,1.115196e+00,1.339583e+02,2.262784e+01,2.285222e+00,5.962489e+00,2.785346e+00,7.206258e+00,4.547547e+00,1.076551e+01,1.542657e+01,5.282385e+00,3.575524e+01,5.812104e+00,3.918281e+00,2.157441e+00,3.808376e-01,6.281381e+01
1.467722e+00,5.000000e-01,3.350000e+01,1.746391e+00,1.474892e+02,5.098424e+01,2.285222e+00,3.588903e+00,1.740748e+00,4.531852e+00,2.891826e+00,6.500651e+00,9.786154e+00,3.303319e+00,6.049833e+01,3.356982e+00,2.440645e+00,1.155862e+00,2.047319e-01,7.756243e+01
1.467722e+00,5.750000e-01,3.350000e+01,1.646798e+00,1.474892e+02,4.723562e+01,2.285222e+00,3.805948e+00,1.846022e+00,4.805923e+00,3.066714e+00,6.893789e+00,1.037799e+01,3.503093e+00,5.810940e+01,3.560001e+00,2.588247e+00,1.225764e+00,2.171134e-01,7.620548e+01
1.467722e+00,6.500000e-01,3.350000e+01,1.569574e+00,1.474892e+02,4.432896e+01,2.285222e+00,3.993202e+00,1.936848e+00,5.042377e+00,3.217597e+00,7.232966e+00,1.088859e+01,3.675447e+00,5.604836e+01,3.735155e+00,2.715590e+00,1.286073e+00,2.277955e-01,7.503478e+01
1.467722e+00,7.250000e-01,3.350000e+01,1.507826e+00,1.474892e+02,4.200481e+01,2.285222e+00,4.156730e+00,2.016165e+00,5.248870e+00,3.349363e+00,7.529168e+00,1.133449e+01,3.825962e+00,5.424847e+01,3.888115e+00,2.826798e+00,1.338739e+00,2.371241e-01,7.401242e+01
1.467722e+00,8.000000e-01,3.350000e+01,1.457166e+00,1.474892e+02,4.009801e+01,2.285222e+00,4.301243e+00,2.086258e+00,5.431352e+00,3.465807e+00,7.790926e+00,1.172855e+01,3.958975e+00,5.265788e+01,4.023289e+00,2.925074e+00,1.385282e+00,2.453679e-01,7.310893e+01
1.467722e+00,8.750000e-01,3.350000e+01,1.414663e+00,1.474892e+02,3.849821e+01,2.285222e+00,4.430472e+00,2.148939e+00,5.594535e+00,3.569936e+00,8.025002e+00,1.208093e+01,4.077921e+00,5.123550e+01,4.144168e+00,3.012957e+00,1.426902e+00,2.527399e-01,7.230100e+01
1.467722e+00,9.500000e-01,3.350000e+01,1.378279e+00,1.474892e+02,3.712875e+01,2.285222e+00,4.547427e+00,2.205667e+00,5.742218e+00,3.664174e+00,8.236844e+00,1.239984e+01,4.185569e+00,4.994822e+01,4.253565e+00,3.092493e+00,1.464569e+00,2.594117e-01,7.156981e+01
1.467722e+00,1.025000e+00,3.350000e+01,1.346553e+00,1.474892e+02,3.593459e+01,2.285222e+00,4.654569e+00,2.257635e+00,5.877511e+00,3.750506e+00,8.430913e+00,1.269199e+01,4.284186e+00,4.876895e+01,4.353784e+00,3.165356e+00,1.499076e+00,2.655237e-01,7.089996e+01
1.467722e+00,1.100000e+00,3.350000e+01,1.318406e+00,1.474892e+02,3.487517e+01,2.285222e+00,4.753940e+00,2.305833e+00,6.002991e+00,3.830576e+00,8.610905e+00,1.296296e+01,4.375649e+00,4.767521e+01,4.446733e+00,3.232933e+00,1.531080e+00,2.711924e-01,7.027870e+01
1.467722e+00,1.175000e+00,3.350000e+01,1.293027e+00,1.474892e+02,3.391993e+01,2.285222e+00,4.847247e+00,2.351090e+00,6.120813e+00,3.905760e+00,8.779914e+00,1.321738e+01,4.461532e+00,4.664822e+01,4.534011e+00,3.296387e+00,1.561131e+00,2.765152e-01,6.969535e+01
1.467722e+00,1.250000e+00,3.350000e+01,1.269795e+00,1.474892e+02,3.304549e+01,2.285222e+00,4.935932e+00,2.394106e+00,6.232799e+00,3.977219e+00,8.940551e+00,1.345921e+01,4.543159e+00,4.567210e+01,4.616965e+00,3.356698e+00,1.589693e+00,2.815743e-01,6.914090e+01
1.467722e+00,1.325000e+00,3.350000e+01,1.248228e+00,1.474892e+02,3.223373e+01,2.285222e+00,5.021214e+00,2.435470e+00,6.340488e+00,4.045937e+00,9.095024e+00,1.369175e+01,4.621655e+00,4.473343e+01,4.696736e+00,3.414694e+00,1.617159e+00,2.864392e-01,6.860772e+01
1.467722e+00,1.400000e+00,3.350000e+01,1.227952e+00,1.474892e+02,3.147055e+01,2.285222e+00,5.104125e+00,2.475685e+00,6.445183e+00,4.112744e+00,9.245202e+00,1.391783e+01,4.697968e+00,4.382086e+01,4.774289e+00,3.471079e+00,1.643862e+00,2.911690e-01,6.808937e+01
1.467722e+00,1.475000e+00,3.350000e+01,1.208674e+00,1.474892e+02,3.074494e+01,2.285222e+00,5.185533e+00,2.515171e+00,6.547981e+00,4.178340e+00,9.392659e+00,1.413982e+01,4.772899e+00,4.292483e+01,4.850437e+00,3.526441e+00,1.670081e+00,2.958130e-01,6.758041e+01
1.467722e+00,1.550000e+00,3.350000e+01,1.190168e+00,1.474892e+02,3.004839e+01,2.285222e+00,5.266163e+00,2.554280e+00,6.649795e+00,4.243309e+00,9.538705e+00,1.435968e+01,4.847113e+00,4.203737e+01,4.925856e+00,3.581274e+00,1.696049e+00,3.004126e-01,6.707632e+01
1.467722e+00,1.625000e+00,3.350000e+01,1.172261e+00,1.474892e+02,2.937439e+01,2.285222e+00,5.346605e+00,2.593297e+00,6.751373e+00,4.308127e+00,9.684412e+00,1.457902e+01,4.921154e+00,4.115197e+01,5.001100e+00,3.635979e+00,1.721957e+00,3.050015e-01,6.657340e+01
1.467722e+00,1.700000e+00,3.350000e+01,1.154825e+00,1.474892e+02,2.871811e+01,2.285222e+00,5.427330e+00,2.632451e+00,6.853307e+00,4.373173e+00,9.830630e+00,1.479914e+01,4.995455e+00,4.026346e+01,5.076609e+00,3.690877e+00,1.747955e+00,3.096065e-01,6.606871e+01
1.467722e+00,1.775000e+00,3.350000e+01,1.137768e+00,1.474892e+02,2.807610e+01,2.285222e+00,5.508694e+00,2.671916e+00,6.956049e+00,4.438733e+00,9.978007e+00,1.502101e+01,5.070344e+00,3.936792e+01,5.152715e+00,3.746209e+00,1.774160e+00,3.142479e-01,6.556003e+01
1.467722e+00,1.850000e+00,3.350000e+01,1.121029e+00,1.474892e+02,2.744605e+01,2.285222e+00,5.590949e+00,2.711813e+00,7.059916e+00,4.505012e+00,1.012700e+01,1.524530e+01,5.146054e+00,3.846257e+01,5.229655e+00,3.802147e+00,1.800651e+00,3.189402e-01,6.504578e+01
1.467722e+00,1.925000e+00,3.350000e+01,1.104572e+00,1.474892e+02,2.682662e+01,2.285222e+00,5.674249e+00,2.752216e+00,7.165101e+00,4.572132e+00,1.027788e+01,1.547244e+01,5.222725e+00,3.754572e+01,5.307572e+00,3.858795e+00,1.827479e+00,3.236921e-01,6.452499e+01
1.467722e+00,2.000000e+00,3.350000e+01,1.088382e+00,1.474893e+02,2.621722e+01,2.285222e+00,5.758656e+00,2.793157e+00,7.271686e+00,4.640145e+00,1.043077e+01,1.570260e+01,5.300416e+00,3.661668e+01,5.386525e+00,3.916197e+00,1.854664e+00,3.285072e-01,6.399728e+01
1.675832e+00,5.000000e-01,3.825000e+01,1.724507e+00,1.603868e+02,5.807438e+01,2.285222e+00,3.468069e+00,1.733990e+00,4.536179e+00,2.919302e+00,6.218890e+00,9.847183e+00,3.292056e+00,6.125682e+01,3.120829e+00,2.423284e+00,1.004804e+00,1.785956e-01,7.835917e+01
1.675832e+00,5.750000e-01,3.825000e+01,1.624914e+00,1.603868e+02,5.379424e+01,2.285222e+00,3.680631e+00,1.840268e+00,4.814206e+00,3.098229e+00,6.600053e+00,1.045073e+01,3.493830e+00,5.888220e+01,3.312108e+00,2.571810e+00,1.066390e+00,1.895420e-01,7.703278e+01
1.675832e+00,6.500000e-01,3.825000e+01,1.547690e+00,1.603868e+02,5.047544e+01,2.285222e+00,3.864280e+00,1.932091e+00,5.054416e+00,3.252819e+00,6.929371e+00,1.097218e+01,3.668159e+00,5.683058e+01,3.477370e+00,2.700134e+00,1.119599e+00,1.989994e-01,7.588681e+01
1.675832e+00,7.250000e-01,3.825000e+01,1.491486e+00,1.603868e+02,4.806001e+01,2.285222e+00,4.015600e+00,2.007749e+00,5.252341e+00,3.380195e+00,7.200715e+00,1.140183e+01,3.811799e+00,5.514013e+01,3.613539e+00,2.805868e+00,1.163441e+00,2.067919e-01,7.494257e+01
1.675832e+00,8.000000e-01,3.825000e+01,1.435282e+00,1.603868e+02,4.564457e+01,2.285222e+00,4.166920e+00,2.083407e+00,5.450265e+00,3.507571e+00,7.472060e+00,1.183149e+01,3.955439e+00,5.344967e+01,3.749708e+00,2.911602e+00,1.207283e+00,2.145845e-01,7.399832e+01
1.675832e+00,8.750000e-01,3.825000e+01,1.392779e+00,1.603868e+02,4.381795e+01,2.285222e+00,4.294081e+00,2.146986e+00,5.616589e+00,3.614610e+00,7.700083e+00,1.219255e+01,4.076146e+00,5.202911e+01,3.864137e+00,3.000454e+00,1.244125e+00,2.211329e-01,7.320484e+01
1.675832e+00,9.500000e-01,3.825000e+01,1.356395e+00,1.603868e+02,4.225431e+01,2.285222e+00,4.409264e+00,2.204576e+00,5.767247e+00,3.711568e+00,7.906628e+00,1.251960e+01,4.185484e+00,5.074235e+01,3.967788e+00,3.080938e+00,1.277497e+00,2.270645e-01,7.248609e+01
1.675832e+00,1.025000e+00,3.825000e+01,1.324669e+00,1.603868e+02,4.089083e+01,2.285222e+00,4.514868e+00,2.257376e+00,5.905375e+00,3.800461e+00,8.095995e+00,1.281945e+01,4.285727e+00,4.956261e+01,4.062818e+00,3.154728e+00,1.308093e+00,2.325028e-01,7.182712e+01
1.675832e+00,1.100000e+00,3.825000e+01,1.296522e+00,1.603868e+02,3.968119e+01,2.285222e+00,4.612882e+00,2.306383e+00,6.033577e+00,3.882966e+00,8.271754e+00,1.309775e+01,4.378768e+00,4.846765e+01,4.151019e+00,3.223215e+00,1.336491e+00,2.375502e-01,7.121551e+01
1.675832e+00,1.175000e+00,3.825000e+01,1.271143e+00,1.603868e+02,3.859050e+01,2.285222e+00,4.704980e+00,2.352430e+00,6.154038e+00,3.960491e+00,8.436901e+00,1.335925e+01,4.466191e+00,4.743879e+01,4.233896e+00,3.287568e+00,1.363175e+00,2.422930e-01,7.064082e+01
1.675832e+00,1.250000e+00,3.825000e+01,1.247911e+00,1.603868e+02,3.759207e+01,2.285222e+00,4.792571e+00,2.396225e+00,6.268607e+00,4.034222e+00,8.593969e+00,1.360796e+01,4.549337e+00,4.646027e+01,4.312717e+00,3.348772e+00,1.388553e+00,2.468037e-01,7.009425e+01
1.675832e+00,1.325000e+00,3.825000e+01,1.226345e+00,1.603868e+02,3.666521e+01,2.285222e+00,4.876854e+00,2.438365e+00,6.378847e+00,4.105169e+00,8.745103e+00,1.384727e+01,4.629342e+00,4.551871e+01,4.388561e+00,3.407664e+00,1.412972e+00,2.511440e-01,6.956832e+01
1.675832e+00,1.400000e+00,3.825000e+01,1.206068e+00,1.603868e+02,3.579382e+01,2.285222e+00,4.958842e+00,2.479358e+00,6.486086e+00,4.174184e+00,8.892124e+00,1.408006e+01,4.707169e+00,4.460279e+01,4.462340e+00,3.464953e+00,1.436726e+00,2.553662e-01,6.905671e+01
1.675832e+00,1.475000e+00,3.825000e+01,1.186791e+00,1.603868e+02,3.496533e+01,2.285222e+00,5.039392e+00,2.519632e+00,6.591444e+00,4.241988e+00,9.036564e+00,1.430877e+01,4.783631e+00,4.370293e+01,4.534825e+00,3.521236e+00,1.460064e+00,2.595143e-01,6.855408e+01
1.675832e+00,1.550000e+00,3.825000e+01,1.169943e+00,1.600744e+02,3.416459e+01,2.285222e+00,5.136814e+00,2.560723e+00,6.695817e+00,4.305652e+00,9.167369e+00,1.451880e+01,4.861422e+00,4.276456e+01,4.635877e+00,3.578971e+00,1.506359e+00,2.676347e-01,6.799634e+01
1.675832e+00,1.625000e+00,3.825000e+01,1.150378e+00,1.603868e+02,3.340045e+01,2.285222e+00,5.198902e+00,2.599385e+00,6.800081e+00,4.376258e+00,9.322596e+00,1.476169e+01,4.935046e+00,4.192098e+01,4.678365e+00,3.632693e+00,1.506279e+00,2.677286e-01,6.755873e+01
1.675832e+00,1.700000e+00,3.825000e+01,1.132942e+00,1.603868e+02,3.265111e+01,2.285222e+00,5.278913e+00,2.639389e+00,6.904734e+00,4.443608e+00,9.466070e+00,1.498887e+01,5.010996e+00,4.102715e+01,4.750365e+00,3.688601e+00,1.529460e+00,2.718489e-01,6.705946e+01
1.675832e+00,1.775000e+00,3.825000e+01,1.115885e+00,1.603868e+02,3.191807e+01,2.285222e+00,5.359604e+00,2.679734e+00,7.010277e+00,4.511531e+00,9.610764e+00,1.521798e+01,5.087592e+00,4.012571e+01,4.822977e+00,3.744983e+00,1.552839e+00,2.760043e-01,6.655595e+01
1.675832e+00,1.850000e+00,3.825000e+01,1.099146e+00,1.603868e+02,3.119868e+01,2.285222e+00,5.441226e+00,2.720544e+00,7.117037e+00,4.580238e+00,9.757128e+00,1.544974e+01,5.165071e+00,3.921388e+01,4.896427e+00,3.802017e+00,1.576487e+00,2.802076e-01,6.604662e+01
1.675832e+00,1.925000e+00,3.825000e+01,1.082689e+00,1.603868e+02,3.049142e+01,2.285222e+00,5.523934e+00,2.761897e+00,7.225217e+00,4.649858e+00,9.905438e+00,1.568458e+01,5.243581e+00,3.828992e+01,4.970853e+00,3.859808e+00,1.600450e+00,2.844668e-01,6.553053e+01
1.675832e+00,2.000000e+00,3.825000e+01,1.066498e+00,1.603868e+02,2.979562e+01,2.285222e+00,5.607792e+00,2.803824e+00,7.334902e+00,4.720447e+00,1.005581e+01,1.592268e+01,5.323183e+00,3.735311e+01,5.046315e+00,3.918403e+00,1.624746e+00,2.887852e-01,6.500725e+01
1.883942e+00,5.000000e-01,4.300000e+01,1.705940e+00,1.726595e+02,6.515369e+01,2.285222e+00,3.374783e+00,1.730143e+00,4.543665e+00,2.943812e+00,5.928090e+00,9.892198e+00,3.286002e+00,6.191624e+01,2.928919e+00,2.410495e+00,8.873699e-01,1.582819e-01,7.905117e+01
1.883942e+00,5.750000e-01,4.300000e+01,1.606347e+00,1.726595e+02,6.034203e+01,2.285222e+00,3.584019e+00,1.837411e+00,4.825370e+00,3.126327e+00,6.295629e+00,1.050551e+01,3.489732e+00,5.955507e+01,3.110511e+00,2.559944e+00,9.423864e-01,1.680953e-01,7.775235e+01
1.883942e+00,6.500000e-01,4.300000e+01,1.529124e+00,1.726595e+02,5.661109e+01,2.285222e+00,3.765019e+00,1.930204e+00,5.069061e+00,3.284212e+00,6.613571e+00,1.103606e+01,3.665971e+00,5.751251e+01,3.267598e+00,2.689227e+00,9.899788e-01,1.765844e-01,7.662880e+01
1.883942e+00,7.250000e-01,4.300000e+01,1.467376e+00,1.726595e+02,5.362785e+01,2.285222e+00,3.923452e+00,2.011428e+00,5.282369e+00,3.422413e+00,6.891873e+00,1.150046e+01,3.820237e+00,5.572462e+01,3.405100e+00,2.802391e+00,1.031638e+00,1.840151e-01,7.564533e+01
1.883942e+00,8.000000e-01,4.300000e+01,1.416716e+00,1.726595e+02,5.118031e+01,2.285222e+00,4.063749e+00,2.083354e+00,5.471259e+00,3.544794e+00,7.138316e+00,1.191170e+01,3.956843e+00,5.414140e+01,3.526862e+00,2.902601e+00,1.068527e+00,1.905953e-01,7.477444e+01
1.883942e+00,8.750000e-01,4.300000e+01,1.374213e+00,1.726595e+02,4.912684e+01,2.285222e+00,4.189437e+00,2.147790e+00,5.640479e+00,3.654431e+00,7.359098e+00,1.228012e+01,4.079224e+00,5.272304e+01,3.635944e+00,2.992375e+00,1.101576e+00,1.964902e-01,7.399424e+01
1.883942e+00,9.500000e-01,4.300000e+01,1.337829e+00,1.726595e+02,4.736903e+01,2.285222e+00,4.303373e+00,2.206201e+00,5.793878e+00,3.753817e+00,7.559236e+00,1.261409e+01,4.190163e+00,5.143729e+01,3.734827e+00,3.073756e+00,1.131534e+00,2.018339e-01,7.328699e+01
1.883942e+00,1.025000e+00,4.300000e+01,1.306103e+00,1.726595e+02,4.583623e+01,2.285222e+00,4.407905e+00,2.259792e+00,5.934616e+00,3.845000e+00,7.742855e+00,1.292049e+01,4.291945e+00,5.025767e+01,3.825549e+00,3.148420e+00,1.159020e+00,2.067366e-01,7.263811e+01
1.883942e+00,1.100000e+00,4.300000e+01,1.277956e+00,1.726595e+02,4.447637e+01,2.285222e+00,4.504988e+00,2.309563e+00,6.065324e+00,3.929685e+00,7.913390e+00,1.320507e+01,4.386474e+00,4.916210e+01,3.909806e+00,3.217764e+00,1.184547e+00,2.112900e-01,7.203547e+01
1.883942e+00,1.175000e+00,4.300000e+01,1.252577e+00,1.726595e+02,4.325024e+01,2.285222e+00,4.596265e+00,2.356358e+00,6.188215e+00,4.009305e+00,8.073725e+00,1.347262e+01,4.475349e+00,4.813207e+01,3.989024e+00,3.282960e+00,1.208548e+00,2.155709e-01,7.146887e+01
1.883942e+00,1.250000e+00,4.300000e+01,1.229345e+00,1.726595e+02,4.212782e+01,2.285222e+00,4.683125e+00,2.400888e+00,6.305159e+00,4.085073e+00,8.226301e+00,1.372722e+01,4.559924e+00,4.715187e+01,4.064408e+00,3.345001e+00,1.231387e+00,2.196448e-01,7.092970e+01
1.883942e+00,1.325000e+00,4.300000e+01,1.207778e+00,1.726595e+02,4.108586e+01,2.285222e+00,4.766749e+00,2.443759e+00,6.417747e+00,4.158018e+00,8.373194e+00,1.397234e+01,4.641348e+00,4.620819e+01,4.136984e+00,3.404731e+00,1.253375e+00,2.235669e-01,7.041060e+01
1.883942e+00,1.400000e+00,4.300000e+01,1.187502e+00,1.726595e+02,4.010626e+01,2.285222e+00,4.848139e+00,2.485485e+00,6.527328e+00,4.229014e+00,8.516163e+00,1.421091e+01,4.720597e+00,4.528972e+01,4.207621e+00,3.462866e+00,1.274776e+00,2.273842e-01,6.990538e+01
1.883942e+00,1.475000e+00,4.300000e+01,1.168224e+00,1.726595e+02,3.917488e+01,2.285222e+00,4.928142e+00,2.526501e+00,6.635040e+00,4.298801e+00,8.656695e+00,1.444542e+01,4.798496e+00,4.438690e+01,4.277055e+00,3.520009e+00,1.295812e+00,2.311364e-01,6.940876e+01
1.883942e+00,1.550000e+00,4.300000e+01,1.149718e+00,1.726595e+02,3.828080e+01,2.285222e+00,5.007465e+00,2.567167e+00,6.741838e+00,4.367994e+00,8.796033e+00,1.467793e+01,4.875732e+00,4.349175e+01,4.345899e+00,3.576668e+00,1.316669e+00,2.348568e-01,6.891636e+01
1.883942e+00,1.625000e+00,4.300000e+01,1.131811e+00,1.726595e+02,3.741567e+01,2.285222e+00,5.086690e+00,2.607783e+00,6.848502e+00,4.437101e+00,8.935197e+00,1.491015e+01,4.952872e+00,4.259772e+01,4.414656e+00,3.633255e+00,1.337500e+00,2.385725e-01,6.842458e+01
1.883942e+00,1.700000e+00,4.300000e+01,1.114375e+00,1.726595e+02,3.657328e+01,2.285222e+00,5.166278e+00,2.648585e+00,6.955656e+00,4.506526e+00,9.075001e+00,1.514344e+01,5.030367e+00,4.169958e+01,4.483730e+00,3.690103e+00,1.358427e+00,2.423053e-01,6.793054e+01
1.883942e+00,1.775000e+00,4.300000e+01,1.097318e+00,1.726595e+02,3.574920e+01,2.285222e+00,5.246583e+00,2.689755e+00,7.063776e+00,4.576576e+00,9.216064e+00,1.537884e+01,5.108560e+00,4.079335e+01,4.553426e+00,3.747463e+00,1.379543e+00,2.460717e-01,6.743205e+01
1.883942e+00,1.850000e+00,4.300000e+01,1.080579e+00,1.726595e+02,3.494048e+01,2.285222e+00,5.327857e+00,2.731422e+00,7.173200e+00,4.647471e+00,9.358828e+00,1.561707e+01,5.187695e+00,3.987619e+01,4.623962e+00,3.805514e+00,1.400913e+00,2.498836e-01,6.692754e+01
1.883942e+00,1.925000e+00,4.300000e+01,1.064122e+00,1.726595e+02,3.414539e+01,2.285222e+00,5.410254e+00,2.773664e+00,7.284136e+00,4.719346e+00,9.503566e+00,1.585859e+01,5.267925e+00,3.894635e+01,4.695473e+00,3.864368e+00,1.422579e+00,2.537481e-01,6.641607e+01
1.883942e+00,2.000000e+00,4.300000e+01,1.047932e+00,1.726595e+02,3.336318e+01,2.285222e+00,5.493842e+00,2.816517e+00,7.396674e+00,4.792258e+00,9.650394e+00,1.610360e+01,5.349313e+00,3.800309e+01,4.768017e+00,3.924072e+00,1.444557e+00,2.576685e-01,6.589720e+01
2.092052e+00,5.000000e-01,4.775000e+01,1.689715e+00,1.843135e+02,7.222226e+01,2.285222e+00,3.301222e+00,1.728384e+00,4.553424e+00,2.966207e+00,5.629985e+00,9.925633e+00,3.283684e+00,6.250493e+01,2.769690e+00,2.401157e+00,7.936146e-01,1.420686e-01,7.966838e+01
2.092052e+00,5.750000e-01,4.775000e+01,1.590122e+00,1.843135e+02,6.687908e+01,2.285222e+00,3.507984e+00,1.836636e+00,4.838615e+00,3.151987e+00,5.982604e+00,1.054730e+01,3.489348e+00,6.015653e+01,2.943162e+00,2.551547e+00,8.433204e-01,1.509666e-01,7.839497e+01
2.092052e+00,6.500000e-01,4.775000e+01,1.512898e+00,1.843135e+02,6.273601e+01,2.285222e+00,3.687045e+00,1.930385e+00,5.085595e+00,3.312876e+00,6.287978e+00,1.108567e+01,3.667457e+00,5.812278e+01,3.093391e+00,2.681788e+00,8.863666e-01,1.586725e-01,7.729217e+01
2.092052e+00,7.250000e-01,4.775000e+01,1.451150e+00,1.843135e+02,5.942322e+01,2.285222e+00,3.843932e+00,2.012525e+00,5.301992e+00,3.453842e+00,6.555537e+00,1.155738e+01,3.823511e+00,5.634086e+01,3.225018e+00,2.795900e+00,9.240823e-01,1.654242e-01,7.632593e+01
2.092052e+00,8.000000e-01,4.775000e+01,1.400490e+00,1.843135e+02,5.670531e+01,2.285222e+00,3.982978e+00,2.085323e+00,5.493780e+00,3.578777e+00,6.792669e+00,1.197544e+01,3.961818e+00,5.476159e+01,3.341676e+00,2.897036e+00,9.575090e-01,1.714080e-01,7.546957e+01
2.092052e+00,8.750000e-01,4.775000e+01,1.357987e+00,1.843135e+02,5.442501e+01,2.285222e+00,4.107639e+00,2.150591e+00,5.665728e+00,3.690788e+00,7.005270e+00,1.235025e+01,4.085818e+00,5.334569e+01,3.446266e+00,2.987710e+00,9.874776e-01,1.767729e-01,7.470180e+01
2.092052e+00,9.500000e-01,4.775000e+01,1.321603e+00,1.843135e+02,5.247302e+01,2.285222e+00,4.220722e+00,2.209797e+00,5.821705e+00,3.792395e+00,7.198125e+00,1.269025e+01,4.198300e+00,5.206130e+01,3.541142e+00,3.069961e+00,1.014663e+00,1.816394e-01,7.400534e+01
2.092052e+00,1.025000e+00,4.775000e+01,1.289877e+00,1.843135e+02,5.077090e+01,2.285222e+00,4.324537e+00,2.264150e+00,5.964897e+00,3.885674e+00,7.375172e+00,1.300239e+01,4.301563e+00,5.088218e+01,3.628241e+00,3.145471e+00,1.039620e+00,1.861071e-01,7.336597e+01
2.092052e+00,1.100000e+00,4.775000e+01,1.261730e+00,1.843135e+02,4.926082e+01,2.285222e+00,4.421008e+00,2.314658e+00,6.097962e+00,3.972356e+00,7.539698e+00,1.329244e+01,4.397522e+00,4.978646e+01,3.709180e+00,3.215641e+00,1.062812e+00,1.902587e-01,7.277182e+01
2.092052e+00,1.175000e+00,4.775000e+01,1.236351e+00,1.843135e+02,4.789925e+01,2.285222e+00,4.511759e+00,2.362172e+00,6.223136e+00,4.053897e+00,7.694466e+00,1.356530e+01,4.487790e+00,4.875572e+01,3.785319e+00,3.281649e+00,1.084628e+00,1.941642e-01,7.221290e+01
2.092052e+00,1.250000e+00,4.775000e+01,1.213119e+00,1.843135e+02,4.665284e+01,2.285222e+00,4.598162e+00,2.407409e+00,6.342313e+00,4.131532e+00,7.841820e+00,1.382508e+01,4.573734e+00,4.777436e+01,3.857810e+00,3.344495e+00,1.105399e+00,1.978826e-01,7.168076e+01
2.092052e+00,1.325000e+00,4.775000e+01,1.191552e+00,1.843135e+02,4.549579e+01,2.285222e+00,4.681387e+00,2.450982e+00,6.457106e+00,4.206311e+00,7.983754e+00,1.407531e+01,4.656517e+00,4.682910e+01,3.927635e+00,3.405029e+00,1.125407e+00,2.014642e-01,7.116819e+01
2.092052e+00,1.400000e+00,4.775000e+01,1.171276e+00,1.843135e+02,4.440797e+01,2.285222e+00,4.762427e+00,2.493411e+00,6.568886e+00,4.279127e+00,8.121962e+00,1.431897e+01,4.737127e+00,4.590865e+01,3.995627e+00,3.463974e+00,1.144889e+00,2.049517e-01,7.066908e+01
2.092052e+00,1.475000e+00,4.775000e+01,1.151998e+00,1.843135e+02,4.337371e+01,2.285222e+00,4.842123e+00,2.535136e+00,6.678811e+00,4.350735e+00,8.257877e+00,1.455859e+01,4.816399e+00,4.500347e+01,4.062491e+00,3.521941e+00,1.164048e+00,2.083814e-01,7.017825e+01
2.092052e+00,1.550000e+00,4.775000e+01,1.133492e+00,1.843135e+02,4.238086e+01,2.285222e+00,4.921177e+00,2.576526e+00,6.787852e+00,4.421767e+00,8.392698e+00,1.479628e+01,4.895034e+00,4.410557e+01,4.128817e+00,3.579442e+00,1.183052e+00,2.117836e-01,6.969137e+01
2.092052e+00,1.625000e+00,4.775000e+01,1.115586e+00,1.843135e+02,4.142016e+01,2.285222e+00,5.000169e+00,2.617883e+00,6.896807e+00,4.492742e+00,8.527412e+00,1.503378e+01,4.973605e+00,4.320839e+01,4.195090e+00,3.636897e+00,1.202042e+00,2.151830e-01,6.920487e+01
2.092052e+00,1.700000e+00,4.775000e+01,1.098150e+00,1.843135e+02,4.048472e+01,2.285222e+00,5.079559e+00,2.659448e+00,7.006311e+00,4.564076e+00,8.662807e+00,1.527248e+01,5.052574e+00,4.230668e+01,4.261698e+00,3.694642e+00,1.221127e+00,2.185995e-01,6.871592e+01
2.092052e+00,1.775000e+00,4.775000e+01,1.081093e+00,1.843135e+02,3.956961e+01,2.285222e+00,5.159702e+00,2.701408e+00,7.116853e+00,4.636085e+00,8.799484e+00,1.551344e+01,5.132291e+00,4.139642e+01,4.328937e+00,3.752935e+00,1.240394e+00,2.220485e-01,6.822234e+01
2.092052e+00,1.850000e+00,4.775000e+01,1.064353e+00,1.843135e+02,3.867155e+01,2.285222e+00,5.240848e+00,2.743893e+00,7.228780e+00,4.708997e+00,8.937873e+00,1.575742e+01,5.213006e+00,4.047477e+01,4.397018e+00,3.811957e+00,1.259901e+00,2.255406e-01,6.772257e+01
2.092052e+00,1.925000e+00,4.775000e+01,1.047896e+00,1.843135e+02,3.778863e+01,2.285222e+00,5.323155e+00,2.786985e+00,7.342306e+00,4.782951e+00,9.078241e+00,1.600489e+01,5.294876e+00,3.953993e+01,4.466073e+00,3.871824e+00,1.279688e+00,2.290827e-01,6.721566e+01
2.092052e+00,2.000000e+00,4.775000e+01,1.031706e+00,1.843135e+02,3.692002e+01,2.285222e+00,5.406690e+00,2.830721e+00,7.457527e+00,4.858008e+00,9.220703e+00,1.625605e+01,5.377967e+00,3.859115e+01,4.536158e+00,3.932583e+00,1.299769e+00,2.326776e-01,6.670119e+01
2.300161e+00,5.000000e-01,5.250000e+01,1.675203e+00,1.953533e+02,7.928019e+01,2.285222e+00,3.242273e+00,1.728177e+00,4.564884e+00,2.987050e+00,5.325716e+00,9.950401e+00,3.284145e+00,6.304153e+01,2.635337e+00,2.394502e+00,7.171400e-01,1.288477e-01,8.023051e+01
2.300161e+00,5.750000e-01,5.250000e+01,1.575610e+00,1.953533e+02,7.340549e+01,2.285222e+00,3.447214e+00,1.837413e+00,4.853426e+00,3.175859e+00,5.662349e+00,1.057936e+01,3.491733e+00,6.070542e+01,2.801914e+00,2.545857e+00,7.624697e-01,1.369920e-01,7.898089e+01
2.300161e+00,6.500000e-01,5.250000e+01,1.506124e+00,1.953533e+02,6.930672e+01,2.285222e+00,3.613945e+00,1.926283e+00,5.088171e+00,3.329465e+00,5.936220e+00,1.109105e+01,3.660617e+00,5.880486e+01,2.937434e+00,2.668992e+00,7.993480e-01,1.436179e-01,7.796426e+01
2.300161e+00,7.250000e-01,5.250000e+01,1.436638e+00,1.953533e+02,6.520794e+01,2.285222e+00,3.780676e+00,2.015153e+00,5.322917e+00,3.483072e+00,6.210090e+00,1.160274e+01,3.829502e+00,5.690430e+01,3.072954e+00,2.792128e+00,8.362263e-01,1.502438e-01,7.694763e+01
2.300161e+00,8.000000e-01,5.250000e+01,1.385979e+00,1.953533e+02,6.221967e+01,2.285222e+00,3.918866e+00,2.088810e+00,5.517478e+00,3.610383e+00,6.437079e+00,1.202684e+01,3.969476e+00,5.532908e+01,3.185276e+00,2.894185e+00,8.667917e-01,1.557354e-01,7.610503e+01
2.300161e+00,8.750000e-01,5.250000e+01,1.343475e+00,1.953533e+02,5.971253e+01,2.285222e+00,4.042846e+00,2.154893e+00,5.692032e+00,3.724604e+00,6.640726e+00,1.240733e+01,4.095057e+00,5.391584e+01,3.286047e+00,2.985747e+00,8.942140e-01,1.606624e-01,7.534908e+01
2.300161e+00,9.500000e-01,5.250000e+01,1.307092e+00,1.953533e+02,5.756637e+01,2.285222e+00,4.155380e+00,2.214876e+00,5.850473e+00,3.828280e+00,6.825574e+00,1.275269e+01,4.209045e+00,5.263307e+01,3.377516e+00,3.068857e+00,9.191050e-01,1.651345e-01,7.466291e+01
2.300161e+00,1.025000e+00,5.250000e+01,1.275365e+00,1.953533e+02,5.569492e+01,2.285222e+00,4.258750e+00,2.269974e+00,5.996011e+00,3.923513e+00,6.995369e+00,1.306993e+01,4.313750e+00,5.145476e+01,3.461536e+00,3.145199e+00,9.419688e-01,1.692424e-01,7.403261e+01
2.300161e+00,1.100000e+00,5.250000e+01,1.247219e+00,1.953533e+02,5.403463e+01,2.285222e+00,4.354860e+00,2.321202e+00,6.131326e+00,4.012057e+00,7.153237e+00,1.336489e+01,4.411101e+00,5.035921e+01,3.539655e+00,3.216179e+00,9.632267e-01,1.730618e-01,7.344659e+01
2.300161e+00,1.175000e+00,5.250000e+01,1.221840e+00,1.953533e+02,5.253761e+01,2.285222e+00,4.445314e+00,2.369415e+00,6.258679e+00,4.095391e+00,7.301816e+00,1.364249e+01,4.502724e+00,4.932813e+01,3.613177e+00,3.282982e+00,9.832338e-01,1.766564e-01,7.289506e+01
2.300161e+00,1.250000e+00,5.250000e+01,1.198608e+00,1.953533e+02,5.116721e+01,2.285222e+00,4.531476e+00,2.415340e+00,6.379988e+00,4.174770e+00,7.443344e+00,1.390691e+01,4.589998e+00,4.834598e+01,3.683209e+00,3.346615e+00,1.002291e+00,1.800805e-01,7.236969e+01
2.300161e+00,1.325000e+00,5.250000e+01,1.177041e+00,1.953533e+02,4.989506e+01,2.285222e+00,4.614505e+00,2.459596e+00,6.496887e+00,4.251264e+00,7.579727e+00,1.416173e+01,4.674099e+00,4.739953e+01,3.750696e+00,3.407934e+00,1.020656e+00,1.833800e-01,7.186343e+01
2.300161e+00,1.400000e+00,5.250000e+01,1.156765e+00,1.953533e+02,4.869903e+01,2.285222e+00,4.695389e+00,2.502708e+00,6.610766e+00,4.325781e+00,7.712586e+00,1.440996e+01,4.756028e+00,4.647754e+01,3.816439e+00,3.467669e+00,1.038546e+00,1.865944e-01,7.137024e+01
2.300161e+00,1.475000e+00,5.250000e+01,1.137487e+00,1.953533e+02,4.756188e+01,2.285222e+00,4.774965e+00,2.545124e+00,6.722804e+00,4.399093e+00,7.843297e+00,1.465417e+01,4.836632e+00,4.557045e+01,3.881119e+00,3.526439e+00,1.056147e+00,1.897567e-01,7.088503e+01
2.300161e+00,1.550000e+00,5.250000e+01,1.118981e+00,1.953533e+02,4.647027e+01,2.285222e+00,4.853935e+00,2.587215e+00,6.833987e+00,4.471846e+00,7.973011e+00,1.489652e+01,4.916621e+00,4.467029e+01,3.945306e+00,3.584760e+00,1.073614e+00,1.928950e-01,7.040353e+01
2.300161e+00,1.625000e+00,5.250000e+01,1.101074e+00,1.953533e+02,4.541401e+01,2.285222e+00,4.932874e+00,2.629291e+00,6.945127e+00,4.544571e+00,8.102675e+00,1.513879e+01,4.996579e+00,4.377046e+01,4.009468e+00,3.643059e+00,1.091074e+00,1.960320e-01,6.992220e+01
2.300161e+00,1.700000e+00,5.250000e+01,1.083638e+00,1.953533e+02,4.438551e+01,2.285222e+00,5.012244e+00,2.671597e+00,7.056875e+00,4.617694e+00,8.233048e+00,1.538237e+01,5.076975e+00,4.286572e+01,4.073981e+00,3.701676e+00,1.108630e+00,1.991862e-01,6.943825e+01
2.300161e+00,1.775000e+00,5.250000e+01,1.066581e+00,1.953533e+02,4.337937e+01,2.285222e+00,5.092401e+00,2.714321e+00,7.169730e+00,4.691541e+00,8.364713e+00,1.562837e+01,5.158167e+00,4.195202e+01,4.139133e+00,3.760874e+00,1.126359e+00,2.023716e-01,6.894950e+01
2.300161e+00,1.850000e+00,5.250000e+01,1.049842e+00,1.953533e+02,4.239198e+01,2.285222e+00,5.173596e+00,2.757599e+00,7.284046e+00,4.766345e+00,8.498082e+00,1.587755e+01,5.240411e+00,4.102648e+01,4.205129e+00,3.820839e+00,1.144318e+00,2.055983e-01,6.845442e+01
2.300161e+00,1.925000e+00,5.250000e+01,1.033385e+00,1.953533e+02,4.142122e+01,2.285222e+00,5.255987e+00,2.801515e+00,7.400048e+00,4.842250e+00,8.633417e+00,1.613041e+01,5.323866e+00,4.008731e+01,4.272097e+00,3.881688e+00,1.162542e+00,2.088725e-01,6.795204e+01
2.300161e+00,2.000000e+00,5.250000e+01,1.017195e+00,1.953533e+02,4.046620e+01,2.285222e+00,5.339645e+00,2.846106e+00,7.517831e+00,4.919323e+00,8.770832e+00,1.638715e+01,5.408604e+00,3.913370e+01,4.340095e+00,3.943471e+00,1.181045e+00,2.121970e-01,6.744195e+01
2.508271e+00,5.000000e-01,5.725000e+01,1.661986e+00,2.057825e+02,8.632753e+01,2.285222e+00,3.194459e+00,1.729160e+00,4.577662e+00,3.006726e+00,5.016059e+00,9.968501e+00,3.286738e+00,6.353880e+01,2.520393e+00,2.389982e+00,6.536471e-01,1.178748e-01,8.075104e+01
2.508271e+00,5.750000e-01,5.725000e+01,1.562393e+00,2.057825e+02,7.992131e+01,2.285222e+00,3.398086e+00,1.839383e+00,4.869459e+00,3.198386e+00,5.335801e+00,1.060393e+01,3.496247e+00,6.121462e+01,2.681053e+00,2.542329e+00,6.953130e-01,1.253885e-01,7.952404e+01
2.508271e+00,6.500000e-01,5.725000e+01,1.485169e+00,2.057825e+02,7.495396e+01,2.285222e+00,3.574775e+00,1.935025e+00,5.122655e+00,3.364692e+00,5.613245e+00,1.115530e+01,3.678040e+00,5.919792e+01,2.820459e+00,2.674521e+00,7.314669e-01,1.319083e-01,7.845936e+01
2.508271e+00,7.250000e-01,5.725000e+01,1.423421e+00,2.057825e+02,7.098208e+01,2.285222e+00,3.729848e+00,2.018966e+00,5.344875e+00,3.510651e+00,5.856747e+00,1.163921e+01,3.837593e+00,5.742793e+01,2.942810e+00,2.790542e+00,7.631978e-01,1.376305e-01,7.752493e+01
2.508271e+00,8.000000e-01,5.725000e+01,1.373262e+00,2.054785e+02,6.771817e+01,2.285222e+00,3.872477e+00,2.093940e+00,5.542512e+00,3.639528e+00,6.069047e+00,1.206501e+01,3.980042e+00,5.584163e+01,3.060409e+00,2.894424e+00,7.972569e-01,1.437300e-01,7.667826e+01
2.508271e+00,8.750000e-01,5.725000e+01,1.330258e+00,2.057825e+02,6.498947e+01,2.285222e+00,3.991062e+00,2.160361e+00,5.719196e+00,3.756515e+00,6.266916e+00,1.245435e+01,4.106353e+00,5.444645e+01,3.148905e+00,2.985974e+00,8.166473e-01,1.472692e-01,7.595092e+01
2.508271e+00,9.500000e-01,5.725000e+01,1.293874e+00,2.057825e+02,6.264912e+01,2.285222e+00,4.103291e+00,2.221110e+00,5.880019e+00,3.862148e+00,6.443141e+00,1.280457e+01,4.221823e+00,5.316549e+01,3.237452e+00,3.069939e+00,8.396113e-01,1.514104e-01,7.527466e+01
2.508271e+00,1.025000e+00,5.725000e+01,1.262148e+00,2.057825e+02,6.060836e+01,2.285222e+00,4.206434e+00,2.276942e+00,6.027823e+00,3.959229e+00,6.605100e+00,1.312643e+01,4.327946e+00,5.198822e+01,3.318831e+00,3.147108e+00,8.607164e-01,1.552164e-01,7.465315e+01
2.508271e+00,1.100000e+00,5.725000e+01,1.234001e+00,2.057825e+02,5.879785e+01,2.285222e+00,4.302380e+00,2.328877e+00,6.165313e+00,4.049537e+00,6.755758e+00,1.342583e+01,4.426663e+00,5.089311e+01,3.394532e+00,3.218891e+00,8.803487e-01,1.587568e-01,7.407501e+01
2.508271e+00,1.175000e+00,5.725000e+01,1.208623e+00,2.057825e+02,5.716538e+01,2.285222e+00,4.392721e+00,2.377779e+00,6.294773e+00,4.134569e+00,6.897615e+00,1.370775e+01,4.519615e+00,4.986196e+01,3.465810e+00,3.286482e+00,8.988343e-01,1.620903e-01,7.353063e+01
2.508271e+00,1.250000e+00,5.725000e+01,1.185390e+00,2.057825e+02,5.567100e+01,2.285222e+00,4.478813e+00,2.424380e+00,6.418142e+00,4.215601e+00,7.032799e+00,1.397640e+01,4.608193e+00,4.887932e+01,3.533736e+00,3.350893e+00,9.164502e-01,1.652671e-01,7.301187e+01
2.508271e+00,1.325000e+00,5.725000e+01,1.164469e+00,2.057825e+02,5.432525e+01,2.285222e+00,4.560753e+00,2.468734e+00,6.535563e+00,4.292726e+00,7.161465e+00,1.423210e+01,4.692500e+00,4.794406e+01,3.598386e+00,3.412198e+00,9.332168e-01,1.682907e-01,7.251812e+01
2.508271e+00,1.400000e+00,5.725000e+01,1.143547e+00,2.057825e+02,5.297950e+01,2.285222e+00,4.642694e+00,2.513089e+00,6.652984e+00,4.369851e+00,7.290131e+00,1.448780e+01,4.776808e+00,4.700880e+01,3.663036e+00,3.473503e+00,9.499833e-01,1.713143e-01,7.202436e+01
2.508271e+00,1.475000e+00,5.725000e+01,1.124270e+00,2.057825e+02,5.173947e+01,2.285222e+00,4.722302e+00,2.556181e+00,6.767062e+00,4.444781e+00,7.415135e+00,1.473623e+01,4.858716e+00,4.610016e+01,3.725846e+00,3.533064e+00,9.662727e-01,1.742518e-01,7.154467e+01
2.508271e+00,1.550000e+00,5.725000e+01,1.105764e+00,2.057825e+02,5.054910e+01,2.285222e+00,4.801334e+00,2.598961e+00,6.880315e+00,4.519168e+00,7.539234e+00,1.498285e+01,4.940030e+00,4.519810e+01,3.788202e+00,3.592193e+00,9.824440e-01,1.771680e-01,7.106844e+01
2.508271e+00,1.625000e+00,5.725000e+01,1.087857e+00,2.057825e+02,4.939727e+01,2.285222e+00,4.880366e+00,2.641741e+00,6.993568e+00,4.593555e+00,7.663333e+00,1.522947e+01,5.021346e+00,4.429604e+01,3.850557e+00,3.651322e+00,9.986155e-01,1.800843e-01,7.059221e+01
2.508271e+00,1.700000e+00,5.725000e+01,1.070610e+00,2.057825e+02,4.828790e+01,2.285222e+00,4.960271e+00,2.684993e+00,7.108072e+00,4.668764e+00,7.788803e+00,1.547882e+01,5.103559e+00,4.338401e+01,3.913602e+00,3.711104e+00,1.014966e+00,1.830328e-01,7.011073e+01
2.508271e+00,1.775000e+00,5.725000e+01,1.053364e+00,2.057825e+02,4.717854e+01,2.285222e+00,5.040175e+00,2.728246e+00,7.222575e+00,4.743973e+00,7.914272e+00,1.572817e+01,5.185772e+00,4.247199e+01,3.976646e+00,3.770887e+00,1.031316e+00,1.859812e-01,6.962924e+01
2.508271e+00,1.850000e+00,5.725000e+01,1.036625e+00,2.057825e+02,4.610181e+01,2.285222e+00,5.121562e+00,2.772300e+00,7.339203e+00,4.820577e+00,8.042069e+00,1.598214e+01,5.269510e+00,4.154304e+01,4.040859e+00,3.831778e+00,1.047969e+00,1.889844e-01,6.913883e+01
2.508271e+00,1.925000e+00,5.725000e+01,1.020168e+00,2.057825e+02,4.504323e+01,2.285222e+00,5.204182e+00,2.817022e+00,7.457597e+00,4.898341e+00,8.171801e+00,1.623996e+01,5.354516e+00,4.060004e+01,4.106045e+00,3.893591e+00,1.064874e+00,1.920330e-01,6.864099e+01
2.508271e+00,2.000000e+00,5.725000e+01,1.003977e+00,2.057825e+02,4.400180e+01,2.285222e+00,5.288105e+00,2.862450e+00,7.577859e+00,4.977333e+00,8.303581e+00,1.650185e+01,5.440864e+00,3.964214e+01,4.172260e+00,3.956380e+00,1.082047e+00,1.951298e-01,6.813528e+01
2.716381e+00,5.000000e-01,6.200000e+01,1.649770e+00,2.156038e+02,9.336433e+01,2.285222e+00,3.155330e+00,1.731078e+00,4.591490e+00,3.025510e+00,4.701560e+00,9.981345e+00,3.291007e+00,6.400580e+01,2.420907e+00,2.387194e+00,6.001439e-01,1.086317e-01,8.123956e+01
2.716381e+00,5.750000e-01,6.200000e+01,1.550177e+00,2.156038e+02,8.642659e+01,2.285222e+00,3.358047e+00,1.842293e+00,4.886475e+00,3.219888e+00,5.003617e+00,1.062261e+01,3.502441e+00,6.169332e+01,2.576441e+00,2.540562e+00,6.387008e-01,1.156109e-01,8.003428e+01
2.716381e+00,6.500000e-01,6.200000e+01,1.472953e+00,2.156038e+02,8.104710e+01,2.285222e+00,3.534102e+00,1.938880e+00,5.142662e+00,3.388700e+00,5.265945e+00,1.117953e+01,3.686066e+00,5.968498e+01,2.711519e+00,2.673758e+00,6.721865e-01,1.216721e-01,7.898752e+01
2.716381e+00,7.250000e-01,6.200000e+01,1.411205e+00,2.156038e+02,7.674568e+01,2.285222e+00,3.688738e+00,2.023717e+00,5.367682e+00,3.536973e+00,5.496359e+00,1.166869e+01,3.847352e+00,5.792098e+01,2.830162e+00,2.790750e+00,7.015983e-01,1.269959e-01,7.806811e+01
2.716381e+00,8.000000e-01,6.200000e+01,1.360545e+00,2.156038e+02,7.321667e+01,2.285222e+00,3.826088e+00,2.099070e+00,5.567546e+00,3.668672e+00,5.701015e+00,1.210317e+01,3.990607e+00,5.635417e+01,2.935543e+00,2.894663e+00,7.277222e-01,1.317246e-01,7.725148e+01
2.716381e+00,8.750000e-01,6.200000e+01,1.318042e+00,2.156038e+02,7.025586e+01,2.285222e+00,3.949468e+00,2.166759e+00,5.747084e+00,3.786976e+00,5.884856e+00,1.249347e+01,4.119293e+00,5.494672e+01,3.030206e+00,2.988008e+00,7.511891e-01,1.359724e-01,7.651790e+01
2.716381e+00,9.500000e-01,6.200000e+01,1.281658e+00,2.156038e+02,6.772134e+01,2.285222e+00,4.061585e+00,2.228268e+00,5.910231e+00,3.894480e+00,6.051915e+00,1.284813e+01,4.236231e+00,5.366775e+01,3.116227e+00,3.072831e+00,7.725138e-01,1.398323e-01,7.585130e+01
2.716381e+00,1.025000e+00,6.200000e+01,1.249932e+00,2.156038e+02,6.551126e+01,2.285222e+00,4.164678e+00,2.284827e+00,6.060247e+00,3.993332e+00,6.205527e+00,1.317425e+01,4.343757e+00,5.249173e+01,3.195325e+00,3.150827e+00,7.921220e-01,1.433816e-01,7.523834e+01
2.716381e+00,1.100000e+00,6.200000e+01,1.221785e+00,2.156038e+02,6.355053e+01,2.285222e+00,4.260621e+00,2.337463e+00,6.199859e+00,4.085327e+00,6.348486e+00,1.347775e+01,4.443825e+00,5.139727e+01,3.268937e+00,3.223414e+00,8.103704e-01,1.466847e-01,7.466790e+01
2.716381e+00,1.175000e+00,6.200000e+01,1.196406e+00,2.156038e+02,6.178262e+01,2.285222e+00,4.350999e+00,2.387047e+00,6.331373e+00,4.171987e+00,6.483153e+00,1.376364e+01,4.538090e+00,5.036628e+01,3.338279e+00,3.291791e+00,8.275603e-01,1.497963e-01,7.413055e+01
2.716381e+00,1.250000e+00,6.200000e+01,1.173174e+00,2.156038e+02,6.016425e+01,2.285222e+00,4.437161e+00,2.434317e+00,6.456752e+00,4.254604e+00,6.611537e+00,1.403620e+01,4.627956e+00,4.938340e+01,3.404386e+00,3.356978e+00,8.439483e-01,1.527626e-01,7.361826e+01
2.716381e+00,1.325000e+00,6.200000e+01,1.151608e+00,2.156038e+02,5.866189e+01,2.285222e+00,4.520258e+00,2.479905e+00,6.577670e+00,4.334282e+00,6.735354e+00,1.429906e+01,4.714626e+00,4.843548e+01,3.468141e+00,3.419845e+00,8.597532e-01,1.556235e-01,7.312420e+01
2.716381e+00,1.400000e+00,6.200000e+01,1.131331e+00,2.156038e+02,5.724944e+01,2.285222e+00,4.601271e+00,2.524351e+00,6.695557e+00,4.411962e+00,6.856067e+00,1.455533e+01,4.799123e+00,4.751132e+01,3.530299e+00,3.481137e+00,8.751620e-01,1.584126e-01,7.264252e+01
2.716381e+00,1.475000e+00,6.200000e+01,1.112054e+00,2.156038e+02,5.590652e+01,2.285222e+00,4.681036e+00,2.568111e+00,6.811627e+00,4.488445e+00,6.974919e+00,1.480766e+01,4.882317e+00,4.660142e+01,3.591498e+00,3.541484e+00,8.903332e-01,1.611588e-01,7.216827e+01
2.716381e+00,1.550000e+00,6.200000e+01,1.093548e+00,2.156038e+02,5.461738e+01,2.285222e+00,4.760252e+00,2.611571e+00,6.926899e+00,4.564402e+00,7.092955e+00,1.505824e+01,4.964940e+00,4.569776e+01,3.652276e+00,3.601416e+00,9.054002e-01,1.638860e-01,7.169728e+01
2.716381e+00,1.625000e+00,6.200000e+01,1.075641e+00,2.156038e+02,5.336998e+01,2.285222e+00,4.839498e+00,2.655047e+00,7.042214e+00,4.640387e+00,7.211034e+00,1.530892e+01,5.047593e+00,4.479377e+01,3.713077e+00,3.661371e+00,9.204727e-01,1.666143e-01,7.122611e+01
2.716381e+00,1.700000e+00,6.200000e+01,1.058205e+00,2.156038e+02,5.215538e+01,2.285222e+00,4.919238e+00,2.698794e+00,7.158247e+00,4.716847e+00,7.329849e+00,1.556117e+01,5.130762e+00,4.388414e+01,3.774257e+00,3.721699e+00,9.356392e-01,1.693596e-01,7.075201e+01
2.716381e+00,1.775000e+00,6.200000e+01,1.041148e+00,2.156038e+02,5.096717e+01,2.285222e+00,4.999829e+00,2.743008e+00,7.275520e+00,4.794122e+00,7.449933e+00,1.581610e+01,5.214818e+00,4.296481e+01,3.836090e+00,3.782671e+00,9.509676e-01,1.721342e-01,7.027284e+01
2.716381e+00,1.850000e+00,6.200000e+01,1.024409e+00,2.156038e+02,4.980111e+01,2.285222e+00,5.081527e+00,2.787829e+00,7.394403e+00,4.872459e+00,7.571666e+00,1.607454e+01,5.300029e+00,4.203284e+01,3.898773e+00,3.844481e+00,9.665066e-01,1.749469e-01,6.978710e+01
2.716381e+00,1.925000e+00,6.200000e+01,1.007952e+00,2.156038e+02,4.865470e+01,2.285222e+00,5.164494e+00,2.833346e+00,7.515133e+00,4.952012e+00,7.695290e+00,1.633699e+01,5.386564e+00,4.108640e+01,3.962429e+00,3.907251e+00,9.822869e-01,1.778033e-01,6.929380e+01
2.716381e+00,2.000000e+00,6.200000e+01,9.917612e-01,2.156038e+02,4.752686e+01,2.285222e+00,5.248803e+00,2.879600e+00,7.637816e+00,5.032853e+00,7.820914e+00,1.660369e+01,5.474498e+00,4.012465e+01,4.027115e+00,3.971036e+00,9.983225e-01,1.807059e-01,6.879253e+01
2.924491e+00,5.000000e-01,6.675000e+01,1.638345e+00,2.248194e+02,1.003906e+02,2.285222e+00,3.123110e+00,1.733748e+00,4.606176e+00,3.043604e+00,4.382610e+00,9.989964e+00,3.296624e+00,6.444915e+01,2.333949e+00,2.385836e+00,5.544858e-01,1.007472e-01,8.170305e+01
2.924491e+00,5.750000e-01,6.675000e+01,1.538752e+00,2.248194e+02,9.292137e+01,2.285222e+00,3.325247e+00,1.845962e+00,4.904302e+00,3.240595e+00,4.666266e+00,1.063655e+01,3.509992e+00,6.214818e+01,2.485009e+00,2.540255e+00,5.903738e-01,1.072679e-01,8.051881e+01
2.924491e+00,6.500000e-01,6.675000e+01,1.461528e+00,2.248194e+02,8.712974e+01,2.285222e+00,3.500946e+00,1.943498e+00,5.163435e+00,3.411821e+00,4.912821e+00,1.119856e+01,3.695452e+00,6.014818e+01,2.616311e+00,2.674477e+00,6.215678e-01,1.129357e-01,7.948947e+01
2.924491e+00,7.250000e-01,6.675000e+01,1.399780e+00,2.248194e+02,8.249878e+01,2.285222e+00,3.655381e+00,2.029231e+00,5.391207e+00,3.562325e+00,5.129537e+00,1.169255e+01,3.858468e+00,5.839022e+01,2.731724e+00,2.792455e+00,6.489867e-01,1.179175e-01,7.858470e+01
2.924491e+00,8.000000e-01,6.675000e+01,1.349120e+00,2.248194e+02,7.869940e+01,2.285222e+00,3.792642e+00,2.105429e+00,5.593647e+00,3.696091e+00,5.322152e+00,1.213161e+01,4.003354e+00,5.682776e+01,2.834300e+00,2.897312e+00,6.733563e-01,1.223453e-01,7.778055e+01
2.924491e+00,8.750000e-01,6.675000e+01,1.306617e+00,2.248194e+02,7.551175e+01,2.285222e+00,3.916013e+00,2.173916e+00,5.775604e+00,3.816321e+00,5.495277e+00,1.252624e+01,4.133579e+00,5.542341e+01,2.926498e+00,2.991559e+00,6.952599e-01,1.263251e-01,7.705777e+01
2.924491e+00,9.500000e-01,6.675000e+01,1.270233e+00,2.248194e+02,7.278306e+01,2.285222e+00,4.028180e+00,2.236184e+00,5.941036e+00,3.925633e+00,5.652680e+00,1.288503e+01,4.251978e+00,5.414659e+01,3.010322e+00,3.077248e+00,7.151744e-01,1.299435e-01,7.640063e+01
2.924491e+00,1.025000e+00,6.675000e+01,1.238507e+00,2.248194e+02,7.040365e+01,2.285222e+00,4.131368e+00,2.293468e+00,6.093224e+00,4.026194e+00,5.797482e+00,1.321510e+01,4.360899e+00,5.297198e+01,3.087436e+00,3.156076e+00,7.334947e-01,1.332722e-01,7.579610e+01
2.924491e+00,1.100000e+00,6.675000e+01,1.210360e+00,2.248194e+02,6.829270e+01,2.285222e+00,4.227442e+00,2.346802e+00,6.234921e+00,4.119823e+00,5.932301e+00,1.352242e+01,4.462311e+00,5.187836e+01,3.159234e+00,3.229470e+00,7.505520e-01,1.363714e-01,7.523324e+01
2.924491e+00,1.175000e+00,6.675000e+01,1.184981e+00,2.248194e+02,6.638935e+01,2.285222e+00,4.317981e+00,2.397063e+00,6.368454e+00,4.208057e+00,6.059353e+00,1.381203e+01,4.557880e+00,5.084774e+01,3.226895e+00,3.298636e+00,7.666265e-01,1.392921e-01,7.470281e+01
2.924491e+00,1.250000e+00,6.675000e+01,1.161749e+00,2.248194e+02,6.464699e+01,2.285222e+00,4.404330e+00,2.444998e+00,6.495807e+00,4.292207e+00,6.180525e+00,1.408823e+01,4.649026e+00,4.986481e+01,3.291425e+00,3.364601e+00,7.819571e-01,1.420776e-01,7.419693e+01
2.924491e+00,1.325000e+00,6.675000e+01,1.140183e+00,2.248194e+02,6.302954e+01,2.285222e+00,4.487638e+00,2.491246e+00,6.618676e+00,4.373394e+00,6.297430e+00,1.435471e+01,4.736963e+00,4.891650e+01,3.353683e+00,3.428242e+00,7.967478e-01,1.447650e-01,7.370886e+01
2.924491e+00,1.400000e+00,6.675000e+01,1.119906e+00,2.248194e+02,6.150887e+01,2.285222e+00,4.568888e+00,2.536350e+00,6.738508e+00,4.452576e+00,6.411446e+00,1.461461e+01,4.822726e+00,4.799163e+01,3.414402e+00,3.490312e+00,8.111731e-01,1.473860e-01,7.323286e+01
2.924491e+00,1.475000e+00,6.675000e+01,1.100628e+00,2.248194e+02,6.006307e+01,2.285222e+00,4.648913e+00,2.580775e+00,6.856535e+00,4.530564e+00,6.523744e+00,1.487058e+01,4.907198e+00,4.708069e+01,3.474206e+00,3.551446e+00,8.253810e-01,1.499675e-01,7.276402e+01
2.924491e+00,1.550000e+00,6.675000e+01,1.082123e+00,2.248194e+02,5.867516e+01,2.285222e+00,4.728416e+00,2.624910e+00,6.973792e+00,4.608043e+00,6.635310e+00,1.512489e+01,4.991118e+00,4.617569e+01,3.533620e+00,3.612181e+00,8.394962e-01,1.525321e-01,7.229825e+01
2.924491e+00,1.625000e+00,6.675000e+01,1.064216e+00,2.248194e+02,5.733220e+01,2.285222e+00,4.807977e+00,2.669077e+00,7.091134e+00,4.685579e+00,6.746956e+00,1.537939e+01,5.075100e+00,4.527003e+01,3.593078e+00,3.672960e+00,8.536217e-01,1.550986e-01,7.183213e+01
2.924491e+00,1.700000e+00,6.675000e+01,1.046780e+00,2.248194e+02,5.602454e+01,2.285222e+00,4.888062e+00,2.713535e+00,7.209249e+00,4.763625e+00,6.859338e+00,1.563556e+01,5.159634e+00,4.435841e+01,3.652927e+00,3.734140e+00,8.678402e-01,1.576821e-01,7.136295e+01
2.924491e+00,1.775000e+00,6.675000e+01,1.029723e+00,2.248194e+02,5.474530e+01,2.285222e+00,4.969031e+00,2.758484e+00,7.328667e+00,4.842532e+00,6.972960e+00,1.589455e+01,5.245101e+00,4.343673e+01,3.713436e+00,3.795995e+00,8.822156e-01,1.602940e-01,7.088859e+01
2.924491e+00,1.850000e+00,6.675000e+01,1.012984e+00,2.248194e+02,5.348991e+01,2.285222e+00,5.051142e+00,2.804066e+00,7.449769e+00,4.922553e+00,7.088185e+00,1.615720e+01,5.331774e+00,4.250205e+01,3.774799e+00,3.858722e+00,8.967938e-01,1.629428e-01,7.040754e+01
2.924491e+00,1.925000e+00,6.675000e+01,9.965266e-01,2.248194e+02,5.225566e+01,2.285222e+00,5.134558e+00,2.850374e+00,7.572798e+00,5.003846e+00,7.205242e+00,1.642403e+01,5.419825e+00,4.155251e+01,3.837137e+00,3.922446e+00,9.116038e-01,1.656337e-01,6.991884e+01
2.924491e+00,2.000000e+00,6.675000e+01,9.803362e-01,2.248194e+02,5.104142e+01,2.285222e+00,5.219356e+00,2.897448e+00,7.697863e+00,5.086484e+00,7.324237e+00,1.669527e+01,5.509333e+00,4.058724e+01,3.900508e+00,3.987226e+00,9.266589e-01,1.683691e-01,6.942204e+01
3.132601e+00,5.000000e-01,7.150000e+01,1.627556e+00,2.334311e+02,1.074065e+02,2.285222e+00,3.096483e+00,1.737035e+00,4.621582e+00,3.061157e+00,4.059494e+00,9.995127e+00,3.303349e+00,6.487376e+01,2.257295e+00,2.385679e+00,5.150962e-01,9.394816e-02,8.214670e+01
3.132601e+00,5.750000e-01,7.150000e+01,1.527963e+00,2.334311e+02,9.940568e+01,2.285222e+00,3.298312e+00,1.850255e+00,4.922817e+00,3.260683e+00,4.324092e+00,1.064661e+01,3.518661e+00,6.258422e+01,2.404426e+00,2.541178e+00,5.486702e-01,1.000717e-01,8.098302e+01
3.132601e+00,6.500000e-01,7.150000e+01,1.450739e+00,2.334311e+02,9.320191e+01,2.285222e+00,3.473883e+00,1.948745e+00,5.184862e+00,3.434252e+00,4.554266e+00,1.121334e+01,3.705962e+00,6.059256e+01,2.532416e+00,2.676447e+00,5.778763e-01,1.053986e-01,7.997073e+01
3.132601e+00,7.250000e-01,7.150000e+01,1.388991e+00,2.334311e+02,8.824140e+01,2.285222e+00,3.628315e+00,2.035377e+00,5.415356e+00,3.586922e+00,4.756727e+00,1.171183e+01,3.870711e+00,5.884069e+01,2.644995e+00,2.795429e+00,6.035659e-01,1.100841e-01,7.908033e+01
3.132601e+00,8.000000e-01,7.150000e+01,1.338591e+00,2.331299e+02,8.416644e+01,2.285222e+00,3.768321e+00,2.112691e+00,5.620611e+00,3.722381e+00,4.933709e+00,1.215313e+01,4.017709e+00,5.727530e+01,2.750150e+00,2.901797e+00,6.294270e-01,1.147730e-01,7.828007e+01
3.132601e+00,8.750000e-01,7.150000e+01,1.295828e+00,2.334311e+02,8.075718e+01,2.285222e+00,3.889171e+00,2.181709e+00,5.804689e+00,3.844801e+00,5.098709e+00,1.255384e+01,4.148994e+00,5.588157e+01,2.835155e+00,2.996405e+00,6.469589e-01,1.179985e-01,7.757632e+01
3.132601e+00,9.500000e-01,7.150000e+01,1.259444e+00,2.334311e+02,7.783430e+01,2.285222e+00,4.001523e+00,2.244736e+00,5.972379e+00,3.955872e+00,5.246003e+00,1.291650e+01,4.268852e+00,5.460705e+01,2.917059e+00,3.082967e+00,6.656486e-01,1.214073e-01,7.692853e+01
3.132601e+00,1.025000e+00,7.150000e+01,1.227718e+00,2.334311e+02,7.528557e+01,2.285222e+00,4.104929e+00,2.302743e+00,6.126715e+00,4.058099e+00,5.381569e+00,1.325029e+01,4.379166e+00,5.343402e+01,2.992440e+00,3.162636e+00,6.828501e-01,1.245447e-01,7.633233e+01
3.132601e+00,1.100000e+00,7.150000e+01,1.199571e+00,2.334311e+02,7.302441e+01,2.285222e+00,4.201247e+00,2.356775e+00,6.270472e+00,4.153318e+00,5.507842e+00,1.356119e+01,4.481919e+00,5.234140e+01,3.062655e+00,3.236844e+00,6.988724e-01,1.274670e-01,7.577699e+01
3.132601e+00,1.175000e+00,7.150000e+01,1.174452e+00,2.331299e+02,7.098039e+01,2.285222e+00,4.294983e+00,2.407988e+00,6.406229e+00,4.242686e+00,5.622800e+00,1.385178e+01,4.579276e+00,5.130429e+01,3.134430e+00,3.307384e+00,7.173460e-01,1.308052e-01,7.524494e+01
3.132601e+00,1.250000e+00,7.150000e+01,1.150960e+00,2.334311e+02,6.911926e+01,2.285222e+00,4.378687e+00,2.456313e+00,6.535305e+00,4.328733e+00,5.740465e+00,1.413395e+01,4.671213e+00,5.032854e+01,3.192006e+00,3.373553e+00,7.283892e-01,1.328506e-01,7.475393e+01
3.132601e+00,1.325000e+00,7.150000e+01,1.129394e+00,2.334311e+02,6.738671e+01,2.285222e+00,4.462301e+00,2.503218e+00,6.660102e+00,4.411393e+00,5.850084e+00,1.440385e+01,4.760413e+00,4.938002e+01,3.252960e+00,3.437974e+00,7.422984e-01,1.353875e-01,7.427184e+01
3.132601e+00,1.400000e+00,7.150000e+01,1.109117e+00,2.334311e+02,6.575783e+01,2.285222e+00,4.543878e+00,2.548980e+00,6.781857e+00,4.492039e+00,5.957031e+00,1.466717e+01,4.847439e+00,4.845462e+01,3.312429e+00,3.500824e+00,7.558685e-01,1.378625e-01,7.380150e+01
3.132601e+00,1.475000e+00,7.150000e+01,1.089839e+00,2.334311e+02,6.420915e+01,2.285222e+00,4.624253e+00,2.594068e+00,6.901819e+00,4.571498e+00,6.062403e+00,1.492661e+01,4.933184e+00,4.754285e+01,3.371021e+00,3.562750e+00,7.692388e-01,1.403011e-01,7.333808e+01
3.132601e+00,1.550000e+00,7.150000e+01,1.071333e+00,2.334311e+02,6.272248e+01,2.285222e+00,4.704131e+00,2.638877e+00,7.021039e+00,4.650464e+00,6.167123e+00,1.518445e+01,5.018399e+00,4.663672e+01,3.429251e+00,3.624292e+00,7.825264e-01,1.427246e-01,7.287753e+01
3.132601e+00,1.625000e+00,7.150000e+01,1.053427e+00,2.334311e+02,6.128394e+01,2.285222e+00,4.784094e+00,2.683734e+00,7.140386e+00,4.729515e+00,6.271954e+00,1.544256e+01,5.103704e+00,4.572963e+01,3.487544e+00,3.685900e+00,7.958282e-01,1.451507e-01,7.241649e+01
3.132601e+00,1.700000e+00,7.150000e+01,1.035991e+00,2.334311e+02,5.988323e+01,2.285222e+00,4.864611e+00,2.728902e+00,7.260560e+00,4.809114e+00,6.377513e+00,1.570246e+01,5.189600e+00,4.481625e+01,3.546240e+00,3.747934e+00,8.092221e-01,1.475937e-01,7.195225e+01
3.132601e+00,1.775000e+00,7.150000e+01,1.018934e+00,2.334311e+02,5.851296e+01,2.285222e+00,4.946045e+00,2.774584e+00,7.382101e+00,4.889618e+00,6.484272e+00,1.596532e+01,5.276474e+00,4.389247e+01,3.605604e+00,3.810675e+00,8.227684e-01,1.500644e-01,7.148274e+01
3.132601e+00,1.850000e+00,7.150000e+01,1.002195e+00,2.334311e+02,5.716823e+01,2.285222e+00,5.028655e+00,2.820926e+00,7.505400e+00,4.971286e+00,6.592575e+00,1.623198e+01,5.364604e+00,4.295534e+01,3.665826e+00,3.874323e+00,8.365106e-01,1.525708e-01,7.100643e+01
3.132601e+00,1.925000e+00,7.150000e+01,9.857375e-01,2.334311e+02,5.584615e+01,2.285222e+00,5.112609e+00,2.868022e+00,7.630704e+00,5.054283e+00,6.702639e+00,1.650298e+01,5.454166e+00,4.200297e+01,3.727028e+00,3.939005e+00,8.504763e-01,1.551180e-01,7.052238e+01
3.132601e+00,2.000000e+00,7.150000e+01,9.695472e-01,2.334311e+02,5.454551e+01,2.285222e+00,5.197984e+00,2.915914e+00,7.758128e+00,5.138683e+00,6.814565e+00,1.677856e+01,5.545244e+00,4.103449e+01,3.789265e+00,4.004782e+00,8.646782e-01,1.577083e-01,7.003014e+01
3.340711e+00,5.000000e-01,7.625000e+01,1.617286e+00,2.414404e+02,1.144118e+02,2.285222e+00,3.074449e+00,1.740835e+00,4.637601e+00,3.078284e+00,3.732422e+00,9.997418e+00,3.310997e+00,6.528340e+01,2.189230e+00,2.386542e+00,4.807913e-01,8.802965e-02,8.257451e+01
3.340711e+00,5.750000e-01,7.625000e+01,1.517693e+00,2.414404e+02,1.058795e+02,2.285222e+00,3.276198e+00,1.855071e+00,4.941926e+00,3.280285e+00,3.977348e+00,1.065346e+01,3.528269e+00,6.300526e+01,2.332890e+00,2.543149e+00,5.123414e-01,9.380626e-02,8.143103e+01
3.340711e+00,6.500000e-01,7.625000e+01,1.440469e+00,2.414404e+02,9.926363e+01,2.285222e+00,3.451836e+00,1.954522e+00,5.206864e+00,3.456142e+00,4.190574e+00,1.122459e+01,3.717420e+00,6.102196e+01,2.457957e+00,2.679488e+00,5.398081e-01,9.883523e-02,8.043554e+01
3.340711e+00,7.250000e-01,7.625000e+01,1.378721e+00,2.414404e+02,9.397358e+01,2.285222e+00,3.606431e+00,2.042058e+00,5.440060e+00,3.610930e+00,4.378254e+00,1.172730e+01,3.883909e+00,5.927628e+01,2.568040e+00,2.799493e+00,5.639841e-01,1.032617e-01,7.955932e+01
3.340711e+00,8.000000e-01,7.625000e+01,1.328061e+00,2.414404e+02,8.963347e+01,2.285222e+00,3.744000e+00,2.119953e+00,5.647574e+00,3.748671e+00,4.545265e+00,1.217465e+01,4.032063e+00,5.772285e+01,2.665999e+00,2.906281e+00,5.854976e-01,1.072007e-01,7.877960e+01
3.340711e+00,8.750000e-01,7.625000e+01,1.285558e+00,2.414404e+02,8.599215e+01,2.285222e+00,3.867784e+00,2.190043e+00,5.834294e+00,3.872609e+00,4.695541e+00,1.257716e+01,4.165371e+00,5.632508e+01,2.754143e+00,3.002369e+00,6.048553e-01,1.107449e-01,7.807801e+01
3.340711e+00,9.500000e-01,7.625000e+01,1.249174e+00,2.414404e+02,8.287510e+01,2.285222e+00,3.980437e+00,2.253830e+00,6.004224e+00,3.985403e+00,4.832304e+00,1.294349e+01,4.286692e+00,5.505300e+01,2.834360e+00,3.089816e+00,6.224724e-01,1.139705e-01,7.743951e+01
3.340711e+00,1.025000e+00,7.625000e+01,1.219238e+00,2.414404e+02,8.031039e+01,2.285222e+00,4.080631e+00,2.310563e+00,6.155359e+00,4.085722e+00,4.953940e+00,1.326930e+01,4.394595e+00,5.392162e+01,2.905705e+00,3.167592e+00,6.381410e-01,1.168393e-01,7.687163e+01
3.340711e+00,1.100000e+00,7.625000e+01,1.189301e+00,2.414404e+02,7.774567e+01,2.285222e+00,4.180824e+00,2.367295e+00,6.306495e+00,4.186040e+00,5.075576e+00,1.359510e+01,4.502497e+00,5.279023e+01,2.977051e+00,3.245367e+00,6.538095e-01,1.197081e-01,7.630375e+01
3.340711e+00,1.175000e+00,7.625000e+01,1.163922e+00,2.414404e+02,7.557143e+01,2.285222e+00,4.271985e+00,2.418912e+00,6.444004e+00,4.277314e+00,5.186246e+00,1.389154e+01,4.600672e+00,5.176085e+01,3.041964e+00,3.316131e+00,6.680655e-01,1.223183e-01,7.578706e+01
3.340711e+00,1.250000e+00,7.625000e+01,1.140690e+00,2.414404e+02,7.358109e+01,2.285222e+00,4.358991e+00,2.468178e+00,6.575247e+00,4.364429e+00,5.291873e+00,1.417446e+01,4.694372e+00,5.077838e+01,3.103918e+00,3.383670e+00,6.816717e-01,1.248095e-01,7.529393e+01
3.340711e+00,1.325000e+00,7.625000e+01,1.119124e+00,2.414404e+02,7.173344e+01,2.285222e+00,4.442993e+00,2.515742e+00,6.701959e+00,4.448536e+00,5.393852e+00,1.444762e+01,4.784837e+00,4.982983e+01,3.163734e+00,3.448877e+00,6.948082e-01,1.272147e-01,7.481782e+01
3.340711e+00,1.400000e+00,7.625000e+01,1.099347e+00,2.414404e+02,7.003911e+01,2.285222e+00,4.524386e+00,2.561829e+00,6.824734e+00,4.530030e+00,5.492664e+00,1.471229e+01,4.872492e+00,4.891075e+01,3.221692e+00,3.512058e+00,7.075366e-01,1.295452e-01,7.435650e+01
3.340711e+00,1.475000e+00,7.625000e+01,1.079570e+00,2.414404e+02,6.834478e+01,2.285222e+00,4.605778e+00,2.607915e+00,6.947509e+00,4.611524e+00,5.591476e+00,1.497696e+01,4.960147e+00,4.799166e+01,3.279649e+00,3.575239e+00,7.202650e-01,1.318757e-01,7.389518e+01
3.340711e+00,1.550000e+00,7.625000e+01,1.061064e+00,2.414404e+02,6.675934e+01,2.285222e+00,4.686107e+00,2.653399e+00,7.068680e+00,4.691953e+00,5.688996e+00,1.523817e+01,5.046656e+00,4.708459e+01,3.336849e+00,3.637595e+00,7.328270e-01,1.341757e-01,7.343988e+01
3.340711e+00,1.625000e+00,7.625000e+01,1.043157e+00,2.414405e+02,6.522525e+01,2.285222e+00,4.766548e+00,2.698947e+00,7.190020e+00,4.772494e+00,5.786652e+00,1.549974e+01,5.133286e+00,4.617626e+01,3.394129e+00,3.700038e+00,7.454066e-01,1.364789e-01,7.298396e+01
3.340711e+00,1.700000e+00,7.625000e+01,1.025721e+00,2.414405e+02,6.373148e+01,2.285222e+00,4.847573e+00,2.744826e+00,7.312241e+00,4.853621e+00,5.885018e+00,1.576322e+01,5.220546e+00,4.526132e+01,3.451825e+00,3.762934e+00,7.580775e-01,1.387989e-01,7.252472e+01
3.340711e+00,1.775000e+00,7.625000e+01,1.008664e+00,2.414405e+02,6.227018e+01,2.285222e+00,4.929548e+00,2.791242e+00,7.435894e+00,4.935697e+00,5.984536e+00,1.602978e+01,5.308827e+00,4.433567e+01,3.510197e+00,3.826566e+00,7.708969e-01,1.411460e-01,7.206010e+01
3.340711e+00,1.850000e+00,7.625000e+01,9.919247e-01,2.414405e+02,6.083611e+01,2.285222e+00,5.012735e+00,2.838345e+00,7.561377e+00,5.018989e+00,6.085527e+00,1.630029e+01,5.398415e+00,4.339631e+01,3.569433e+00,3.891141e+00,7.839060e-01,1.435279e-01,7.158861e+01
3.340711e+00,1.925000e+00,7.625000e+01,9.754676e-01,2.414405e+02,5.942620e+01,2.285222e+00,5.097305e+00,2.886231e+00,7.688944e+00,5.103664e+00,6.188195e+00,1.657529e+01,5.489491e+00,4.244136e+01,3.629652e+00,3.956789e+00,7.971312e-01,1.459494e-01,7.110928e+01
3.340711e+00,2.000000e+00,7.625000e+01,9.592772e-01,2.414405e+02,5.803915e+01,2.285222e+00,5.183335e+00,2.934943e+00,7.818715e+00,5.189801e+00,6.292637e+00,1.685504e+01,5.582141e+00,4.146991e+01,3.690912e+00,4.023570e+00,8.105849e-01,1.484126e-01,7.062168e+01
3.548821e+00,5.000000e-01,8.100000e+01,1.607445e+00,2.488486e+02,1.214068e+02,2.285222e+00,3.056239e+00,1.745072e+00,4.654155e+00,3.095077e+00,3.401550e+00,9.997290e+00,3.319429e+00,6.568100e+01,2.128405e+00,2.388282e+00,4.506654e-01,8.283483e-02,8.298956e+01
3.548821e+00,5.750000e-01,8.100000e+01,1.507852e+00,2.488486e+02,1.123430e+02,2.285222e+00,3.258102e+00,1.860333e+00,4.961559e+00,3.299505e+00,3.626220e+00,1.065761e+01,3.538676e+00,6.341425e+01,2.268985e+00,2.546026e+00,4.804316e-01,8.830602e-02,8.186603e+01
3.548821e+00,6.500000e-01,8.100000e+01,1.430628e+00,2.488486e+02,1.053149e+02,2.285222e+00,3.433970e+00,1.960752e+00,5.229379e+00,3.477609e+00,3.821960e+00,1.123289e+01,3.729690e+00,6.143939e+01,2.391462e+00,2.683458e+00,5.063648e-01,9.307269e-02,8.088717e+01
3.548821e+00,7.250000e-01,8.100000e+01,1.368881e+00,2.488486e+02,9.969534e+01,2.285222e+00,3.588871e+00,2.049198e+00,5.465267e+00,3.634478e+00,3.994362e+00,1.173959e+01,3.897930e+00,5.969999e+01,2.499337e+00,2.804505e+00,5.292060e-01,9.727103e-02,8.002503e+01
3.548821e+00,8.000000e-01,8.100000e+01,1.318221e+00,2.488486e+02,9.508486e+01,2.285222e+00,3.726792e+00,2.127949e+00,5.675299e+00,3.774152e+00,4.147866e+00,1.219074e+01,4.047729e+00,5.815125e+01,2.595388e+00,2.912283e+00,5.495436e-01,1.010092e-01,7.925738e+01
3.548821e+00,8.750000e-01,8.100000e+01,1.275718e+00,2.488486e+02,9.121671e+01,2.285222e+00,3.850958e+00,2.198846e+00,5.864383e+00,3.899895e+00,4.286061e+00,1.259690e+01,4.182587e+00,5.675697e+01,2.681858e+00,3.009312e+00,5.678527e-01,1.043745e-01,7.856630e+01
3.548821e+00,9.500000e-01,8.100000e+01,1.239334e+00,2.488486e+02,8.790548e+01,2.285222e+00,3.964012e+00,2.263398e+00,6.036546e+00,4.014386e+00,4.411888e+00,1.296672e+01,4.305376e+00,5.548747e+01,2.760591e+00,3.097657e+00,5.845234e-01,1.074387e-01,7.793706e+01
3.548821e+00,1.025000e+00,8.100000e+01,1.207608e+00,2.488486e+02,8.501811e+01,2.285222e+00,4.068154e+00,2.322862e+00,6.195138e+00,4.119852e+00,4.527797e+00,1.330738e+01,4.418487e+00,5.431803e+01,2.833117e+00,3.179039e+00,5.998799e-01,1.102613e-01,7.735743e+01
3.548821e+00,1.100000e+00,8.100000e+01,1.179461e+00,2.488486e+02,8.245651e+01,2.285222e+00,4.165237e+00,2.378295e+00,6.342979e+00,4.218168e+00,4.635849e+00,1.362494e+01,4.523930e+00,5.322788e+01,2.900727e+00,3.254904e+00,6.141955e-01,1.128926e-01,7.681708e+01
3.548821e+00,1.175000e+00,8.100000e+01,1.154082e+00,2.488486e+02,8.014682e+01,2.285222e+00,4.256832e+00,2.430595e+00,6.482463e+00,4.310927e+00,4.737793e+00,1.392456e+01,4.623413e+00,5.219934e+01,2.964515e+00,3.326481e+00,6.277019e-01,1.153751e-01,7.630728e+01
3.548821e+00,1.250000e+00,8.100000e+01,1.130850e+00,2.488486e+02,7.803250e+01,2.285222e+00,4.344284e+00,2.480529e+00,6.615639e+00,4.399490e+00,4.835126e+00,1.421063e+01,4.718396e+00,5.121733e+01,3.025418e+00,3.394820e+00,6.405973e-01,1.177454e-01,7.582054e+01
3.548821e+00,1.325000e+00,8.100000e+01,1.109463e+00,2.485486e+02,7.606454e+01,2.285222e+00,4.430895e+00,2.528976e+00,6.744487e+00,4.484779e+00,4.925028e+00,1.448502e+01,4.810526e+00,5.026471e+01,3.088396e+00,3.461291e+00,6.554406e-01,1.204482e-01,7.534523e+01
3.548821e+00,1.400000e+00,8.100000e+01,1.089459e+00,2.486486e+02,7.421519e+01,2.285222e+00,4.512429e+00,2.575986e+00,6.870028e+00,4.568445e+00,5.015047e+00,1.475513e+01,4.899958e+00,4.934450e+01,3.143888e+00,3.525539e+00,6.665505e-01,1.225015e-01,7.489210e+01
3.548821e+00,1.475000e+00,8.100000e+01,1.069729e+00,2.488486e+02,7.246999e+01,2.285222e+00,4.592501e+00,2.622257e+00,6.993633e+00,4.650862e+00,5.111388e+00,1.502257e+01,4.987989e+00,4.843006e+01,3.198280e+00,3.588789e+00,6.771987e-01,1.244729e-01,7.443901e+01
3.548821e+00,1.550000e+00,8.100000e+01,1.051403e+00,2.485486e+02,7.078058e+01,2.285222e+00,4.675589e+00,2.668648e+00,7.116980e+00,4.732474e+00,5.196779e+00,1.528499e+01,5.076204e+00,4.751825e+01,3.258917e+00,3.652451e+00,6.916180e-01,1.270966e-01,7.398391e+01
3.548821e+00,1.625000e+00,8.100000e+01,1.033496e+00,2.485486e+02,6.915092e+01,2.285222e+00,4.756605e+00,2.714892e+00,7.240309e+00,4.814483e+00,5.286748e+00,1.554985e+01,5.164169e+00,4.660893e+01,3.315375e+00,3.715743e+00,7.035955e-01,1.292978e-01,7.353320e+01
3.548821e+00,1.700000e+00,8.100000e+01,1.015880e+00,2.488486e+02,6.756930e+01,2.285222e+00,4.835934e+00,2.761254e+00,7.364342e+00,4.897389e+00,5.382325e+00,1.581887e+01,5.252385e+00,4.569651e+01,3.367810e+00,3.779019e+00,7.130948e-01,1.310708e-01,7.308411e+01
3.548821e+00,1.775000e+00,8.100000e+01,9.988233e-01,2.488486e+02,6.601697e+01,2.285222e+00,4.918518e+00,2.808408e+00,7.490103e+00,4.981021e+00,5.474239e+00,1.608901e+01,5.342080e+00,4.476916e+01,3.425322e+00,3.843554e+00,7.252723e-01,1.333091e-01,7.262446e+01
3.548821e+00,1.850000e+00,8.100000e+01,9.820842e-01,2.488486e+02,6.449356e+01,2.285222e+00,5.002351e+00,2.856276e+00,7.617767e+00,5.065920e+00,5.567545e+00,1.636324e+01,5.433133e+00,4.382779e+01,3.483705e+00,3.909065e+00,7.376341e-01,1.355813e-01,7.215786e+01
3.548821e+00,1.925000e+00,8.100000e+01,9.656271e-01,2.488486e+02,6.299583e+01,2.285222e+00,5.087605e+00,2.904955e+00,7.747596e+00,5.152258e+00,5.662431e+00,1.664211e+01,5.525729e+00,4.287045e+01,3.543077e+00,3.975687e+00,7.502055e-01,1.378920e-01,7.168336e+01
3.548821e+00,2.000000e+00,8.100000e+01,9.494368e-01,2.488486e+02,6.152237e+01,2.285222e+00,5.174362e+00,2.954492e+00,7.879712e+00,5.240116e+00,5.758990e+00,1.692590e+01,5.619957e+00,4.189625e+01,3.603496e+00,4.043483e+00,7.629984e-01,1.402434e-01,7.120049e+01
3.756930e+00,5.000000e-01,8.575000e+01,1.597964e+00,2.556567e+02,1.283914e+02,2.285222e+00,3.041248e+00,1.749683e+00,4.671181e+00,3.111605e+00,3.066993e+00,9.995100e+00,3.328537e+00,6.606887e+01,2.073744e+00,2.390785e+00,4.240139e-01,7.824172e-02,8.339428e+01
3.756930e+00,5.750000e-01,8.575000e+01,1.498371e+00,2.556567e+02,1.187960e+02,2.285222e+00,3.243392e+00,1.865979e+00,4.981662e+00,3.318425e+00,3.270848e+00,1.065945e+01,3.549776e+00,6.381356e+01,2.211580e+00,2.549694e+00,4.521970e-01,8.344224e-02,8.229055e+01
3.756930e+00,6.500000e-01,8.575000e+01,1.421147e+00,2.556567e+02,1.113558e+02,2.285222e+00,3.419634e+00,1.967375e+00,5.252361e+00,3.498745e+00,3.448583e+00,1.123867e+01,3.742667e+00,6.184722e+01,2.331755e+00,2.688242e+00,4.767690e-01,8.797641e-02,8.132823e+01
3.756930e+00,7.250000e-01,8.575000e+01,1.359551e+00,2.553571e+02,1.054015e+02,2.285222e+00,3.576523e+00,2.056916e+00,5.491156e+00,3.657531e+00,3.602672e+00,1.174800e+01,3.912989e+00,6.011042e+01,2.440697e+00,2.810721e+00,5.001054e-01,9.226352e-02,8.047586e+01
3.756930e+00,8.000000e-01,8.575000e+01,1.308740e+00,2.556567e+02,1.005258e+02,2.285222e+00,3.713346e+00,2.136352e+00,5.703486e+00,3.799252e+00,3.744781e+00,1.220396e+01,4.064124e+00,5.857028e+01,2.532030e+00,2.919136e+00,5.177186e-01,9.553269e-02,7.972451e+01
3.756930e+00,8.750000e-01,8.575000e+01,1.266236e+00,2.556567e+02,9.643086e+01,2.285222e+00,3.837990e+00,2.208062e+00,5.894932e+00,3.926780e+00,3.870481e+00,1.261360e+01,4.200543e+00,5.717963e+01,2.617021e+00,3.017121e+00,5.350966e-01,9.873938e-02,7.904394e+01
3.756930e+00,9.500000e-01,8.575000e+01,1.229853e+00,2.556567e+02,9.292545e+01,2.285222e+00,3.951532e+00,2.273385e+00,6.069325e+00,4.042948e+00,3.984984e+00,1.298676e+01,4.324810e+00,5.591285e+01,2.694442e+00,3.106379e+00,5.509267e-01,1.016605e-01,7.842398e+01
3.756930e+00,1.025000e+00,8.575000e+01,1.198126e+00,2.556567e+02,8.986876e+01,2.285222e+00,4.056168e+00,2.333584e+00,6.230041e+00,4.150005e+00,4.090506e+00,1.333065e+01,4.439331e+00,5.474542e+01,2.765791e+00,3.188635e+00,5.655152e-01,1.043524e-01,7.785265e+01
3.756930e+00,1.100000e+00,8.575000e+01,1.169980e+00,2.556567e+02,8.715694e+01,2.285222e+00,4.153749e+00,2.389724e+00,6.379919e+00,4.249843e+00,4.188913e+00,1.365135e+01,4.546130e+00,5.365671e+01,2.832329e+00,3.265346e+00,5.791200e-01,1.068629e-01,7.731984e+01
3.756930e+00,1.175000e+00,8.575000e+01,1.144601e+00,2.556567e+02,8.471181e+01,2.285222e+00,4.245848e+00,2.442710e+00,6.521378e+00,4.344073e+00,4.281791e+00,1.395404e+01,4.646929e+00,5.262916e+01,2.895129e+00,3.337747e+00,5.919605e-01,1.092323e-01,7.681696e+01
3.756930e+00,1.250000e+00,8.575000e+01,1.121369e+00,2.556567e+02,8.247350e+01,2.285222e+00,4.333812e+00,2.493317e+00,6.656486e+00,4.434072e+00,4.370500e+00,1.424313e+01,4.743202e+00,5.164775e+01,2.955109e+00,3.406898e+00,6.042245e-01,1.114953e-01,7.633667e+01
3.756930e+00,1.325000e+00,8.575000e+01,1.099802e+00,2.556567e+02,8.039565e+01,2.285222e+00,4.418796e+00,2.542210e+00,6.787016e+00,4.521022e+00,4.456203e+00,1.452243e+01,4.836214e+00,5.069959e+01,3.013057e+00,3.473705e+00,6.160731e-01,1.136817e-01,7.587264e+01
3.756930e+00,1.400000e+00,8.575000e+01,1.079526e+00,2.556567e+02,7.844213e+01,2.285222e+00,4.501792e+00,2.589959e+00,6.914493e+00,4.605938e+00,4.539902e+00,1.479520e+01,4.927050e+00,4.977361e+01,3.069650e+00,3.538950e+00,6.276444e-01,1.158169e-01,7.541947e+01
3.756930e+00,1.475000e+00,8.575000e+01,1.060248e+00,2.556567e+02,7.658479e+01,2.285222e+00,4.583645e+00,2.637051e+00,7.040215e+00,4.689685e+00,4.622448e+00,1.506421e+01,5.016635e+00,4.886037e+01,3.125463e+00,3.603297e+00,6.390565e-01,1.179227e-01,7.497254e+01
3.756930e+00,1.550000e+00,8.575000e+01,1.041742e+00,2.556567e+02,7.480183e+01,2.285222e+00,4.665071e+00,2.683896e+00,7.165280e+00,4.772994e+00,4.704563e+00,1.533182e+01,5.105753e+00,4.795191e+01,3.180985e+00,3.667308e+00,6.504089e-01,1.200176e-01,7.452794e+01
3.756930e+00,1.625000e+00,8.575000e+01,1.023835e+00,2.556567e+02,7.307660e+01,2.285222e+00,4.746662e+00,2.730837e+00,7.290599e+00,4.856473e+00,4.786844e+00,1.559997e+01,5.195051e+00,4.704160e+01,3.236620e+00,3.731448e+00,6.617844e-01,1.221166e-01,7.408244e+01
3.756930e+00,1.700000e+00,8.575000e+01,1.006399e+00,2.556567e+02,7.139672e+01,2.285222e+00,4.828898e+00,2.778149e+00,7.416909e+00,4.940611e+00,4.869777e+00,1.587024e+01,5.285056e+00,4.612409e+01,3.292695e+00,3.796096e+00,6.732498e-01,1.242323e-01,7.363342e+01
3.756930e+00,1.775000e+00,8.575000e+01,9.893422e-01,2.556567e+02,6.975335e+01,2.285222e+00,4.912151e+00,2.826046e+00,7.544781e+00,5.025791e+00,4.953735e+00,1.614385e+01,5.376173e+00,4.519523e+01,3.349463e+00,3.861544e+00,6.848571e-01,1.263742e-01,7.317884e+01
3.756930e+00,1.850000e+00,8.575000e+01,9.726031e-01,2.556567e+02,6.814062e+01,2.285222e+00,4.996692e+00,2.874684e+00,7.674631e+00,5.112287e+00,5.038991e+00,1.642169e+01,5.468701e+00,4.425201e+01,3.407110e+00,3.928003e+00,6.966439e-01,1.285491e-01,7.271723e+01
3.756930e+00,1.925000e+00,8.575000e+01,9.561460e-01,2.556567e+02,6.655505e+01,2.285222e+00,5.082695e+00,2.924162e+00,7.806726e+00,5.200279e+00,5.125722e+00,1.670434e+01,5.562827e+00,4.329249e+01,3.465752e+00,3.995612e+00,7.086344e-01,1.307617e-01,7.224764e+01
3.756930e+00,2.000000e+00,8.575000e+01,9.399556e-01,2.556567e+02,6.499518e+01,2.285222e+00,5.170242e+00,2.974530e+00,7.941193e+00,5.289852e+00,5.214010e+00,1.699207e+01,5.658644e+00,4.231573e+01,3.525448e+00,4.064435e+00,7.208403e-01,1.330140e-01,7.176962e+01
3.965040e+00,5.000000e-01,9.050000e+01,1.588787e+00,2.618655e+02,1.353655e+02,2.285222e+00,3.028997e+00,1.754619e+00,4.688632e+00,3.127926e+00,2.728837e+00,9.991132e+00,3.338232e+00,6.644885e+01,2.024378e+00,2.393959e+00,4.002811e-01,7.415407e-02,8.379064e+01
3.965040e+00,5.750000e-01,9.050000e+01,1.489194e+00,2.618655e+02,1.252387e+02,2.285222e+00,3.231567e+00,1.871963e+00,5.002194e+00,3.337112e+00,2.911334e+00,1.065931e+01,3.561483e+00,6.420505e+01,2.159762e+00,2.554060e+00,4.270507e-01,7.911327e-02,8.270661e+01
3.965040e+00,6.500000e-01,9.050000e+01,1.411970e+00,2.618655e+02,1.173863e+02,2.285222e+00,3.408308e+00,1.974345e+00,5.275775e+00,3.519626e+00,3.070561e+00,1.124229e+01,3.756268e+00,6.224735e+01,2.277885e+00,2.693747e+00,4.504070e-01,8.344015e-02,8.176080e+01
3.965040e+00,7.250000e-01,9.050000e+01,1.350222e+00,2.618655e+02,1.111077e+02,2.285222e+00,3.564176e+00,2.064635e+00,5.517045e+00,3.680585e+00,3.210983e+00,1.175642e+01,3.928049e+00,6.052086e+01,2.382056e+00,2.816937e+00,4.710048e-01,8.725601e-02,8.092669e+01
3.965040e+00,8.000000e-01,9.050000e+01,1.299562e+00,2.618655e+02,1.059564e+02,2.285222e+00,3.703115e+00,2.145118e+00,5.732111e+00,3.824062e+00,3.336154e+00,1.221471e+01,4.081172e+00,5.898188e+01,2.474914e+00,2.926747e+00,4.893656e-01,9.065743e-02,8.018317e+01
3.965040e+00,8.750000e-01,9.050000e+01,1.257059e+00,2.618655e+02,1.016346e+02,2.285222e+00,3.828323e+00,2.217648e+00,5.925922e+00,3.953359e+00,3.448954e+00,1.262771e+01,4.219163e+00,5.759499e+01,2.558595e+00,3.025705e+00,5.059118e-01,9.372269e-02,7.951313e+01
3.965040e+00,9.500000e-01,9.050000e+01,1.220675e+00,2.618655e+02,9.793503e+01,2.285222e+00,3.942430e+00,2.283748e+00,6.102551e+00,4.071193e+00,3.551754e+00,1.300409e+01,4.344920e+00,5.633106e+01,2.634856e+00,3.115890e+00,5.209910e-01,9.651620e-02,7.890250e+01
3.965040e+00,1.025000e+00,9.050000e+01,1.188949e+00,2.618655e+02,9.470902e+01,2.285222e+00,4.047631e+00,2.344688e+00,6.265393e+00,4.179830e+00,3.646530e+00,1.335109e+01,4.460861e+00,5.516579e+01,2.705166e+00,3.199035e+00,5.348933e-01,9.909167e-02,7.833953e+01
3.965040e+00,1.100000e+00,9.050000e+01,1.160802e+00,2.618655e+02,9.184699e+01,2.285222e+00,4.145777e+00,2.401541e+00,6.417314e+00,4.281181e+00,3.734950e+00,1.367483e+01,4.569026e+00,5.407866e+01,2.770760e+00,3.276604e+00,5.478632e-01,1.014944e-01,7.781431e+01
3.965040e+00,1.175000e+00,9.050000e+01,1.135423e+00,2.618656e+02,8.926641e+01,2.285222e+00,4.238442e+00,2.455220e+00,6.560752e+00,4.376873e+00,3.818433e+00,1.398048e+01,4.671152e+00,5.305224e+01,2.832691e+00,3.349842e+00,5.601089e-01,1.037630e-01,7.731842e+01
3.965040e+00,1.250000e+00,9.050000e+01,1.112191e+00,2.618656e+02,8.690411e+01,2.285222e+00,4.326977e+00,2.506506e+00,6.697796e+00,4.468299e+00,3.898194e+00,1.427251e+01,4.768725e+00,5.207157e+01,2.891862e+00,3.419816e+00,5.718087e-01,1.059304e-01,7.684464e+01
3.965040e+00,1.325000e+00,9.050000e+01,1.090625e+00,2.618656e+02,8.471116e+01,2.285222e+00,4.412541e+00,2.556071e+00,6.830242e+00,4.556658e+00,3.975279e+00,1.455475e+01,4.863025e+00,5.112381e+01,2.949047e+00,3.487441e+00,5.831160e-01,1.080252e-01,7.638675e+01
3.965040e+00,1.400000e+00,9.050000e+01,1.070348e+00,2.618656e+02,8.264943e+01,2.285222e+00,4.496130e+00,2.604491e+00,6.959631e+00,4.642977e+00,4.050585e+00,1.483046e+01,4.955147e+00,5.019792e+01,3.004913e+00,3.553506e+00,5.941622e-01,1.100715e-01,7.593943e+01
3.965040e+00,1.475000e+00,9.050000e+01,1.051071e+00,2.618656e+02,8.068921e+01,2.285222e+00,4.578594e+00,2.652261e+00,7.087278e+00,4.728134e+00,4.124877e+00,1.510247e+01,5.046030e+00,4.928450e+01,3.060026e+00,3.618682e+00,6.050598e-01,1.120904e-01,7.549813e+01
3.965040e+00,1.550000e+00,9.050000e+01,1.032565e+00,2.618656e+02,7.880748e+01,2.285222e+00,4.660653e+00,2.699795e+00,7.214298e+00,4.812873e+00,4.198804e+00,1.537314e+01,5.136467e+00,4.837556e+01,3.114869e+00,3.683537e+00,6.159038e-01,1.140993e-01,7.505901e+01
3.965040e+00,1.625000e+00,9.050000e+01,1.014658e+00,2.618656e+02,7.698668e+01,2.285222e+00,4.742904e+00,2.747441e+00,7.341616e+00,4.897811e+00,4.272904e+00,1.564445e+01,5.227115e+00,4.746449e+01,3.169840e+00,3.748544e+00,6.267733e-01,1.161129e-01,7.461885e+01
3.965040e+00,1.700000e+00,9.050000e+01,9.972218e-01,2.618656e+02,7.521375e+01,2.285222e+00,4.825831e+00,2.795479e+00,7.469980e+00,4.983446e+00,4.347614e+00,1.591798e+01,5.318508e+00,4.654593e+01,3.225263e+00,3.814086e+00,6.377321e-01,1.181431e-01,7.417507e+01
3.965040e+00,1.775000e+00,9.050000e+01,9.801648e-01,2.618656e+02,7.347935e+01,2.285222e+00,4.909810e+00,2.844126e+00,7.599974e+00,5.070169e+00,4.423272e+00,1.619499e+01,5.411061e+00,4.561572e+01,3.281390e+00,3.880459e+00,6.488299e-01,1.201990e-01,7.372566e+01
3.965040e+00,1.850000e+00,9.050000e+01,9.634257e-01,2.618656e+02,7.177728e+01,2.285222e+00,4.995116e+00,2.893541e+00,7.732020e+00,5.158260e+00,4.500124e+00,1.647637e+01,5.505076e+00,4.467082e+01,3.338402e+00,3.947880e+00,6.601030e-01,1.222874e-01,7.326916e+01
3.965040e+00,1.925000e+00,9.050000e+01,9.469686e-01,2.618656e+02,7.010388e+01,2.285222e+00,5.081924e+00,2.943827e+00,7.866392e+00,5.247904e+00,4.578330e+00,1.676271e+01,5.600746e+00,4.370928e+01,3.396419e+00,4.016489e+00,6.715747e-01,1.244126e-01,7.280461e+01
3.965040e+00,2.000000e+00,9.050000e+01,9.307783e-01,2.618656e+02,6.845761e+01,2.285222e+00,5.170321e+00,2.995033e+00,8.003222e+00,5.339188e+00,4.657967e+00,1.705428e+01,5.698168e+00,4.273013e+01,3.455498e+00,4.086354e+00,6.832563e-01,1.265767e-01,7.233157e+01
4.173150e+00,5.000000e-01,9.525000e+01,1.579869e+00,2.674760e+02,1.423293e+02,2.285222e+00,3.019099e+00,1.759843e+00,4.706470e+00,3.144087e+00,2.387144e+00,9.985616e+00,3.348447e+00,6.682245e+01,1.979599e+00,2.397727e+00,3.790225e-01,7.049497e-02,8.418022e+01
4.173150e+00,5.750000e-01,9.525000e+01,1.480276e+00,2.674760e+02,1.316709e+02,2.285222e+00,3.222224e+00,1.878245e+00,5.023121e+00,3.355620e+00,2.547751e+00,1.065745e+01,3.573730e+00,6.459027e+01,2.112787e+00,2.559046e+00,4.045231e-01,7.523786e-02,8.311587e+01
4.173150e+00,6.500000e-01,9.525000e+01,1.403052e+00,2.674760e+02,1.234065e+02,2.285222e+00,3.399574e+00,1.981624e+00,5.299592e+00,3.540313e+00,2.687979e+00,1.124403e+01,3.770428e+00,6.264132e+01,2.229074e+00,2.699896e+00,4.267880e-01,7.937894e-02,8.218656e+01
4.173150e+00,7.250000e-01,9.525000e+01,1.341304e+00,2.674760e+02,1.167982e+02,2.285222e+00,3.556076e+00,2.072849e+00,5.543563e+00,3.703294e+00,2.811722e+00,1.176166e+01,3.944002e+00,6.092149e+01,2.331691e+00,2.824187e+00,4.464354e-01,8.303320e-02,8.136651e+01
4.173150e+00,8.000000e-01,9.525000e+01,1.290644e+00,2.674760e+02,1.113767e+02,2.285222e+00,3.695657e+00,2.154211e+00,5.761156e+00,3.848654e+00,2.922086e+00,1.222332e+01,4.098810e+00,5.938760e+01,2.423214e+00,2.935041e+00,4.639587e-01,8.629238e-02,8.063512e+01
4.173150e+00,8.750000e-01,9.525000e+01,1.248141e+00,2.674760e+02,1.068280e+02,2.285222e+00,3.821506e+00,2.227569e+00,5.957341e+00,3.979712e+00,3.021592e+00,1.263956e+01,4.238387e+00,5.800462e+01,2.505732e+00,3.034989e+00,4.797579e-01,8.923090e-02,7.997568e+01
4.173150e+00,9.500000e-01,9.525000e+01,1.214086e+00,2.674760e+02,1.031835e+02,2.285222e+00,3.931792e+00,2.291855e+00,6.129266e+00,4.094564e+00,3.108793e+00,1.300433e+01,4.360704e+00,5.679266e+01,2.578046e+00,3.122577e+00,4.936034e-01,9.180605e-02,7.939780e+01
4.173150e+00,1.025000e+00,9.525000e+01,1.180031e+00,2.674760e+02,9.953891e+01,2.285222e+00,4.042078e+00,2.356141e+00,6.301191e+00,4.209416e+00,3.195995e+00,1.336910e+01,4.483021e+00,5.558070e+01,2.650359e+00,3.210165e+00,5.074489e-01,9.438119e-02,7.881991e+01
4.173150e+00,1.100000e+00,9.525000e+01,1.151884e+00,2.674760e+02,9.652666e+01,2.285222e+00,4.140848e+00,2.413714e+00,6.455163e+00,4.312275e+00,3.274090e+00,1.369578e+01,4.592565e+00,5.449530e+01,2.715122e+00,3.288606e+00,5.198486e-01,9.668743e-02,7.830236e+01
4.173150e+00,1.175000e+00,9.525000e+01,1.126505e+00,2.674760e+02,9.381064e+01,2.285222e+00,4.234136e+00,2.468092e+00,6.600589e+00,4.409425e+00,3.347851e+00,1.400433e+01,4.696030e+00,5.347014e+01,2.776290e+00,3.362695e+00,5.315601e-01,9.886567e-02,7.781354e+01
4.173150e+00,1.250000e+00,9.525000e+01,1.103273e+00,2.674760e+02,9.132435e+01,2.285222e+00,4.323296e+00,2.520064e+00,6.739580e+00,4.502276e+00,3.418348e+00,1.429922e+01,4.794916e+00,5.249034e+01,2.834752e+00,3.433504e+00,5.427533e-01,1.009475e-01,7.734636e+01
4.173150e+00,1.325000e+00,9.525000e+01,1.081706e+00,2.674760e+02,8.901630e+01,2.285222e+00,4.409492e+00,2.570308e+00,6.873951e+00,4.592040e+00,3.486502e+00,1.458431e+01,4.890515e+00,5.154311e+01,2.891270e+00,3.501960e+00,5.535745e-01,1.029602e-01,7.689470e+01
4.173150e+00,1.400000e+00,9.525000e+01,1.061430e+00,2.674760e+02,8.684635e+01,2.285222e+00,4.493724e+00,2.619407e+00,7.005262e+00,4.679760e+00,3.553103e+00,1.486291e+01,4.983936e+00,5.061746e+01,2.946501e+00,3.568857e+00,5.641492e-01,1.049270e-01,7.645332e+01
4.173150e+00,1.475000e+00,9.525000e+01,1.042152e+00,2.674760e+02,8.478325e+01,2.285222e+00,4.576850e+00,2.667861e+00,7.134846e+00,4.766327e+00,3.618828e+00,1.513785e+01,5.076130e+00,4.970398e+01,3.001006e+00,3.634875e+00,5.745849e-01,1.068679e-01,7.601776e+01
4.173150e+00,1.550000e+00,9.525000e+01,1.023646e+00,2.674760e+02,8.280275e+01,2.285222e+00,4.659592e+00,2.716092e+00,7.263832e+00,4.852494e+00,3.684251e+00,1.541152e+01,5.167898e+00,4.879470e+01,3.055259e+00,3.700588e+00,5.849725e-01,1.087999e-01,7.558420e+01
4.173150e+00,1.625000e+00,9.525000e+01,1.005740e+00,2.674760e+02,8.088639e+01,2.285222e+00,4.742553e+00,2.764451e+00,7.393161e+00,4.938890e+00,3.749847e+00,1.568591e+01,5.259910e+00,4.788302e+01,3.109656e+00,3.766475e+00,5.953876e-01,1.107370e-01,7.514948e+01
4.173150e+00,1.700000e+00,9.525000e+01,9.883037e-01,2.674760e+02,7.902040e+01,2.285222e+00,4.826223e+00,2.813222e+00,7.523593e+00,5.026024e+00,3.816003e+00,1.596265e+01,5.352706e+00,4.696356e+01,3.164518e+00,3.832924e+00,6.058916e-01,1.126907e-01,7.471107e+01
4.173150e+00,1.775000e+00,9.525000e+01,9.712467e-01,2.674760e+02,7.719497e+01,2.285222e+00,4.910980e+00,2.862627e+00,7.655721e+00,5.114290e+00,3.883019e+00,1.624298e+01,5.446710e+00,4.603214e+01,3.220093e+00,3.900238e+00,6.165322e-01,1.146698e-01,7.426694e+01
4.173150e+00,1.850000e+00,9.525000e+01,9.545076e-01,2.674760e+02,7.540356e+01,2.285222e+00,4.997103e+00,2.912829e+00,7.789979e+00,5.203979e+00,3.951115e+00,1.652783e+01,5.542228e+00,4.508571e+01,3.276563e+00,3.968636e+00,6.273442e-01,1.166807e-01,7.381567e+01
4.173150e+00,1.925000e+00,9.525000e+01,9.380505e-01,2.674760e+02,7.364234e+01,2.285222e+00,5.084772e+00,2.963931e+00,7.926645e+00,5.295276e+00,4.020433e+00,1.681779e+01,5.639460e+00,4.412230e+01,3.334047e+00,4.038261e+00,6.383502e-01,1.187277e-01,7.335629e+01
4.173150e+00,2.000000e+00,9.525000e+01,9.218601e-01,2.674760e+02,7.190966e+01,2.285222e+00,5.174074e+00,3.015985e+00,8.065858e+00,5.388275e+00,4.091042e+00,1.711316e+01,5.738504e+00,4.314094e+01,3.392602e+00,4.109184e+00,6.495613e-01,1.208129e-01,7.288836e+01
4.381260e+00,5.000000e-01,1.000000e+02,1.571173e+00,2.724887e+02,1.492827e+02,2.285222e+00,3.011241e+00,1.765323e+00,4.724664e+00,3.160125e+00,2.041957e+00,9.978737e+00,3.359125e+00,6.719090e+01,1.938822e+00,2.402027e+00,3.598789e-01,6.720220e-02,8.456431e+01
4.381260e+00,5.750000e-01,1.000000e+02,1.471580e+00,2.724887e+02,1.380928e+02,2.285222e+00,3.215034e+00,1.884795e+00,5.044417e+00,3.373994e+00,2.180152e+00,1.065407e+01,3.586462e+00,6.497046e+01,2.070037e+00,2.564590e+00,3.842346e-01,7.175027e-02,8.351966e+01
4.381260e+00,6.500000e-01,1.000000e+02,1.413547e+00,2.724887e+02,1.315724e+02,2.285222e+00,3.365569e+00,1.973046e+00,5.280608e+00,3.531972e+00,2.282231e+00,1.115292e+01,3.754388e+00,6.333030e+01,2.166960e+00,2.684670e+00,4.022253e-01,7.510978e-02,8.274802e+01
4.381260e+00,7.250000e-01,1.000000e+02,1.355513e+00,2.724887e+02,1.250519e+02,2.285222e+00,3.516104e+00,2.061296e+00,5.516798e+00,3.689950e+00,2.384311e+00,1.165177e+01,3.922314e+00,6.169014e+01,2.263884e+00,2.804750e+00,4.202160e-01,7.846928e-02,8.197637e+01
4.381260e+00,8.000000e-01,1.000000e+02,1.297479e+00,2.724887e+02,1.185315e+02,2.285222e+00,3.666639e+00,2.149546e+00,5.752989e+00,3.847928e+00,2.486390e+00,1.215061e+01,4.090240e+00,6.004998e+01,2.360808e+00,2.924830e+00,4.382067e-01,8.182879e-02,8.120473e+01
4.381260e+00,8.750000e-01,1.000000e+02,1.239446e+00,2.724887e+02,1.120110e+02,2.285222e+00,3.817174e+00,2.237797e+00,5.989180e+00,4.005906e+00,2.588470e+00,1.264946e+01,4.258166e+00,5.840982e+01,2.457732e+00,3.044910e+00,4.561974e-01,8.518829e-02,8.043308e+01
4.381260e+00,9.500000e-01,1.000000e+02,1.205391e+00,2.724887e+02,1.081847e+02,2.285222e+00,3.928152e+00,2.302857e+00,6.163307e+00,4.122372e+00,2.663726e+00,1.301723e+01,4.381967e+00,5.720064e+01,2.529187e+00,3.133436e+00,4.694607e-01,8.766502e-02,7.986420e+01
4.381260e+00,1.025000e+00,1.000000e+02,1.171336e+00,2.724887e+02,1.043584e+02,2.285222e+00,4.039131e+00,2.367918e+00,6.337434e+00,4.238838e+00,2.738982e+00,1.338499e+01,4.505767e+00,5.599147e+01,2.600642e+00,3.221963e+00,4.827240e-01,9.014175e-02,7.929532e+01
4.381260e+00,1.100000e+00,1.000000e+02,1.143189e+00,2.724887e+02,1.011960e+02,2.285222e+00,4.138580e+00,2.426219e+00,6.493469e+00,4.343203e+00,2.806419e+00,1.371455e+01,4.616704e+00,5.490792e+01,2.664673e+00,3.301292e+00,4.946093e-01,9.236115e-02,7.878555e+01
4.381260e+00,1.175000e+00,1.000000e+02,1.118883e+00,2.724887e+02,9.846509e+01,2.285222e+00,4.230478e+00,2.480094e+00,6.637658e+00,4.439645e+00,2.868736e+00,1.401908e+01,4.719219e+00,5.390664e+01,2.723843e+00,3.374598e+00,5.055922e-01,9.441205e-02,7.831447e+01
4.381260e+00,1.250000e+00,1.000000e+02,1.094578e+00,2.724887e+02,9.573422e+01,2.285222e+00,4.322376e+00,2.533969e+00,6.781847e+00,4.536087e+00,2.931054e+00,1.432362e+01,4.821734e+00,5.290536e+01,2.783013e+00,3.447904e+00,5.165751e-01,9.646295e-02,7.784340e+01
4.381260e+00,1.325000e+00,1.000000e+02,1.073657e+00,2.724887e+02,9.338357e+01,2.285222e+00,4.408276e+00,2.584327e+00,6.916625e+00,4.626234e+00,2.989303e+00,1.460827e+01,4.917558e+00,5.196943e+01,2.838320e+00,3.516426e+00,5.268412e-01,9.837999e-02,7.740308e+01
4.381260e+00,1.400000e+00,1.000000e+02,1.052735e+00,2.724887e+02,9.103291e+01,2.285222e+00,4.494176e+00,2.634686e+00,7.051403e+00,4.716381e+00,3.047553e+00,1.489293e+01,5.013382e+00,5.103351e+01,2.893628e+00,3.584948e+00,5.371072e-01,1.002970e-01,7.696275e+01
4.381260e+00,1.475000e+00,1.000000e+02,1.033457e+00,2.724887e+02,8.886692e+01,2.285222e+00,4.578009e+00,2.683832e+00,7.182938e+00,4.804359e+00,3.104402e+00,1.517074e+01,5.106900e+00,5.012010e+01,2.947605e+00,3.651820e+00,5.471263e-01,1.021679e-01,7.653302e+01
4.381260e+00,1.550000e+00,1.000000e+02,1.014951e+00,2.724887e+02,8.678766e+01,2.285222e+00,4.661481e+00,2.732767e+00,7.313906e+00,4.891958e+00,3.161005e+00,1.544735e+01,5.200016e+00,4.921062e+01,3.001350e+00,3.718405e+00,5.571022e-01,1.040308e-01,7.610514e+01
4.381260e+00,1.625000e+00,1.000000e+02,9.972799e-01,2.724887e+02,8.480218e+01,2.285222e+00,4.745570e+00,2.782064e+00,7.445843e+00,4.980205e+00,3.218027e+00,1.572601e+01,5.293820e+00,4.829443e+01,3.055492e+00,3.785482e+00,5.671518e-01,1.059074e-01,7.567410e+01
4.381260e+00,1.700000e+00,1.000000e+02,9.796085e-01,2.724887e+02,8.281669e+01,2.285222e+00,4.829659e+00,2.831361e+00,7.577779e+00,5.068452e+00,3.275048e+00,1.600467e+01,5.387623e+00,4.737823e+01,3.109634e+00,3.852559e+00,5.772014e-01,1.077840e-01,7.524305e+01
4.381260e+00,1.775000e+00,1.000000e+02,9.625515e-01,2.724887e+02,8.090023e+01,2.285222e+00,4.915244e+00,2.881534e+00,7.712061e+00,5.158267e+00,3.333084e+00,1.628828e+01,5.483095e+00,4.644575e+01,3.164738e+00,3.920829e+00,5.874297e-01,1.096940e-01,7.480435e+01
4.381260e+00,1.850000e+00,1.000000e+02,9.458124e-01,2.724887e+02,7.901949e+01,2.285222e+00,5.002234e+00,2.932532e+00,7.848550e+00,5.249559e+00,3.392073e+00,1.657655e+01,5.580135e+00,4.549794e+01,3.220748e+00,3.990221e+00,5.978261e-01,1.116354e-01,7.435843e+01
4.381260e+00,1.925000e+00,1.000000e+02,9.293553e-01,2.724887e+02,7.717043e+01,2.285222e+00,5.090813e+00,2.984461e+00,7.987532e+00,5.342518e+00,3.452140e+00,1.687009e+01,5.678948e+00,4.453282e+01,3.277781e+00,4.060880e+00,6.084124e-01,1.136122e-01,7.390437e+01
4.381260e+00,2.000000e+00,1.000000e+02,9.131650e-01,2.724887e+02,7.535134e+01,2.285222e+00,5.181073e+00,3.037375e+00,8.129150e+00,5.437240e+00,3.513346e+00,1.716919e+01,5.779635e+00,4.354939e+01,3.335896e+00,4.132879e+00,6.191994e-01,1.156266e-01,7.344170e+01
