# system_capacity,brine_disposal_cost,flowrate_MGD,LCOW,Total CAPEX (MGD),Total OPEX (MGD/year),SEC,Ozone_CAPEX_frac,Ozone_OPEX_frac,BAF_CAPEX_frac,BAF_OPEX_frac,UF_CAPEX_frac,UF_OPEX_frac,UV_AOP_CAPEX_frac,UV_AOP_OPEX_frac,Cl_CAPEX_frac,Cl_OPEX_frac,RO_CAPEX_frac,RO_OPEX_frac,brine_frac,Total_Opex_frac
2.190630e-01,5.000000e-01,5.000000e+00,2.189755e+00,6.450391e+01,3.094836e+00,3.226911e+00,1.074845e+01,2.943774e+00,6.199091e+00,2.862238e+00,1.002041e+01,1.009966e+01,1.003187e+01,2.819915e+00,9.824479e+00,1.706868e+00,1.666941e+01,1.003121e+01,6.042617e+00,3.046367e+01
2.190630e-01,5.750000e-01,5.000000e+00,2.209497e+00,6.467519e+01,3.105685e+00,3.245227e+00,1.062899e+01,2.911056e+00,6.130192e+00,2.830426e+00,9.909040e+00,9.987413e+00,9.926056e+00,2.791914e+00,9.712848e+00,1.687482e+00,1.664762e+01,1.002241e+01,6.814558e+00,3.023070e+01
2.190630e-01,6.500000e-01,5.000000e+00,2.229037e+00,6.484328e+01,3.116327e+00,3.263136e+00,1.051389e+01,2.879533e+00,6.063810e+00,2.799776e+00,9.801738e+00,9.879262e+00,9.823894e+00,2.764813e+00,9.605388e+00,1.668820e+00,1.662616e+01,1.001360e+01,7.559316e+00,3.000581e+01
2.190630e-01,7.250000e-01,5.000000e+00,2.248385e+00,6.500836e+01,3.126773e+00,3.280661e+00,1.040284e+01,2.849121e+00,5.999766e+00,2.770206e+00,9.698216e+00,9.774921e+00,9.725137e+00,2.738555e+00,9.501797e+00,1.650830e+00,1.660496e+01,1.000478e+01,8.278868e+00,2.978841e+01
2.190630e-01,8.000000e-01,5.000000e+00,2.267552e+00,6.517055e+01,3.137031e+00,3.297823e+00,1.029558e+01,2.819743e+00,5.937901e+00,2.741642e+00,9.598215e+00,9.674129e+00,9.629561e+00,2.713089e+00,9.401808e+00,1.633465e+00,1.658399e+01,9.995908e+00,8.974975e+00,2.957798e+01
2.190630e-01,8.750000e-01,5.000000e+00,2.286547e+00,6.533001e+01,3.147112e+00,3.314642e+00,1.019184e+01,2.791331e+00,5.878072e+00,2.714017e+00,9.501504e+00,9.576654e+00,9.536967e+00,2.688366e+00,9.305180e+00,1.616683e+00,1.656318e+01,9.986987e+00,9.649217e+00,2.937404e+01
2.190630e-01,9.500000e-01,5.000000e+00,2.305378e+00,6.548678e+01,3.157018e+00,3.331127e+00,1.009142e+01,2.763827e+00,5.820152e+00,2.687275e+00,9.407882e+00,9.482291e+00,9.447178e+00,2.664345e+00,9.211703e+00,1.600449e+00,1.654246e+01,9.977967e+00,1.030305e+01,2.917615e+01
2.190630e-01,1.025000e+00,5.000000e+00,2.324128e+00,6.548863e+01,3.157135e+00,3.331322e+00,1.000980e+01,2.741475e+00,5.773084e+00,2.665542e+00,9.331798e+00,9.405605e+00,9.370825e+00,2.642827e+00,9.137185e+00,1.587502e+00,1.641035e+01,9.898322e+00,1.102568e+01,2.894127e+01
2.190630e-01,1.100000e+00,5.000000e+00,2.342878e+00,6.548863e+01,3.157135e+00,3.331322e+00,9.929696e+00,2.719535e+00,5.726882e+00,2.644210e+00,9.257116e+00,9.330332e+00,9.295830e+00,2.621676e+00,9.064060e+00,1.574797e+00,1.627902e+01,9.819106e+00,1.173774e+01,2.870966e+01
2.190630e-01,1.175000e+00,5.000000e+00,2.361628e+00,6.548863e+01,3.157135e+00,3.331322e+00,9.850860e+00,2.697944e+00,5.681413e+00,2.623216e+00,9.183619e+00,9.256254e+00,9.222026e+00,2.600861e+00,8.992097e+00,1.562294e+00,1.614977e+01,9.741148e+00,1.243849e+01,2.848172e+01
2.190630e-01,1.250000e+00,5.000000e+00,2.380378e+00,6.548863e+01,3.157135e+00,3.331322e+00,9.773265e+00,2.676692e+00,5.636661e+00,2.602553e+00,9.111281e+00,9.183344e+00,9.149385e+00,2.580375e+00,8.921266e+00,1.549988e+00,1.602256e+01,9.664418e+00,1.312821e+01,2.825737e+01
2.190630e-01,1.325000e+00,5.000000e+00,2.399128e+00,6.548863e+01,3.157135e+00,3.331322e+00,9.696883e+00,2.655773e+00,5.592609e+00,2.582213e+00,9.040073e+00,9.111572e+00,9.077879e+00,2.560208e+00,8.851544e+00,1.537874e+00,1.589734e+01,9.588887e+00,1.380714e+01,2.803653e+01
2.190630e-01,1.400000e+00,5.000000e+00,2.417878e+00,6.548863e+01,3.157135e+00,3.331322e+00,9.621686e+00,2.635178e+00,5.549239e+00,2.562189e+00,8.969969e+00,9.040914e+00,9.007483e+00,2.540354e+00,8.782902e+00,1.525949e+00,1.577406e+01,9.514527e+00,1.447555e+01,2.781911e+01
2.190630e-01,1.475000e+00,5.000000e+00,2.436628e+00,6.548863e+01,3.157135e+00,3.331322e+00,9.547647e+00,2.614900e+00,5.506537e+00,2.542473e+00,8.900945e+00,8.971344e+00,8.938169e+00,2.520806e+00,8.715317e+00,1.514206e+00,1.565268e+01,9.441312e+00,1.513367e+01,2.760504e+01
2.190630e-01,1.550000e+00,5.000000e+00,2.455378e+00,6.548863e+01,3.157135e+00,3.331322e+00,9.474738e+00,2.594932e+00,5.464488e+00,2.523058e+00,8.832974e+00,8.902836e+00,8.869915e+00,2.501556e+00,8.648764e+00,1.502643e+00,1.553315e+01,9.369215e+00,1.578173e+01,2.739424e+01
2.190630e-01,1.625000e+00,5.000000e+00,2.474128e+00,6.548863e+01,3.157135e+00,3.331322e+00,9.402934e+00,2.575266e+00,5.423075e+00,2.503937e+00,8.766034e+00,8.835366e+00,8.802694e+00,2.482598e+00,8.583220e+00,1.491256e+00,1.541543e+01,9.298211e+00,1.641998e+01,2.718663e+01
2.190630e-01,1.700000e+00,5.000000e+00,2.492878e+00,6.548863e+01,3.157135e+00,3.331322e+00,9.332210e+00,2.555896e+00,5.382286e+00,2.485103e+00,8.700100e+00,8.768911e+00,8.736485e+00,2.463926e+00,8.518661e+00,1.480039e+00,1.529949e+01,9.228275e+00,1.704862e+01,2.698215e+01
2.190630e-01,1.775000e+00,5.000000e+00,2.511629e+00,6.548863e+01,3.157135e+00,3.331322e+00,9.262543e+00,2.536816e+00,5.342106e+00,2.466551e+00,8.635152e+00,8.703449e+00,8.671265e+00,2.445532e+00,8.455067e+00,1.468990e+00,1.518527e+01,9.159383e+00,1.766788e+01,2.678072e+01
2.190630e-01,1.850000e+00,5.000000e+00,2.530379e+00,6.548863e+01,3.157135e+00,3.331322e+00,9.193907e+00,2.518018e+00,5.302521e+00,2.448274e+00,8.571165e+00,8.638956e+00,8.607011e+00,2.427410e+00,8.392415e+00,1.458105e+00,1.507275e+01,9.091512e+00,1.827796e+01,2.658228e+01
2.190630e-01,1.925000e+00,5.000000e+00,2.549129e+00,6.548863e+01,3.157135e+00,3.331322e+00,9.126282e+00,2.499497e+00,5.263518e+00,2.430266e+00,8.508120e+00,8.575413e+00,8.543702e+00,2.409556e+00,8.330685e+00,1.447380e+00,1.496188e+01,9.024640e+00,1.887906e+01,2.638675e+01
2.190630e-01,2.000000e+00,5.000000e+00,2.567879e+00,6.548863e+01,3.157135e+00,3.331322e+00,9.059644e+00,2.481246e+00,5.225085e+00,2.412521e+00,8.445996e+00,8.512797e+00,8.481318e+00,2.391962e+00,8.269856e+00,1.436812e+00,1.485263e+01,8.958744e+00,1.947139e+01,2.619408e+01
4.271728e-01,5.000000e-01,9.750000e+00,1.777985e+00,9.271496e+01,5.392894e+00,3.144324e+00,8.190414e+00,2.764997e+00,6.058747e+00,3.276003e+00,1.073544e+01,1.227326e+01,7.645780e+00,2.656447e+00,5.803098e+00,1.010418e+00,1.983923e+01,1.191400e+01,7.832162e+00,3.389513e+01
4.271728e-01,5.750000e-01,9.750000e+00,1.798735e+00,9.307757e+01,5.416021e+00,3.164682e+00,8.072890e+00,2.725322e+00,5.971810e+00,3.228996e+00,1.058140e+01,1.209715e+01,7.542092e+00,2.623117e+00,5.717820e+00,9.955828e-01,1.977518e+01,1.188187e+01,8.786772e+00,3.355204e+01
4.271728e-01,6.500000e-01,9.750000e+00,1.819222e+00,9.343235e+01,5.438626e+00,3.184502e+00,7.960698e+00,2.687447e+00,5.888818e+00,3.184122e+00,1.043435e+01,1.192903e+01,7.442846e+00,2.591096e+00,5.636501e+00,9.814360e-01,1.971338e+01,1.185071e+01,9.699568e+00,3.322384e+01
4.271728e-01,7.250000e-01,9.750000e+00,1.839461e+00,9.377978e+01,5.460743e+00,3.203821e+00,7.853385e+00,2.651220e+00,5.809435e+00,3.141198e+00,1.029369e+01,1.176822e+01,7.347680e+00,2.560285e+00,5.558798e+00,9.679179e-01,1.965357e+01,1.182042e+01,1.057418e+01,3.290926e+01
4.271728e-01,8.000000e-01,9.750000e+00,1.859470e+00,9.412028e+01,5.482400e+00,3.222671e+00,7.750554e+00,2.616505e+00,5.733367e+00,3.100068e+00,1.015890e+01,1.161413e+01,7.256277e+00,2.530596e+00,5.484413e+00,9.549764e-01,1.959553e+01,1.179088e+01,1.141379e+01,3.260716e+01
4.271728e-01,8.750000e-01,9.750000e+00,1.879260e+00,9.445422e+01,5.503625e+00,3.241082e+00,7.651855e+00,2.583185e+00,5.660355e+00,3.060590e+00,1.002953e+01,1.146623e+01,7.168356e+00,2.501952e+00,5.413082e+00,9.425659e-01,1.953909e+01,1.176203e+01,1.222117e+01,3.231656e+01
4.271728e-01,9.500000e-01,9.750000e+00,1.898845e+00,9.478197e+01,5.524442e+00,3.259080e+00,7.556978e+00,2.551156e+00,5.590171e+00,3.022641e+00,9.905177e+00,1.132406e+01,7.083666e+00,2.474281e+00,5.344572e+00,9.306459e-01,1.948408e+01,1.173379e+01,1.299878e+01,3.203658e+01
4.271728e-01,1.025000e+00,9.750000e+00,1.918236e+00,9.510382e+01,5.544871e+00,3.276690e+00,7.465649e+00,2.520324e+00,5.522612e+00,2.986111e+00,9.785468e+00,1.118721e+01,7.001985e+00,2.447523e+00,5.278677e+00,9.191804e-01,1.943037e+01,1.170610e+01,1.374880e+01,3.176644e+01
4.271728e-01,1.100000e+00,9.750000e+00,1.937444e+00,9.542007e+01,5.564933e+00,3.293932e+00,7.377620e+00,2.490606e+00,5.457494e+00,2.950902e+00,9.670086e+00,1.105530e+01,6.923113e+00,2.421619e+00,5.215212e+00,9.081376e-01,1.937784e+01,1.167890e+01,1.447318e+01,3.150546e+01
4.271728e-01,1.175000e+00,9.750000e+00,1.956477e+00,9.573098e+01,5.584646e+00,3.310826e+00,7.292671e+00,2.461929e+00,5.394654e+00,2.916924e+00,9.558741e+00,1.092800e+01,6.846870e+00,2.396519e+00,5.154012e+00,8.974885e-01,1.932639e+01,1.165215e+01,1.517366e+01,3.125301e+01
4.271728e-01,1.250000e+00,9.750000e+00,1.975345e+00,9.603679e+01,5.604025e+00,3.327391e+00,7.210604e+00,2.434223e+00,5.333946e+00,2.884099e+00,9.451173e+00,1.080502e+01,6.773091e+00,2.372175e+00,5.094929e+00,8.872074e-01,1.927592e+01,1.162581e+01,1.585180e+01,3.100853e+01
4.271728e-01,1.325000e+00,9.750000e+00,1.994099e+00,9.610950e+01,5.608631e+00,3.331322e+00,7.139924e+00,2.410363e+00,5.281661e+00,2.855828e+00,9.358530e+00,1.069911e+01,6.707456e+00,2.349530e+00,5.044737e+00,8.784690e-01,1.912631e+01,1.153652e+01,1.661156e+01,3.072982e+01
4.271728e-01,1.400000e+00,9.750000e+00,2.012849e+00,9.610950e+01,5.608631e+00,3.331322e+00,7.073414e+00,2.387910e+00,5.232462e+00,2.829225e+00,9.271354e+00,1.059945e+01,6.644975e+00,2.327643e+00,4.997745e+00,8.702859e-01,1.894814e+01,1.142906e+01,1.738834e+01,3.044357e+01
4.271728e-01,1.475000e+00,9.750000e+00,2.031599e+00,9.610950e+01,5.608631e+00,3.331322e+00,7.008132e+00,2.365871e+00,5.184170e+00,2.803114e+00,9.185786e+00,1.050162e+01,6.583647e+00,2.306161e+00,4.951619e+00,8.622539e-01,1.877327e+01,1.132357e+01,1.815078e+01,3.016260e+01
4.271728e-01,1.550000e+00,9.750000e+00,2.050349e+00,9.610950e+01,5.608631e+00,3.331322e+00,6.944044e+00,2.344236e+00,5.136762e+00,2.777480e+00,9.101784e+00,1.040559e+01,6.523440e+00,2.285072e+00,4.906338e+00,8.543687e-01,1.860159e+01,1.122002e+01,1.889928e+01,2.988676e+01
4.271728e-01,1.625000e+00,9.750000e+00,2.069100e+00,9.610950e+01,5.608631e+00,3.331322e+00,6.881118e+00,2.322992e+00,5.090213e+00,2.752311e+00,9.019304e+00,1.031129e+01,6.464325e+00,2.264364e+00,4.861877e+00,8.466265e-01,1.843302e+01,1.111835e+01,1.963421e+01,2.961593e+01
4.271728e-01,1.700000e+00,9.750000e+00,2.087850e+00,9.610950e+01,5.608631e+00,3.331322e+00,6.819321e+00,2.302131e+00,5.044500e+00,2.727593e+00,8.938306e+00,1.021869e+01,6.406272e+00,2.244029e+00,4.818214e+00,8.390233e-01,1.826748e+01,1.101850e+01,2.035594e+01,2.934996e+01
4.271728e-01,1.775000e+00,9.750000e+00,2.106600e+00,9.610950e+01,5.608631e+00,3.331322e+00,6.758625e+00,2.281640e+00,4.999601e+00,2.703316e+00,8.858749e+00,1.012774e+01,6.349252e+00,2.224056e+00,4.775329e+00,8.315554e-01,1.810489e+01,1.092043e+01,2.106482e+01,2.908873e+01
4.271728e-01,1.850000e+00,9.750000e+00,2.125350e+00,9.610950e+01,5.608631e+00,3.331322e+00,6.699000e+00,2.261511e+00,4.955494e+00,2.679467e+00,8.780597e+00,1.003839e+01,6.293239e+00,2.204435e+00,4.733201e+00,8.242194e-01,1.794517e+01,1.082409e+01,2.176119e+01,2.883211e+01
4.271728e-01,1.925000e+00,9.750000e+00,2.144100e+00,9.610950e+01,5.608631e+00,3.331322e+00,6.640417e+00,2.241735e+00,4.912158e+00,2.656035e+00,8.703811e+00,9.950604e+00,6.238204e+00,2.185157e+00,4.691809e+00,8.170116e-01,1.778824e+01,1.072943e+01,2.244539e+01,2.857997e+01
4.271728e-01,2.000000e+00,9.750000e+00,2.162850e+00,9.610950e+01,5.608631e+00,3.331322e+00,6.582851e+00,2.222301e+00,4.869574e+00,2.633010e+00,8.628356e+00,9.864340e+00,6.184125e+00,2.166214e+00,4.651135e+00,8.099288e-01,1.763403e+01,1.063641e+01,2.311772e+01,2.833221e+01
6.352827e-01,5.000000e-01,1.450000e+01,1.627731e+00,1.200386e+02,7.671502e+00,3.112228e+00,7.023801e+00,2.693834e+00,6.021272e+00,3.486464e+00,1.084936e+01,1.330804e+01,6.317643e+00,2.549010e+00,4.075447e+00,7.112604e-01,2.138903e+01,1.283352e+01,8.741321e+00,3.558213e+01
6.352827e-01,5.750000e-01,1.450000e+01,1.648920e+00,1.205956e+02,7.707156e+00,3.133486e+00,6.911629e+00,2.650813e+00,5.925111e+00,3.430785e+00,1.067610e+01,1.309551e+01,6.222600e+00,2.513852e+00,4.008717e+00,6.996308e-01,2.129748e+01,1.278602e+01,9.781758e+00,3.517661e+01
6.352827e-01,6.500000e-01,1.450000e+01,1.669815e+00,1.211399e+02,7.741950e+00,3.154140e+00,6.805024e+00,2.609927e+00,5.833722e+00,3.377868e+00,1.051143e+01,1.289352e+01,6.132002e+00,2.480188e+00,3.945377e+00,6.885912e-01,2.120969e+01,1.274030e+01,1.077235e+01,3.479040e+01
6.352827e-01,7.250000e-01,1.450000e+01,1.690436e+00,1.216722e+02,7.775942e+00,3.174235e+00,6.703475e+00,2.570980e+00,5.746667e+00,3.327462e+00,1.035457e+01,1.270112e+01,6.045460e+00,2.447897e+00,3.885110e+00,6.780867e-01,2.112525e+01,1.269616e+01,1.171776e+01,3.442170e+01
6.352827e-01,8.000000e-01,1.450000e+01,1.710803e+00,1.221933e+02,7.809184e+00,3.193809e+00,6.606540e+00,2.533802e+00,5.663568e+00,3.279345e+00,1.020484e+01,1.251745e+01,5.962633e+00,2.416873e+00,3.827643e+00,6.680696e-01,2.104380e+01,1.265343e+01,1.262201e+01,3.406897e+01
6.352827e-01,8.750000e-01,1.450000e+01,1.730930e+00,1.227038e+02,7.841722e+00,3.212899e+00,6.513832e+00,2.498246e+00,5.584092e+00,3.233327e+00,1.006164e+01,1.234180e+01,5.883227e+00,2.387023e+00,3.772738e+00,6.584985e-01,2.096502e+01,1.261196e+01,1.348860e+01,3.373085e+01
6.352827e-01,9.500000e-01,1.450000e+01,1.750832e+00,1.232044e+02,7.873598e+00,3.231534e+00,6.425013e+00,2.464181e+00,5.507951e+00,3.189239e+00,9.924442e+00,1.217351e+01,5.806977e+00,2.358264e+00,3.720186e+00,6.493372e-01,2.088867e+01,1.257163e+01,1.432060e+01,3.340616e+01
6.352827e-01,1.025000e+00,1.450000e+01,1.770523e+00,1.236955e+02,7.904850e+00,3.249744e+00,6.339784e+00,2.431493e+00,5.434886e+00,3.146933e+00,9.792792e+00,1.201203e+01,5.733653e+00,2.330521e+00,3.669803e+00,6.405535e-01,2.081452e+01,1.253233e+01,1.512070e+01,3.309386e+01
6.352827e-01,1.100000e+00,1.450000e+01,1.790014e+00,1.241777e+02,7.935511e+00,3.267552e+00,6.257879e+00,2.400081e+00,5.364672e+00,3.106277e+00,9.666277e+00,1.185684e+01,5.663046e+00,2.303727e+00,3.621425e+00,6.321192e-01,2.074238e+01,1.249397e+01,1.589130e+01,3.279302e+01
6.352827e-01,1.175000e+00,1.450000e+01,1.809316e+00,1.246514e+02,7.965611e+00,3.284983e+00,6.179062e+00,2.369852e+00,5.297105e+00,3.067154e+00,9.544532e+00,1.170751e+01,5.594971e+00,2.277823e+00,3.574908e+00,6.240088e-01,2.067207e+01,1.245647e+01,1.663453e+01,3.250282e+01
6.352827e-01,1.250000e+00,1.450000e+01,1.828439e+00,1.251170e+02,7.995179e+00,3.302056e+00,6.103120e+00,2.340726e+00,5.232003e+00,3.029458e+00,9.427228e+00,1.156362e+01,5.529263e+00,2.252753e+00,3.530123e+00,6.162000e-01,2.060345e+01,1.241976e+01,1.735229e+01,3.222252e+01
6.352827e-01,1.325000e+00,1.450000e+01,1.847392e+00,1.255749e+02,8.024240e+00,3.318789e+00,6.029864e+00,2.312630e+00,5.169202e+00,2.993095e+00,9.314072e+00,1.142482e+01,5.465769e+00,2.228467e+00,3.486951e+00,6.086723e-01,2.053639e+01,1.238378e+01,1.804628e+01,3.195146e+01
6.352827e-01,1.400000e+00,1.450000e+01,1.866188e+00,1.259187e+02,8.046054e+00,3.331321e+00,5.961450e+00,2.286391e+00,5.110553e+00,2.959136e+00,9.208396e+00,1.129520e+01,5.405832e+00,2.205176e+00,3.446811e+00,6.016715e-01,2.043726e+01,1.232725e+01,1.875488e+01,3.167482e+01
6.352827e-01,1.475000e+00,1.450000e+01,1.884938e+00,1.259187e+02,8.046055e+00,3.331322e+00,5.902149e+00,2.263648e+00,5.059717e+00,2.929700e+00,9.116797e+00,1.118284e+01,5.352058e+00,2.183240e+00,3.412525e+00,5.956865e-01,2.023396e+01,1.220463e+01,1.956305e+01,3.135974e+01
6.352827e-01,1.550000e+00,1.450000e+01,1.903688e+00,1.259187e+02,8.046055e+00,3.331322e+00,5.844017e+00,2.241352e+00,5.009882e+00,2.900845e+00,9.027003e+00,1.107270e+01,5.299344e+00,2.161737e+00,3.378913e+00,5.898194e-01,2.003467e+01,1.208442e+01,2.035530e+01,3.105087e+01
6.352827e-01,1.625000e+00,1.450000e+01,1.922438e+00,1.259187e+02,8.046055e+00,3.331322e+00,5.787019e+00,2.219492e+00,4.961019e+00,2.872552e+00,8.938960e+00,1.096470e+01,5.247658e+00,2.140653e+00,3.345958e+00,5.840667e-01,1.983927e+01,1.196656e+01,2.113209e+01,3.074802e+01
6.352827e-01,1.700000e+00,1.450000e+01,1.941188e+00,1.259187e+02,8.046055e+00,3.331322e+00,5.731122e+00,2.198054e+00,4.913101e+00,2.844806e+00,8.852618e+00,1.085879e+01,5.196971e+00,2.119976e+00,3.313639e+00,5.784252e-01,1.964764e+01,1.185098e+01,2.189388e+01,3.045103e+01
6.352827e-01,1.775000e+00,1.450000e+01,1.959938e+00,1.259187e+02,8.046055e+00,3.331322e+00,5.676294e+00,2.177026e+00,4.866099e+00,2.817591e+00,8.767928e+00,1.075491e+01,5.147253e+00,2.099695e+00,3.281939e+00,5.728916e-01,1.945968e+01,1.173760e+01,2.264110e+01,3.015971e+01
6.352827e-01,1.850000e+00,1.450000e+01,1.978688e+00,1.259187e+02,8.046055e+00,3.331322e+00,5.622505e+00,2.156396e+00,4.819987e+00,2.790891e+00,8.684843e+00,1.065300e+01,5.098478e+00,2.079798e+00,3.250839e+00,5.674628e-01,1.927528e+01,1.162638e+01,2.337415e+01,2.987392e+01
6.352827e-01,1.925000e+00,1.450000e+01,1.997438e+00,1.259187e+02,8.046055e+00,3.331322e+00,5.569727e+00,2.136154e+00,4.774742e+00,2.764693e+00,8.603318e+00,1.055300e+01,5.050618e+00,2.060275e+00,3.220323e+00,5.621360e-01,1.909434e+01,1.151724e+01,2.409344e+01,2.959349e+01
6.352827e-01,2.000000e+00,1.450000e+01,2.016188e+00,1.259187e+02,8.046055e+00,3.331322e+00,5.517929e+00,2.116288e+00,4.730338e+00,2.738982e+00,8.523309e+00,1.045486e+01,5.003648e+00,2.041115e+00,3.190375e+00,5.569083e-01,1.891677e+01,1.141013e+01,2.479935e+01,2.931828e+01
8.433925e-01,5.000000e-01,1.925000e+01,1.546632e+00,1.466085e+02,9.934643e+00,3.094411e+00,6.362142e+00,2.660800e+00,6.018762e+00,3.621204e+00,1.073365e+01,1.392038e+01,5.469859e+00,2.478240e+00,3.121946e+00,5.461804e-01,2.234940e+01,1.340303e+01,9.314407e+00,3.662983e+01
8.433925e-01,5.750000e-01,1.925000e+01,1.568076e+00,1.473616e+02,9.982952e+00,3.116198e+00,6.254084e+00,2.615608e+00,5.916536e+00,3.559699e+00,1.055134e+01,1.368395e+01,5.382599e+00,2.442188e+00,3.067535e+00,5.366795e-01,2.223848e+01,1.334466e+01,1.040663e+01,3.618279e+01
8.433925e-01,6.500000e-01,1.925000e+01,1.589209e+00,1.480967e+02,1.003005e+01,3.137340e+00,6.151670e+00,2.572775e+00,5.819649e+00,3.501407e+00,1.037856e+01,1.345987e+01,5.299624e+00,2.407736e+00,3.016034e+00,5.276861e-01,2.213250e+01,1.328870e+01,1.144379e+01,3.575818e+01
8.433925e-01,7.250000e-01,1.925000e+01,1.610052e+00,1.488152e+02,1.007602e+01,3.157887e+00,6.054359e+00,2.532078e+00,5.727590e+00,3.446020e+00,1.021439e+01,1.324695e+01,5.220545e+00,2.374751e+00,2.967160e+00,5.191506e-01,2.203089e+01,1.323487e+01,1.243125e+01,3.535382e+01
8.433925e-01,8.000000e-01,1.925000e+01,1.630626e+00,1.495180e+02,1.012094e+01,3.177882e+00,5.961686e+00,2.493320e+00,5.639919e+00,3.393272e+00,1.005804e+01,1.304418e+01,5.145022e+00,2.343115e+00,2.920670e+00,5.110307e-01,2.193318e+01,1.318295e+01,1.337361e+01,3.496787e+01
8.433925e-01,8.750000e-01,1.925000e+01,1.650947e+00,1.502062e+02,1.016487e+01,3.197364e+00,5.873248e+00,2.456333e+00,5.556254e+00,3.342935e+00,9.908831e+00,1.285068e+01,5.072760e+00,2.312725e+00,2.876352e+00,5.032895e-01,2.183899e+01,1.313273e+01,1.427487e+01,3.459869e+01
8.433925e-01,9.500000e-01,1.925000e+01,1.671031e+00,1.508806e+02,1.020789e+01,3.216367e+00,5.788693e+00,2.420970e+00,5.476262e+00,3.294808e+00,9.766176e+00,1.266567e+01,5.003500e+00,2.283491e+00,2.834021e+00,4.958951e-01,2.174796e+01,1.308405e+01,1.513850e+01,3.424489e+01
8.433925e-01,1.025000e+00,1.925000e+01,1.690894e+00,1.515419e+02,1.025003e+01,3.234921e+00,5.707709e+00,2.387100e+00,5.399650e+00,3.248714e+00,9.629549e+00,1.248848e+01,4.937014e+00,2.255330e+00,2.793518e+00,4.888194e-01,2.165980e+01,1.303677e+01,1.596754e+01,3.390521e+01
8.433925e-01,1.100000e+00,1.925000e+01,1.710547e+00,1.521909e+02,1.029136e+01,3.253055e+00,5.630024e+00,2.354611e+00,5.326158e+00,3.204497e+00,9.498485e+00,1.231851e+01,4.873096e+00,2.228170e+00,2.754699e+00,4.820374e-01,2.157428e+01,1.299077e+01,1.676467e+01,3.357859e+01
8.433925e-01,1.175000e+00,1.925000e+01,1.730002e+00,1.528281e+02,1.033191e+01,3.270791e+00,5.555395e+00,2.323399e+00,5.255556e+00,3.162019e+00,9.372576e+00,1.215522e+01,4.811567e+00,2.201946e+00,2.717438e+00,4.755273e-01,2.149114e+01,1.294593e+01,1.753229e+01,3.326404e+01
8.433925e-01,1.250000e+00,1.925000e+01,1.749270e+00,1.534543e+02,1.037173e+01,3.288154e+00,5.483603e+00,2.293374e+00,5.187639e+00,3.121157e+00,9.251456e+00,1.199814e+01,4.752264e+00,2.176599e+00,2.681622e+00,4.692693e-01,2.141022e+01,1.290216e+01,1.827250e+01,3.296070e+01
8.433925e-01,1.325000e+00,1.925000e+01,1.768361e+00,1.540698e+02,1.041084e+01,3.305163e+00,5.414455e+00,2.264455e+00,5.122224e+00,3.081799e+00,9.134796e+00,1.184684e+01,4.695040e+00,2.152074e+00,2.647152e+00,4.632460e-01,2.133133e+01,1.285939e+01,1.898720e+01,3.266780e+01
8.433925e-01,1.400000e+00,1.925000e+01,1.787284e+00,1.546751e+02,1.044929e+01,3.321836e+00,5.347776e+00,2.236568e+00,5.059143e+00,3.043847e+00,9.022300e+00,1.170095e+01,4.639763e+00,2.128324e+00,2.613935e+00,4.574416e-01,2.125432e+01,1.281753e+01,1.967810e+01,3.238466e+01
8.433925e-01,1.475000e+00,1.925000e+01,1.806060e+00,1.550204e+02,1.047121e+01,3.331321e+00,5.287036e+00,2.211165e+00,5.001681e+00,3.009275e+00,8.919825e+00,1.156805e+01,4.588464e+00,2.105666e+00,2.583907e+00,4.521912e-01,2.111765e+01,1.273765e+01,2.041744e+01,3.208400e+01
8.433925e-01,1.550000e+00,1.925000e+01,1.824810e+00,1.550204e+02,1.047121e+01,3.331322e+00,5.232711e+00,2.188445e+00,4.950288e+00,2.978354e+00,8.828173e+00,1.144918e+01,4.541317e+00,2.084030e+00,2.557357e+00,4.475449e-01,2.090067e+01,1.260677e+01,2.123515e+01,3.175433e+01
8.433925e-01,1.625000e+00,1.925000e+01,1.843560e+00,1.550204e+02,1.047121e+01,3.331322e+00,5.179491e+00,2.166187e+00,4.899941e+00,2.948063e+00,8.738385e+00,1.133274e+01,4.495129e+00,2.062835e+00,2.531347e+00,4.429931e-01,2.068810e+01,1.247855e+01,2.203624e+01,3.143137e+01
8.433925e-01,1.700000e+00,1.925000e+01,1.862310e+00,1.550204e+02,1.047121e+01,3.331322e+00,5.127343e+00,2.144377e+00,4.850608e+00,2.918381e+00,8.650406e+00,1.121864e+01,4.449872e+00,2.042066e+00,2.505861e+00,4.385330e-01,2.047981e+01,1.235292e+01,2.282119e+01,3.111492e+01
8.433925e-01,1.775000e+00,1.925000e+01,1.881060e+00,1.550204e+02,1.047121e+01,3.331322e+00,5.076235e+00,2.123003e+00,4.802258e+00,2.889291e+00,8.564180e+00,1.110681e+01,4.405516e+00,2.021711e+00,2.480883e+00,4.341618e-01,2.027567e+01,1.222979e+01,2.359049e+01,3.080477e+01
8.433925e-01,1.850000e+00,1.925000e+01,1.899811e+00,1.550204e+02,1.047121e+01,3.331322e+00,5.026135e+00,2.102050e+00,4.754862e+00,2.860775e+00,8.479656e+00,1.099720e+01,4.362036e+00,2.001758e+00,2.456398e+00,4.298769e-01,2.007556e+01,1.210909e+01,2.434461e+01,3.050074e+01
8.433925e-01,1.925000e+00,1.925000e+01,1.918561e+00,1.550204e+02,1.047121e+01,3.331322e+00,4.977015e+00,2.081507e+00,4.708393e+00,2.832817e+00,8.396785e+00,1.088972e+01,4.319406e+00,1.982194e+00,2.432392e+00,4.256757e-01,1.987936e+01,1.199074e+01,2.508399e+01,3.020266e+01
8.433925e-01,2.000000e+00,1.925000e+01,1.937311e+00,1.550204e+02,1.047121e+01,3.331322e+00,4.928845e+00,2.061361e+00,4.662823e+00,2.805400e+00,8.315517e+00,1.078433e+01,4.277601e+00,1.963010e+00,2.408850e+00,4.215558e-01,1.968696e+01,1.187469e+01,2.580906e+01,2.991035e+01
1.051502e+00,5.000000e-01,2.400000e+01,1.493957e+00,1.724745e+02,1.218361e+01,3.082634e+00,5.940632e+00,2.645671e+00,6.032296e+00,3.719452e+00,1.050317e+01,1.432909e+01,4.878918e+00,2.429719e+00,2.520878e+00,4.421361e-01,2.302852e+01,1.380562e+01,9.723891e+00,3.737170e+01
1.051502e+00,5.750000e-01,2.400000e+01,1.515576e+00,1.734247e+02,1.224466e+01,3.104784e+00,5.835448e+00,2.598827e+00,5.925489e+00,3.653596e+00,1.031720e+01,1.407538e+01,4.797994e+00,2.393096e+00,2.475045e+00,4.341172e-01,2.290282e+01,1.373894e+01,1.085204e+01,3.689396e+01
1.051502e+00,6.500000e-01,2.400000e+01,1.536871e+00,1.743518e+02,1.230415e+01,3.126260e+00,5.735950e+00,2.554515e+00,5.824455e+00,3.591300e+00,1.014129e+01,1.383539e+01,4.721176e+00,2.358145e+00,2.431749e+00,4.265414e-01,2.278299e+01,1.367518e+01,1.192133e+01,3.644107e+01
1.051502e+00,7.250000e-01,2.400000e+01,1.557864e+00,1.752574e+02,1.236217e+01,3.147114e+00,5.641577e+00,2.512486e+00,5.728627e+00,3.532213e+00,9.974434e+00,1.360776e+01,4.648079e+00,2.324724e+00,2.390738e+00,4.193645e-01,2.266836e+01,1.361398e+01,1.293766e+01,3.601053e+01
1.051502e+00,8.000000e-01,2.400000e+01,1.578578e+00,1.761429e+02,1.241884e+01,3.167395e+00,5.551850e+00,2.472526e+00,5.637515e+00,3.476035e+00,9.815794e+00,1.339133e+01,4.578370e+00,2.292709e+00,2.351793e+00,4.125484e-01,2.255837e+01,1.355509e+01,1.390607e+01,3.560024e+01
1.051502e+00,8.750000e-01,2.400000e+01,1.599030e+00,1.770096e+02,1.247424e+01,3.187142e+00,5.466354e+00,2.434450e+00,5.550700e+00,3.422505e+00,9.664635e+00,1.318511e+01,4.511762e+00,2.261989e+00,2.314726e+00,4.060603e-01,2.245255e+01,1.349826e+01,1.483091e+01,3.520837e+01
1.051502e+00,9.500000e-01,2.400000e+01,1.619237e+00,1.778585e+02,1.252845e+01,3.206393e+00,5.384727e+00,2.398098e+00,5.467813e+00,3.371398e+00,9.520316e+00,1.298822e+01,4.448002e+00,2.232467e+00,2.279374e+00,3.998719e-01,2.235048e+01,1.344329e+01,1.571595e+01,3.483334e+01
1.051502e+00,1.025000e+00,2.400000e+01,1.639215e+00,1.786907e+02,1.258154e+01,3.225181e+00,5.306652e+00,2.363327e+00,5.388534e+00,3.322515e+00,9.382278e+00,1.279990e+01,4.386868e+00,2.204058e+00,2.245594e+00,3.939581e-01,2.225182e+01,1.339001e+01,1.656448e+01,3.447377e+01
1.051502e+00,1.100000e+00,2.400000e+01,1.658977e+00,1.795072e+02,1.263359e+01,3.243532e+00,5.231851e+00,2.330014e+00,5.312579e+00,3.275682e+00,9.250029e+00,1.261948e+01,4.328162e+00,2.176685e+00,2.213260e+00,3.882971e-01,2.215627e+01,1.333827e+01,1.737942e+01,3.412843e+01
1.051502e+00,1.175000e+00,2.400000e+01,1.678536e+00,1.803087e+02,1.268464e+01,3.261476e+00,5.160076e+00,2.298049e+00,5.239697e+00,3.230744e+00,9.123130e+00,1.244635e+01,4.271709e+00,2.150278e+00,2.182262e+00,3.828695e-01,2.206357e+01,1.328795e+01,1.816332e+01,3.379624e+01
1.051502e+00,1.250000e+00,2.400000e+01,1.697901e+00,1.810959e+02,1.273474e+01,3.279033e+00,5.091108e+00,2.267334e+00,5.169664e+00,3.187562e+00,9.001193e+00,1.228000e+01,4.217353e+00,2.124776e+00,2.152501e+00,3.776580e-01,2.197347e+01,1.323892e+01,1.891846e+01,3.347625e+01
1.051502e+00,1.325000e+00,2.400000e+01,1.716998e+00,1.818631e+02,1.278353e+01,3.296053e+00,5.025967e+00,2.238323e+00,5.103518e+00,3.146777e+00,8.886021e+00,1.212288e+01,4.165867e+00,2.100520e+00,2.124423e+00,3.727408e-01,2.188690e+01,1.319164e+01,1.963443e+01,3.317287e+01
1.051502e+00,1.400000e+00,2.400000e+01,1.736095e+00,1.826304e+02,1.283231e+01,3.313073e+00,4.960825e+00,2.209312e+00,5.037371e+00,3.105991e+00,8.770849e+00,1.196575e+01,4.114382e+00,2.076264e+00,2.096345e+00,3.678236e-01,2.180033e+01,1.314436e+01,2.035040e+01,3.286950e+01
1.051502e+00,1.475000e+00,2.400000e+01,1.754941e+00,1.833788e+02,1.287986e+01,3.329593e+00,4.899174e+00,2.181856e+00,4.974768e+00,3.067391e+00,8.661848e+00,1.181704e+01,4.065525e+00,2.053157e+00,2.069801e+00,3.631745e-01,2.171694e+01,1.309865e+01,2.103066e+01,3.258128e+01
1.051502e+00,1.550000e+00,2.400000e+01,1.773692e+00,1.834572e+02,1.288484e+01,3.331322e+00,4.846528e+00,2.158410e+00,4.921310e+00,3.034430e+00,8.568769e+00,1.169006e+01,4.022070e+00,2.031370e+00,2.047509e+00,3.592639e-01,2.150303e+01,1.297010e+01,2.184715e+01,3.224363e+01
1.051502e+00,1.625000e+00,2.400000e+01,1.792442e+00,1.834572e+02,1.288484e+01,3.331322e+00,4.795830e+00,2.135831e+00,4.869830e+00,3.002688e+00,8.479134e+00,1.156778e+01,3.979996e+00,2.010120e+00,2.026091e+00,3.555058e-01,2.127809e+01,1.283443e+01,2.266468e+01,3.190635e+01
1.051502e+00,1.700000e+00,2.400000e+01,1.811192e+00,1.834572e+02,1.288484e+01,3.331322e+00,4.746182e+00,2.113721e+00,4.819416e+00,2.971603e+00,8.391355e+00,1.144802e+01,3.938794e+00,1.989311e+00,2.005116e+00,3.518255e-01,2.105782e+01,1.270156e+01,2.346528e+01,3.157604e+01
1.051502e+00,1.775000e+00,2.400000e+01,1.829943e+00,1.834572e+02,1.288484e+01,3.331322e+00,4.697552e+00,2.092063e+00,4.770035e+00,2.941155e+00,8.305375e+00,1.133072e+01,3.898436e+00,1.968928e+00,1.984571e+00,3.482206e-01,2.084205e+01,1.257142e+01,2.424947e+01,3.125250e+01
1.051502e+00,1.850000e+00,2.400000e+01,1.848693e+00,1.834572e+02,1.288484e+01,3.331322e+00,4.649907e+00,2.070844e+00,4.721656e+00,2.911325e+00,8.221139e+00,1.121580e+01,3.858897e+00,1.948958e+00,1.964443e+00,3.446888e-01,2.063067e+01,1.244391e+01,2.501776e+01,3.093553e+01
1.051502e+00,1.925000e+00,2.400000e+01,1.867443e+00,1.834572e+02,1.288484e+01,3.331322e+00,4.603220e+00,2.050052e+00,4.674248e+00,2.882094e+00,8.138595e+00,1.110319e+01,3.820152e+00,1.929390e+00,1.944719e+00,3.412280e-01,2.042352e+01,1.231897e+01,2.577062e+01,3.062492e+01
1.051502e+00,2.000000e+00,2.400000e+01,1.886193e+00,1.834572e+02,1.288484e+01,3.331322e+00,4.557461e+00,2.029673e+00,4.627783e+00,2.853444e+00,8.057692e+00,1.099282e+01,3.782177e+00,1.910210e+00,1.925387e+00,3.378359e-01,2.022050e+01,1.219651e+01,2.650851e+01,3.032049e+01
1.259612e+00,5.000000e-01,2.875000e+01,1.455748e+00,1.976613e+02,1.441899e+01,3.073981e+00,5.652233e+00,2.640412e+00,6.054585e+00,3.797360e+00,1.020533e+01,1.462386e+01,4.441950e+00,2.395525e+00,2.108996e+00,3.708545e-01,2.355160e+01,1.411565e+01,1.004164e+01,3.794366e+01
1.259612e+00,5.750000e-01,2.875000e+01,1.477498e+00,1.988097e+02,1.449287e+01,3.096404e+00,5.549002e+00,2.592188e+00,5.944005e+00,3.728006e+00,1.001895e+01,1.435677e+01,4.366139e+00,2.358454e+00,2.069419e+00,3.639160e-01,2.341389e+01,1.404220e+01,1.119706e+01,3.744154e+01
1.259612e+00,6.500000e-01,2.875000e+01,1.498914e+00,1.999297e+02,1.456481e+01,3.118129e+00,5.451496e+00,2.546639e+00,5.839559e+00,3.662499e+00,9.842896e+00,1.410450e+01,4.294266e+00,2.323112e+00,2.032092e+00,3.573710e-01,2.328284e+01,1.397209e+01,1.229064e+01,3.696621e+01
1.259612e+00,7.250000e-01,2.875000e+01,1.520020e+00,2.010233e+02,1.463495e+01,3.139215e+00,5.359139e+00,2.503495e+00,5.740627e+00,3.600450e+00,9.676141e+00,1.386555e+01,4.225954e+00,2.289349e+00,1.996783e+00,3.511791e-01,2.315769e+01,1.390494e+01,1.332871e+01,3.651496e+01
1.259612e+00,8.000000e-01,2.875000e+01,1.540838e+00,2.020922e+02,1.470343e+01,3.159709e+00,5.271438e+00,2.462526e+00,5.646683e+00,3.541530e+00,9.517794e+00,1.363864e+01,4.160881e+00,2.257035e+00,1.963297e+00,3.453060e-01,2.303779e+01,1.384042e+01,1.431666e+01,3.608545e+01
1.259612e+00,8.750000e-01,2.875000e+01,1.561388e+00,2.031381e+02,1.477035e+01,3.179656e+00,5.187970e+00,2.423534e+00,5.557273e+00,3.485453e+00,9.367088e+00,1.342269e+01,4.098765e+00,2.226054e+00,1.931464e+00,3.397222e-01,2.292261e+01,1.377826e+01,1.525912e+01,3.567571e+01
1.259612e+00,9.500000e-01,2.875000e+01,1.581687e+00,2.041623e+02,1.483581e+01,3.199092e+00,5.108365e+00,2.386347e+00,5.472002e+00,3.431972e+00,9.223359e+00,1.321673e+01,4.039361e+00,2.196306e+00,1.901139e+00,3.344021e-01,2.281167e+01,1.371823e+01,1.616011e+01,3.528398e+01
1.259612e+00,1.025000e+00,2.875000e+01,1.601751e+00,2.051661e+02,1.489990e+01,3.218053e+00,5.032303e+00,2.350815e+00,5.390525e+00,3.380870e+00,9.086025e+00,1.301993e+01,3.982455e+00,2.167701e+00,1.872192e+00,3.293234e-01,2.270459e+01,1.366013e+01,1.702313e+01,3.490878e+01
1.259612e+00,1.100000e+00,2.875000e+01,1.621594e+00,2.061507e+02,1.496271e+01,3.236568e+00,4.959499e+00,2.316805e+00,5.312539e+00,3.331958e+00,8.954575e+00,1.283157e+01,3.927854e+00,2.140157e+00,1.844512e+00,3.244664e-01,2.260102e+01,1.360380e+01,1.785124e+01,3.454876e+01
1.259612e+00,1.175000e+00,2.875000e+01,1.641229e+00,2.071169e+02,1.502430e+01,3.254664e+00,4.889703e+00,2.284200e+00,5.237775e+00,3.285067e+00,8.828556e+00,1.265099e+01,3.875391e+00,2.113605e+00,1.818000e+00,3.198140e-01,2.250066e+01,1.354908e+01,1.864716e+01,3.420276e+01
1.259612e+00,1.250000e+00,2.875000e+01,1.660667e+00,2.080658e+02,1.508473e+01,3.272365e+00,4.822693e+00,2.252897e+00,5.165995e+00,3.240048e+00,8.707567e+00,1.247762e+01,3.824914e+00,2.087978e+00,1.792568e+00,3.153506e-01,2.240325e+01,1.349584e+01,1.941328e+01,3.386973e+01
1.259612e+00,1.325000e+00,2.875000e+01,1.679919e+00,2.089982e+02,1.514408e+01,3.289695e+00,4.758271e+00,2.222802e+00,5.096987e+00,3.196767e+00,8.591250e+00,1.231094e+01,3.776287e+00,2.063219e+00,1.768138e+00,3.110627e-01,2.230855e+01,1.344397e+01,2.015175e+01,3.354876e+01
1.259612e+00,1.400000e+00,2.875000e+01,1.698994e+00,2.099149e+02,1.520238e+01,3.306672e+00,4.696258e+00,2.193833e+00,5.030559e+00,3.155104e+00,8.479283e+00,1.215049e+01,3.729390e+00,2.039274e+00,1.744640e+00,3.069380e-01,2.221638e+01,1.339337e+01,2.086448e+01,3.323901e+01
1.259612e+00,1.475000e+00,2.875000e+01,1.717902e+00,2.108165e+02,1.525970e+01,3.323315e+00,4.636494e+00,2.165915e+00,4.966541e+00,3.114953e+00,8.371376e+00,1.199587e+01,3.684112e+00,2.016095e+00,1.722010e+00,3.029654e-01,2.212653e+01,1.334394e+01,2.155320e+01,3.293973e+01
1.259612e+00,1.550000e+00,2.875000e+01,1.736671e+00,2.112513e+02,1.528732e+01,3.331322e+00,4.582628e+00,2.140752e+00,4.908841e+00,3.078764e+00,8.274120e+00,1.185650e+01,3.642327e+00,1.993965e+00,1.701805e+00,2.994147e-01,2.196142e+01,1.324659e+01,2.231288e+01,3.261599e+01
1.259612e+00,1.625000e+00,2.875000e+01,1.755421e+00,2.112513e+02,1.528732e+01,3.331322e+00,4.533680e+00,2.117886e+00,4.856408e+00,3.045879e+00,8.185742e+00,1.172986e+01,3.603423e+00,1.972667e+00,1.683628e+00,2.962166e-01,2.172684e+01,1.310510e+01,2.314267e+01,3.226761e+01
1.259612e+00,1.700000e+00,2.875000e+01,1.774171e+00,2.112513e+02,1.528732e+01,3.331322e+00,4.485767e+00,2.095503e+00,4.805084e+00,3.013689e+00,8.099232e+00,1.160590e+01,3.565340e+00,1.951819e+00,1.665835e+00,2.930861e-01,2.149722e+01,1.296660e+01,2.395492e+01,3.192659e+01
1.259612e+00,1.775000e+00,2.875000e+01,1.792921e+00,2.112513e+02,1.528732e+01,3.331322e+00,4.438855e+00,2.073589e+00,4.754833e+00,2.982172e+00,8.014532e+00,1.148452e+01,3.528055e+00,1.931408e+00,1.648414e+00,2.900210e-01,2.127241e+01,1.283100e+01,2.475019e+01,3.159271e+01
1.259612e+00,1.850000e+00,2.875000e+01,1.811671e+00,2.112513e+02,1.528732e+01,3.331322e+00,4.392915e+00,2.052128e+00,4.705623e+00,2.951308e+00,7.931585e+00,1.136566e+01,3.491541e+00,1.911418e+00,1.631353e+00,2.870194e-01,2.105225e+01,1.269820e+01,2.552900e+01,3.126574e+01
1.259612e+00,1.925000e+00,2.875000e+01,1.830421e+00,2.112513e+02,1.528732e+01,3.331322e+00,4.347916e+00,2.031107e+00,4.657420e+00,2.921076e+00,7.850337e+00,1.124924e+01,3.455775e+00,1.891838e+00,1.614642e+00,2.840793e-01,2.083660e+01,1.256813e+01,2.629184e+01,3.094547e+01
1.259612e+00,2.000000e+00,2.875000e+01,1.849171e+00,2.112513e+02,1.528732e+01,3.331322e+00,4.303829e+00,2.010512e+00,4.610195e+00,2.891457e+00,7.770737e+00,1.113517e+01,3.420734e+00,1.872656e+00,1.598270e+00,2.811988e-01,2.062532e+01,1.244069e+01,2.703922e+01,3.063169e+01
1.467722e+00,5.000000e-01,3.350000e+01,1.425912e+00,2.221831e+02,1.664110e+01,3.067152e+00,5.445377e+00,2.641205e+00,6.082250e+00,3.862819e+00,9.863323e+00,1.484836e+01,4.104967e+00,2.371106e+00,1.810042e+00,3.191287e-01,2.397932e+01,1.436910e+01,1.030300e+01,3.841172e+01
1.467722e+00,5.750000e-01,3.350000e+01,1.447768e+00,2.235307e+02,1.672789e+01,3.089795e+00,5.343432e+00,2.591758e+00,5.968381e+00,3.790501e+00,9.678667e+00,1.457038e+01,4.033314e+00,2.333632e+00,1.775205e+00,3.130085e-01,2.383138e+01,1.428989e+01,1.148044e+01,3.788917e+01
1.467722e+00,6.500000e-01,3.350000e+01,1.469281e+00,2.248445e+02,1.681236e+01,3.111722e+00,5.247257e+00,2.545109e+00,5.860958e+00,3.722277e+00,9.504463e+00,1.430813e+01,3.965454e+00,2.297937e+00,1.742389e+00,3.072424e-01,2.369080e+01,1.421440e+01,1.259358e+01,3.739509e+01
1.467722e+00,7.250000e-01,3.350000e+01,1.490477e+00,2.261270e+02,1.689468e+01,3.132992e+00,5.156261e+00,2.500973e+00,5.759320e+00,3.657727e+00,9.339641e+00,1.406001e+01,3.901018e+00,2.263864e+00,1.711385e+00,3.017936e-01,2.355672e+01,1.414218e+01,1.364911e+01,3.692654e+01
1.467722e+00,8.000000e-01,3.350000e+01,1.511378e+00,2.273801e+02,1.697502e+01,3.153657e+00,5.069942e+00,2.459105e+00,5.662905e+00,3.596494e+00,9.183289e+00,1.382463e+01,3.839689e+00,2.231276e+00,1.682012e+00,2.966307e-01,2.342844e+01,1.407288e+01,1.465270e+01,3.648102e+01
1.467722e+00,8.750000e-01,3.350000e+01,1.531878e+00,2.285931e+02,1.705265e+01,3.173502e+00,4.989800e+00,2.420233e+00,5.573390e+00,3.539643e+00,9.038127e+00,1.360610e+01,3.782493e+00,2.200685e+00,1.654789e+00,2.918448e-01,2.330768e+01,1.400740e+01,1.558782e+01,3.606591e+01
1.467722e+00,9.500000e-01,3.350000e+01,1.552378e+00,2.298061e+02,1.713027e+01,3.193347e+00,4.909658e+00,2.381362e+00,5.483875e+00,3.482793e+00,8.892964e+00,1.338757e+01,3.725297e+00,2.170095e+00,1.627566e+00,2.870588e-01,2.318692e+01,1.394191e+01,1.652293e+01,3.565079e+01
1.467722e+00,1.025000e+00,3.350000e+01,1.572511e+00,2.309821e+02,1.720541e+01,3.212446e+00,4.834992e+00,2.345146e+00,5.400476e+00,3.429826e+00,8.757719e+00,1.318397e+01,3.671787e+00,2.141303e+00,1.602245e+00,2.826062e-01,2.307274e+01,1.387975e+01,1.739744e+01,3.526260e+01
1.467722e+00,1.100000e+00,3.350000e+01,1.592419e+00,2.321353e+02,1.727902e+01,3.231091e+00,4.763579e+00,2.310508e+00,5.320711e+00,3.379168e+00,8.628368e+00,1.298925e+01,3.620479e+00,2.113596e+00,1.578052e+00,2.783514e-01,2.296241e+01,1.381954e+01,1.823598e+01,3.489042e+01
1.467722e+00,1.175000e+00,3.350000e+01,1.612014e+00,2.332566e+02,1.735050e+01,3.249108e+00,4.696556e+00,2.277999e+00,5.245849e+00,3.331623e+00,8.506967e+00,1.280649e+01,3.572158e+00,2.087373e+00,1.555376e+00,2.743628e-01,2.285723e+01,1.376195e+01,1.902607e+01,3.453979e+01
1.467722e+00,1.250000e+00,3.350000e+01,1.631610e+00,2.343779e+02,1.742199e+01,3.267125e+00,4.629532e+00,2.245490e+00,5.170986e+00,3.284078e+00,8.385566e+00,1.262373e+01,3.523837e+00,2.061150e+00,1.532700e+00,2.703742e-01,2.275205e+01,1.370435e+01,1.981616e+01,3.418917e+01
1.467722e+00,1.325000e+00,3.350000e+01,1.650916e+00,2.354696e+02,1.749150e+01,3.284564e+00,4.566471e+00,2.214903e+00,5.100550e+00,3.239344e+00,8.271342e+00,1.245178e+01,3.478225e+00,2.036282e+00,1.511392e+00,2.666257e-01,2.265149e+01,1.364909e+01,2.056251e+01,3.385802e+01
1.467722e+00,1.400000e+00,3.350000e+01,1.670044e+00,2.365426e+02,1.755979e+01,3.301644e+00,4.505806e+00,2.185479e+00,5.032789e+00,3.196310e+00,8.161458e+00,1.228636e+01,3.434259e+00,2.012245e+00,1.490911e+00,2.630221e-01,2.255367e+01,1.359523e+01,2.128246e+01,3.353864e+01
1.467722e+00,1.475000e+00,3.350000e+01,1.689001e+00,2.375980e+02,1.762690e+01,3.318385e+00,4.447375e+00,2.157138e+00,4.967525e+00,3.154860e+00,8.055621e+00,1.212703e+01,3.391832e+00,1.988986e+00,1.471198e+00,2.595534e-01,2.245842e+01,1.354268e+01,2.197779e+01,3.323024e+01
1.467722e+00,1.550000e+00,3.350000e+01,1.707800e+00,2.384158e+02,1.767889e+01,3.331321e+00,4.392574e+00,2.130557e+00,4.906315e+00,3.115986e+00,7.956360e+00,1.197760e+01,3.351608e+00,1.966592e+00,1.452788e+00,2.563122e-01,2.233269e+01,1.347053e+01,2.269010e+01,3.291757e+01
1.467722e+00,1.625000e+00,3.350000e+01,1.726550e+00,2.384159e+02,1.767889e+01,3.331322e+00,4.344871e+00,2.107420e+00,4.853033e+00,3.082147e+00,7.869955e+00,1.184752e+01,3.315210e+00,1.945235e+00,1.437011e+00,2.535287e-01,2.209016e+01,1.332424e+01,2.352966e+01,3.256010e+01
1.467722e+00,1.700000e+00,3.350000e+01,1.745300e+00,2.384159e+02,1.767889e+01,3.331322e+00,4.298194e+00,2.084779e+00,4.800896e+00,3.049035e+00,7.785406e+00,1.172024e+01,3.279594e+00,1.924337e+00,1.421573e+00,2.508050e-01,2.185284e+01,1.318110e+01,2.435120e+01,3.221030e+01
1.467722e+00,1.775000e+00,3.350000e+01,1.764050e+00,2.384159e+02,1.767889e+01,3.331322e+00,4.252508e+00,2.062620e+00,4.749867e+00,3.016626e+00,7.702655e+00,1.159567e+01,3.244735e+00,1.903883e+00,1.406463e+00,2.481392e-01,2.162057e+01,1.304100e+01,2.515527e+01,3.186793e+01
1.467722e+00,1.850000e+00,3.350000e+01,1.782800e+00,2.384159e+02,1.767889e+01,3.331322e+00,4.207784e+00,2.040927e+00,4.699912e+00,2.984900e+00,7.621645e+00,1.147371e+01,3.210610e+00,1.883860e+00,1.391671e+00,2.455294e-01,2.139318e+01,1.290384e+01,2.594243e+01,3.153277e+01
1.467722e+00,1.925000e+00,3.350000e+01,1.801550e+00,2.384159e+02,1.767889e+01,3.331322e+00,4.163990e+00,2.019686e+00,4.650996e+00,2.953834e+00,7.542321e+00,1.135430e+01,3.177194e+00,1.864253e+00,1.377186e+00,2.429740e-01,2.117053e+01,1.276954e+01,2.671320e+01,3.120459e+01
1.467722e+00,2.000000e+00,3.350000e+01,1.820300e+00,2.384159e+02,1.767889e+01,3.331322e+00,4.121099e+00,1.998882e+00,4.603089e+00,2.923408e+00,7.464631e+00,1.123734e+01,3.144468e+00,1.845050e+00,1.363001e+00,2.404713e-01,2.095246e+01,1.263801e+01,2.746809e+01,3.088316e+01
1.675832e+00,5.000000e-01,3.825000e+01,1.401365e+00,2.460492e+02,1.885015e+01,3.061482e+00,5.292149e+00,2.646007e+00,6.113527e+00,3.920152e+00,9.489808e+00,1.502646e+01,3.836820e+00,2.353680e+00,1.583715e+00,2.799797e-01,2.434472e+01,1.458559e+01,1.052739e+01,3.881187e+01
1.675832e+00,5.750000e-01,3.825000e+01,1.423309e+00,2.475969e+02,1.894992e+01,3.084310e+00,5.190998e+00,2.595433e+00,5.996675e+00,3.845224e+00,9.308424e+00,1.473925e+01,3.768592e+00,2.315818e+00,1.552580e+00,2.744983e-01,2.418776e+01,1.450129e+01,1.172346e+01,3.827151e+01
1.675832e+00,6.500000e-01,3.825000e+01,1.444903e+00,2.491054e+02,1.904697e+01,3.106406e+00,5.095669e+00,2.547770e+00,5.886552e+00,3.774610e+00,9.137483e+00,1.446858e+01,3.704029e+00,2.279779e+00,1.523284e+00,2.693395e-01,2.403877e+01,1.442104e+01,1.285309e+01,3.776111e+01
1.675832e+00,7.250000e-01,3.825000e+01,1.466174e+00,2.505775e+02,1.914154e+01,3.127831e+00,5.005561e+00,2.502717e+00,5.782458e+00,3.707862e+00,8.975902e+00,1.421272e+01,3.642773e+00,2.245401e+00,1.495632e+00,2.644692e-01,2.389683e+01,1.434436e+01,1.392331e+01,3.727753e+01
1.675832e+00,8.000000e-01,3.825000e+01,1.487146e+00,2.520157e+02,1.923380e+01,3.148641e+00,4.920156e+00,2.460016e+00,5.683798e+00,3.644599e+00,8.822756e+00,1.397023e+01,3.584514e+00,2.212542e+00,1.469458e+00,2.598585e-01,2.376118e+01,1.427088e+01,1.494002e+01,3.681812e+01
1.675832e+00,8.750000e-01,3.825000e+01,1.507840e+00,2.534222e+02,1.932391e+01,3.168880e+00,4.839016e+00,2.419447e+00,5.590064e+00,3.584494e+00,8.677256e+00,1.373984e+01,3.528985e+00,2.181078e+00,1.444623e+00,2.554827e-01,2.363114e+01,1.420024e+01,1.590833e+01,3.638058e+01
1.675832e+00,9.500000e-01,3.825000e+01,1.528273e+00,2.547989e+02,1.941201e+01,3.188588e+00,4.761758e+00,2.380819e+00,5.500816e+00,3.527266e+00,8.538719e+00,1.352047e+01,3.475955e+00,2.150903e+00,1.421003e+00,2.513205e-01,2.350615e+01,1.413218e+01,1.683263e+01,3.596297e+01
1.675832e+00,1.025000e+00,3.825000e+01,1.548463e+00,2.561478e+02,1.949824e+01,3.207803e+00,4.688050e+00,2.343965e+00,5.415667e+00,3.472666e+00,8.406545e+00,1.331119e+01,3.425219e+00,2.121919e+00,1.398493e+00,2.473531e-01,2.338576e+01,1.406647e+01,1.771671e+01,3.556356e+01
1.675832e+00,1.100000e+00,3.825000e+01,1.568425e+00,2.574702e+02,1.958270e+01,3.226556e+00,4.617600e+00,2.308741e+00,5.334283e+00,3.420480e+00,8.280216e+00,1.311115e+01,3.376599e+00,2.094042e+00,1.377000e+00,2.435645e-01,2.326953e+01,1.400287e+01,1.856392e+01,3.518085e+01
1.675832e+00,1.175000e+00,3.825000e+01,1.588171e+00,2.587677e+02,1.966549e+01,3.244876e+00,4.550152e+00,2.275018e+00,5.256366e+00,3.370518e+00,8.159269e+00,1.291964e+01,3.329937e+00,2.067194e+00,1.356443e+00,2.399403e-01,2.315711e+01,1.394122e+01,1.937718e+01,3.481354e+01
1.675832e+00,1.250000e+00,3.825000e+01,1.607715e+00,2.600415e+02,1.974670e+01,3.262789e+00,4.485478e+00,2.242682e+00,5.181655e+00,3.322611e+00,8.043297e+00,1.273601e+01,3.285090e+00,2.041308e+00,1.336749e+00,2.364679e-01,2.304819e+01,1.388136e+01,2.015910e+01,3.446044e+01
1.675832e+00,1.325000e+00,3.825000e+01,1.627067e+00,2.612927e+02,1.982641e+01,3.280318e+00,4.423376e+00,2.211632e+00,5.109914e+00,3.276610e+00,7.931937e+00,1.255968e+01,3.241932e+00,2.016321e+00,1.317854e+00,2.331360e-01,2.294249e+01,1.382314e+01,2.091198e+01,3.412052e+01
1.675832e+00,1.400000e+00,3.825000e+01,1.646237e+00,2.625226e+02,1.990470e+01,3.297483e+00,4.363665e+00,2.181777e+00,5.040936e+00,3.232379e+00,7.824864e+00,1.239013e+01,3.200350e+00,1.992177e+00,1.299701e+00,2.299346e-01,2.283976e+01,1.376644e+01,2.163788e+01,3.379284e+01
1.675832e+00,1.475000e+00,3.825000e+01,1.665235e+00,2.637321e+02,1.998165e+01,3.314306e+00,4.306181e+00,2.153036e+00,4.974530e+00,3.189797e+00,7.721784e+00,1.222691e+01,3.160241e+00,1.968825e+00,1.282239e+00,2.268546e-01,2.273981e+01,1.371117e+01,2.233862e+01,3.347660e+01
1.675832e+00,1.550000e+00,3.825000e+01,1.684069e+00,2.649218e+02,2.005730e+01,3.330800e+00,4.250780e+00,2.125336e+00,4.910529e+00,3.148759e+00,7.622439e+00,1.206961e+01,3.121513e+00,1.946219e+00,1.265422e+00,2.238880e-01,2.264240e+01,1.365719e+01,2.301592e+01,3.317100e+01
1.675832e+00,1.625000e+00,3.825000e+01,1.702820e+00,2.649595e+02,2.005969e+01,3.331322e+00,4.203750e+00,2.101822e+00,4.856201e+00,3.113922e+00,7.538106e+00,1.193607e+01,3.087037e+00,1.924771e+00,1.251412e+00,2.214095e-01,2.239800e+01,1.350993e+01,2.385757e+01,3.280792e+01
1.675832e+00,1.700000e+00,3.825000e+01,1.721570e+00,2.649595e+02,2.005969e+01,3.331322e+00,4.157966e+00,2.078930e+00,4.803310e+00,3.080007e+00,7.456007e+00,1.180607e+01,3.053415e+00,1.903808e+00,1.237782e+00,2.189981e-01,2.215406e+01,1.336279e+01,2.468685e+01,3.245060e+01
1.675832e+00,1.775000e+00,3.825000e+01,1.740320e+00,2.649595e+02,2.005969e+01,3.331322e+00,4.113168e+00,2.056532e+00,4.751560e+00,3.046823e+00,7.375676e+00,1.167888e+01,3.020518e+00,1.883296e+00,1.224447e+00,2.166386e-01,2.191537e+01,1.321882e+01,2.549827e+01,3.210098e+01
1.675832e+00,1.850000e+00,3.825000e+01,1.759070e+00,2.649595e+02,2.005969e+01,3.331322e+00,4.069326e+00,2.034611e+00,4.700913e+00,3.014347e+00,7.297058e+00,1.155439e+01,2.988322e+00,1.863222e+00,1.211395e+00,2.143295e-01,2.168178e+01,1.307792e+01,2.629239e+01,3.175882e+01
1.675832e+00,1.925000e+00,3.825000e+01,1.777820e+00,2.649595e+02,2.005969e+01,3.331322e+00,4.026408e+00,2.013153e+00,4.651334e+00,2.982556e+00,7.220099e+00,1.143253e+01,2.956805e+00,1.843571e+00,1.198619e+00,2.120690e-01,2.145311e+01,1.293999e+01,2.706976e+01,3.142387e+01
1.675832e+00,2.000000e+00,3.825000e+01,1.796570e+00,2.649595e+02,2.005969e+01,3.331322e+00,3.984386e+00,1.992142e+00,4.602790e+00,2.951428e+00,7.144746e+00,1.131321e+01,2.925946e+00,1.824331e+00,1.186110e+00,2.098557e-01,2.122921e+01,1.280494e+01,2.783090e+01,3.109591e+01
1.883942e+00,5.000000e-01,4.300000e+01,1.380372e+00,2.692656e+02,2.104627e+01,3.056593e+00,5.176120e+00,2.653631e+00,6.147410e+00,3.971932e+00,9.092292e+00,1.517230e+01,3.618229e+00,2.341457e+00,1.406761e+00,2.493803e-01,2.466737e+01,1.477672e+01,1.072639e+01,3.916543e+01
1.883942e+00,5.750000e-01,4.300000e+01,1.402393e+00,2.710145e+02,2.115908e+01,3.079582e+00,5.075389e+00,2.601989e+00,6.027777e+00,3.894636e+00,8.915349e+00,1.487704e+01,3.552851e+00,2.303206e+00,1.378590e+00,2.444100e-01,2.450221e+01,1.468780e+01,1.193876e+01,3.860908e+01
1.883942e+00,6.500000e-01,4.300000e+01,1.424059e+00,2.727186e+02,2.126879e+01,3.101826e+00,4.980543e+00,2.553365e+00,5.915134e+00,3.821855e+00,8.748745e+00,1.459903e+01,3.491032e+00,2.266818e+00,1.352108e+00,2.397365e-01,2.434561e+01,1.460323e+01,1.308279e+01,3.808403e+01
1.883942e+00,7.250000e-01,4.300000e+01,1.445396e+00,2.743812e+02,2.137566e+01,3.123388e+00,4.890966e+00,2.507441e+00,5.808747e+00,3.753117e+00,8.591394e+00,1.433645e+01,3.432418e+00,2.232128e+00,1.327133e+00,2.353280e-01,2.419657e+01,1.452252e+01,1.416578e+01,3.758699e+01
1.883942e+00,8.000000e-01,4.300000e+01,1.466429e+00,2.760051e+02,2.147989e+01,3.144322e+00,4.806130e+00,2.463949e+00,5.707993e+00,3.688018e+00,8.442373e+00,1.408778e+01,3.376709e+00,2.198990e+00,1.303514e+00,2.311578e-01,2.405424e+01,1.444524e+01,1.519391e+01,3.711513e+01
1.883942e+00,8.750000e-01,4.300000e+01,1.487179e+00,2.775930e+02,2.158168e+01,3.164677e+00,4.725587e+00,2.422657e+00,5.612336e+00,3.626213e+00,8.300893e+00,1.385170e+01,3.323641e+00,2.167275e+00,1.281118e+00,2.272029e-01,2.391793e+01,1.437103e+01,1.617243e+01,3.666607e+01
1.883942e+00,9.500000e-01,4.300000e+01,1.507665e+00,2.791470e+02,2.168117e+01,3.184493e+00,4.648948e+00,2.383367e+00,5.521316e+00,3.567403e+00,8.166270e+00,1.362705e+01,3.272989e+00,2.136874e+00,1.259833e+00,2.234434e-01,2.378703e+01,1.429958e+01,1.710590e+01,3.623772e+01
1.883942e+00,1.025000e+00,4.300000e+01,1.527905e+00,2.806692e+02,2.177853e+01,3.203809e+00,4.575875e+00,2.345905e+00,5.434531e+00,3.511331e+00,8.037912e+00,1.341286e+01,3.224553e+00,2.107687e+00,1.239561e+00,2.198623e-01,2.366103e+01,1.423065e+01,1.799825e+01,3.582829e+01
1.883942e+00,1.100000e+00,4.300000e+01,1.549141e+00,2.818419e+02,2.186766e+01,3.222880e+00,4.518470e+00,2.311263e+00,5.353021e+00,3.456344e+00,7.908536e+00,1.319930e+01,3.195023e+00,2.081575e+00,1.235868e+00,2.191550e-01,2.352626e+01,1.415611e+01,1.883908e+01,3.542374e+01
1.883942e+00,1.175000e+00,4.300000e+01,1.567704e+00,2.836253e+02,2.196731e+01,3.241064e+00,4.439282e+00,2.275878e+00,5.272307e+00,3.406515e+00,7.797975e+00,1.301248e+01,3.133656e+00,2.052613e+00,1.201726e+00,2.131767e-01,2.342199e+01,1.409944e+01,1.967297e+01,3.506010e+01
1.883942e+00,1.250000e+00,4.300000e+01,1.587289e+00,2.850624e+02,2.205897e+01,3.259061e+00,4.375270e+00,2.243061e+00,5.196283e+00,3.357395e+00,7.685532e+00,1.282484e+01,3.090901e+00,2.026577e+00,1.184020e+00,2.100474e-01,2.330826e+01,1.403680e+01,2.046101e+01,3.469872e+01
1.883942e+00,1.325000e+00,4.300000e+01,1.606681e+00,2.864738e+02,2.214892e+01,3.276668e+00,4.313834e+00,2.211564e+00,5.123318e+00,3.310251e+00,7.577614e+00,1.264476e+01,3.049773e+00,2.001455e+00,1.167041e+00,2.070461e-01,2.319796e+01,1.397593e+01,2.121946e+01,3.435100e+01
1.883942e+00,1.400000e+00,4.300000e+01,1.625888e+00,2.878610e+02,2.223726e+01,3.293909e+00,4.254789e+00,2.181294e+00,5.053194e+00,3.264943e+00,7.473897e+00,1.247169e+01,3.010163e+00,1.977189e+00,1.150737e+00,2.041637e-01,2.309083e+01,1.391669e+01,2.195043e+01,3.401596e+01
1.883942e+00,1.475000e+00,4.300000e+01,1.644922e+00,2.892250e+02,2.232407e+01,3.310802e+00,4.197972e+00,2.152166e+00,4.985715e+00,3.221344e+00,7.374093e+00,1.230514e+01,2.971970e+00,1.953728e+00,1.135060e+00,2.013919e-01,2.298665e+01,1.385896e+01,2.265580e+01,3.369274e+01
1.883942e+00,1.550000e+00,4.300000e+01,1.663790e+00,2.905668e+02,2.240941e+01,3.327365e+00,4.143235e+00,2.124104e+00,4.920706e+00,3.179341e+00,7.277942e+00,1.214470e+01,2.935104e+00,1.931024e+00,1.119969e+00,1.987232e-01,2.288521e+01,1.380265e+01,2.333730e+01,3.338054e+01
1.883942e+00,1.625000e+00,4.300000e+01,1.682544e+00,2.908880e+02,2.242983e+01,3.331322e+00,4.095398e+00,2.099579e+00,4.863893e+00,3.142633e+00,7.193913e+00,1.200448e+01,2.901654e+00,1.909372e+00,1.106970e+00,1.964189e-01,2.266791e+01,1.367273e+01,2.414506e+01,3.302521e+01
1.883942e+00,1.700000e+00,4.300000e+01,1.701294e+00,2.908880e+02,2.242983e+01,3.331322e+00,4.050263e+00,2.076440e+00,4.810288e+00,3.107998e+00,7.114628e+00,1.187218e+01,2.869675e+00,1.888329e+00,1.094770e+00,1.942541e-01,2.241808e+01,1.352204e+01,2.498106e+01,3.266123e+01
1.883942e+00,1.775000e+00,4.300000e+01,1.720044e+00,2.908880e+02,2.242983e+01,3.331322e+00,4.006111e+00,2.053805e+00,4.757851e+00,3.074118e+00,7.037072e+00,1.174276e+01,2.838393e+00,1.867745e+00,1.082836e+00,1.921366e-01,2.217370e+01,1.337464e+01,2.579883e+01,3.230520e+01
1.883942e+00,1.850000e+00,4.300000e+01,1.738795e+00,2.908880e+02,2.242983e+01,3.331322e+00,3.962912e+00,2.031658e+00,4.706546e+00,3.040968e+00,6.961189e+00,1.161613e+01,2.807785e+00,1.847604e+00,1.071160e+00,1.900647e-01,2.193460e+01,1.323041e+01,2.659897e+01,3.195684e+01
1.883942e+00,1.925000e+00,4.300000e+01,1.757545e+00,2.908880e+02,2.242983e+01,3.331322e+00,3.920634e+00,2.009983e+00,4.656335e+00,3.008526e+00,6.886925e+00,1.149221e+01,2.777831e+00,1.827893e+00,1.059732e+00,1.880370e-01,2.170059e+01,1.308927e+01,2.738204e+01,3.161591e+01
1.883942e+00,2.000000e+00,4.300000e+01,1.776295e+00,2.908880e+02,2.242983e+01,3.331322e+00,3.879249e+00,1.988767e+00,4.607184e+00,2.976769e+00,6.814228e+00,1.137090e+01,2.748509e+00,1.808598e+00,1.048546e+00,1.860522e-01,2.147153e+01,1.295110e+01,2.814857e+01,3.128218e+01
2.092052e+00,5.000000e-01,4.775000e+01,1.361885e+00,2.918368e+02,2.322953e+01,3.052253e+00,5.086989e+00,2.663338e+00,6.183292e+00,4.019790e+00,8.675479e+00,1.529483e+01,3.436589e+00,2.333232e+00,1.264843e+00,2.248480e-01,2.495960e+01,1.494982e+01,1.090736e+01,3.948585e+01
2.092052e+00,5.750000e-01,4.775000e+01,1.383976e+00,2.937879e+02,2.335546e+01,3.075388e+00,4.986389e+00,2.610668e+00,6.061011e+00,3.940295e+00,8.503913e+00,1.499236e+01,3.373607e+00,2.294580e+00,1.239092e+00,2.202948e-01,2.478684e+01,1.485660e+01,1.213436e+01,3.891479e+01
2.092052e+00,6.500000e-01,4.775000e+01,1.405705e+00,2.956884e+02,2.347789e+01,3.097764e+00,4.891745e+00,2.561117e+00,5.945971e+00,3.865507e+00,8.342506e+00,1.470780e+01,3.314093e+00,2.257834e+00,1.214907e+00,2.160171e-01,2.462318e+01,1.476803e+01,1.329130e+01,3.837630e+01
2.092052e+00,7.250000e-01,4.775000e+01,1.427101e+00,2.975423e+02,2.359712e+01,3.119448e+00,4.802425e+00,2.514352e+00,5.837401e+00,3.794925e+00,8.190177e+00,1.443924e+01,3.257701e+00,2.222821e+00,1.192117e+00,2.119851e-01,2.446755e+01,1.468358e+01,1.438573e+01,3.786690e+01
2.092052e+00,8.000000e-01,4.775000e+01,1.448188e+00,2.993527e+02,2.371338e+01,3.140494e+00,4.717892e+00,2.470094e+00,5.734650e+00,3.728126e+00,8.046012e+00,1.418508e+01,3.204133e+00,2.189390e+00,1.170578e+00,2.081736e-01,2.431906e+01,1.460278e+01,1.542403e+01,3.738364e+01
2.092052e+00,8.750000e-01,4.775000e+01,1.468989e+00,3.011227e+02,2.382689e+01,3.160953e+00,4.637687e+00,2.428102e+00,5.637160e+00,3.664747e+00,7.909228e+00,1.394393e+01,3.153131e+00,2.157412e+00,1.150169e+00,2.045612e-01,2.417696e+01,1.452527e+01,1.641164e+01,3.692402e+01
2.092052e+00,9.500000e-01,4.775000e+01,1.489523e+00,3.028546e+02,2.393782e+01,3.180866e+00,4.561415e+00,2.388170e+00,5.544451e+00,3.604477e+00,7.779153e+00,1.371461e+01,3.104476e+00,2.126771e+00,1.130785e+00,2.011294e-01,2.404060e+01,1.445070e+01,1.735327e+01,3.648585e+01
2.092052e+00,1.025000e+00,4.775000e+01,1.509807e+00,3.045509e+02,2.404635e+01,3.200272e+00,4.488733e+00,2.350116e+00,5.456106e+00,3.547043e+00,7.655200e+00,1.349608e+01,3.057971e+00,2.097367e+00,1.112334e+00,1.978622e-01,2.390943e+01,1.437880e+01,1.825295e+01,3.606727e+01
2.092052e+00,1.100000e+00,4.775000e+01,1.529857e+00,3.062135e+02,2.415262e+01,3.219203e+00,4.419341e+00,2.313785e+00,5.371758e+00,3.492208e+00,7.536856e+00,1.328744e+01,3.013447e+00,2.069108e+00,1.094737e+00,1.947456e-01,2.378298e+01,1.430934e+01,1.911425e+01,3.566663e+01
2.092052e+00,1.175000e+00,4.775000e+01,1.549687e+00,3.078443e+02,2.425676e+01,3.237690e+00,4.352974e+00,2.279038e+00,5.291089e+00,3.439764e+00,7.423672e+00,1.308790e+01,2.970752e+00,2.041915e+00,1.077924e+00,1.917673e-01,2.366084e+01,1.424209e+01,1.994027e+01,3.528248e+01
2.092052e+00,1.250000e+00,4.775000e+01,1.569310e+00,3.094451e+02,2.435889e+01,3.255761e+00,4.289398e+00,2.245752e+00,5.213811e+00,3.389526e+00,7.315248e+00,1.289675e+01,2.929752e+00,2.015715e+00,1.061833e+00,1.889164e-01,2.354267e+01,1.417690e+01,2.073373e+01,3.491355e+01
2.092052e+00,1.325000e+00,4.775000e+01,1.588736e+00,3.110172e+02,2.445911e+01,3.273438e+00,4.228406e+00,2.213820e+00,5.139676e+00,3.341330e+00,7.211231e+00,1.271337e+01,2.890327e+00,1.990443e+00,1.046410e+00,1.861835e-01,2.342813e+01,1.411358e+01,2.149710e+01,3.455872e+01
2.092052e+00,1.400000e+00,4.775000e+01,1.607977e+00,3.125622e+02,2.455753e+01,3.290746e+00,4.169813e+00,2.183143e+00,5.068454e+00,3.295029e+00,7.111305e+00,1.253719e+01,2.852368e+00,1.966040e+00,1.031606e+00,1.835599e-01,2.331697e+01,1.405200e+01,2.223252e+01,3.421697e+01
2.092052e+00,1.475000e+00,4.775000e+01,1.627042e+00,3.140812e+02,2.465423e+01,3.307701e+00,4.113452e+00,2.153635e+00,4.999948e+00,3.250492e+00,7.015186e+00,1.236774e+01,2.815781e+00,1.942454e+00,1.017377e+00,1.810378e-01,2.320891e+01,1.399204e+01,2.294195e+01,3.388739e+01
2.092052e+00,1.550000e+00,4.775000e+01,1.645940e+00,3.155754e+02,2.474929e+01,3.324324e+00,4.059175e+00,2.125217e+00,4.933973e+00,3.207601e+00,6.922620e+00,1.220454e+01,2.780476e+00,1.919636e+00,1.003685e+00,1.786105e-01,2.310375e+01,1.393357e+01,2.362714e+01,3.356918e+01
2.092052e+00,1.625000e+00,4.775000e+01,1.664704e+00,3.162058e+02,2.478938e+01,3.331322e+00,4.010549e+00,2.099759e+00,4.874867e+00,3.169177e+00,6.839692e+00,1.205834e+01,2.747922e+00,1.897788e+00,9.915526e-01,1.764552e-01,2.291083e+01,1.381925e+01,2.440381e+01,3.322077e+01
2.092052e+00,1.700000e+00,4.775000e+01,1.683454e+00,3.162058e+02,2.478938e+01,3.331322e+00,3.965880e+00,2.076372e+00,4.820572e+00,3.133879e+00,6.763512e+00,1.192404e+01,2.717316e+00,1.876651e+00,9.805088e-01,1.744899e-01,2.265565e+01,1.366534e+01,2.524579e+01,3.285077e+01
2.092052e+00,1.775000e+00,4.775000e+01,1.702204e+00,3.162058e+02,2.478938e+01,3.331322e+00,3.922195e+00,2.053500e+00,4.767472e+00,3.099359e+00,6.689011e+00,1.179269e+01,2.687384e+00,1.855979e+00,9.697084e-01,1.725678e-01,2.240610e+01,1.351481e+01,2.606922e+01,3.248891e+01
2.092052e+00,1.850000e+00,4.775000e+01,1.720954e+00,3.162058e+02,2.478938e+01,3.331322e+00,3.879462e+00,2.031127e+00,4.715530e+00,3.065591e+00,6.616133e+00,1.166421e+01,2.658105e+00,1.835758e+00,9.591432e-01,1.706877e-01,2.216198e+01,1.336756e+01,2.687471e+01,3.213494e+01
2.092052e+00,1.925000e+00,4.775000e+01,1.739704e+00,3.162058e+02,2.478938e+01,3.331322e+00,3.837651e+00,2.009236e+00,4.664707e+00,3.032551e+00,6.544826e+00,1.153850e+01,2.629457e+00,1.815973e+00,9.488058e-01,1.688481e-01,2.192312e+01,1.322349e+01,2.766283e+01,3.178860e+01
2.092052e+00,2.000000e+00,4.775000e+01,1.758455e+00,3.162058e+02,2.478938e+01,3.331322e+00,3.796730e+00,1.987812e+00,4.614968e+00,3.000215e+00,6.475040e+00,1.141546e+01,2.601419e+00,1.796609e+00,9.386889e-01,1.670477e-01,2.168936e+01,1.308249e+01,2.843415e+01,3.144964e+01
2.300161e+00,5.000000e-01,5.250000e+01,1.345232e+00,3.137663e+02,2.540002e+01,3.048318e+00,5.017970e+00,2.674649e+00,6.220781e+00,4.064809e+00,8.242455e+00,1.539995e+01,3.283294e+00,2.328160e+00,1.148651e+00,2.047707e-01,2.522962e+01,1.510974e+01,1.107515e+01,3.978208e+01
2.300161e+00,5.750000e-01,5.250000e+01,1.367386e+00,3.159204e+02,2.553913e+01,3.071586e+00,4.917270e+00,2.620974e+00,6.095943e+00,3.983237e+00,8.077046e+00,1.509091e+01,3.222343e+00,2.289095e+00,1.124912e+00,2.005638e-01,2.504968e+01,1.501246e+01,1.231557e+01,3.919723e+01
2.300161e+00,6.500000e-01,5.250000e+01,1.389173e+00,3.180183e+02,2.567435e+01,3.094084e+00,4.822604e+00,2.570516e+00,5.978586e+00,3.906553e+00,7.921550e+00,1.480038e+01,3.164785e+00,2.251977e+00,1.102634e+00,1.966144e-01,2.487936e+01,1.492012e+01,1.348432e+01,3.864616e+01
2.300161e+00,7.250000e-01,5.250000e+01,1.410623e+00,3.200643e+02,2.580599e+01,3.115879e+00,4.733326e+00,2.522929e+00,5.867907e+00,3.834232e+00,7.774902e+00,1.452639e+01,3.110276e+00,2.216626e+00,1.081655e+00,1.928945e-01,2.471753e+01,1.483214e+01,1.458919e+01,3.812521e+01
2.300161e+00,8.000000e-01,5.250000e+01,1.431760e+00,3.220619e+02,2.593433e+01,3.137027e+00,4.648887e+00,2.477922e+00,5.763228e+00,3.765833e+00,7.636203e+00,1.426725e+01,3.058523e+00,2.182890e+00,1.061843e+00,1.893803e-01,2.456323e+01,1.474803e+01,1.563678e+01,3.763130e+01
2.300161e+00,8.750000e-01,5.250000e+01,1.452608e+00,3.240145e+02,2.605961e+01,3.157580e+00,4.568818e+00,2.435244e+00,5.663967e+00,3.700973e+00,7.504683e+00,1.402152e+01,3.009275e+00,2.150634e+00,1.043081e+00,1.860516e-01,2.441567e+01,1.466740e+01,1.663268e+01,3.716182e+01
2.300161e+00,9.500000e-01,5.250000e+01,1.473185e+00,3.259252e+02,2.618203e+01,3.177582e+00,4.492717e+00,2.394681e+00,5.569624e+00,3.639327e+00,7.379681e+00,1.378797e+01,2.962312e+00,2.119739e+00,1.025271e+00,1.828910e-01,2.427419e+01,1.458990e+01,1.758170e+01,3.671451e+01
2.300161e+00,1.025000e+00,5.250000e+01,1.493510e+00,3.277961e+02,2.630178e+01,3.197069e+00,4.420235e+00,2.356047e+00,5.479768e+00,3.580613e+00,7.260623e+00,1.356553e+01,2.917445e+00,2.090103e+00,1.008328e+00,1.798835e-01,2.413817e+01,1.451522e+01,1.848804e+01,3.628739e+01
2.300161e+00,1.100000e+00,5.250000e+01,1.513598e+00,3.296297e+02,2.641901e+01,3.216077e+00,4.351066e+00,2.319179e+00,5.394020e+00,3.524583e+00,7.147007e+00,1.335325e+01,2.874505e+00,2.061632e+00,9.921764e-01,1.770161e-01,2.400713e+01,1.444311e+01,1.935533e+01,3.587877e+01
2.300161e+00,1.175000e+00,5.250000e+01,1.533463e+00,3.314280e+02,2.653388e+01,3.234636e+00,4.284943e+00,2.283935e+00,5.312047e+00,3.471020e+00,7.038394e+00,1.315032e+01,2.833345e+00,2.034244e+00,9.767521e-01,1.742771e-01,2.388062e+01,1.437335e+01,2.018675e+01,3.548715e+01
2.300161e+00,1.250000e+00,5.250000e+01,1.553120e+00,3.331930e+02,2.664652e+01,3.252774e+00,4.221628e+00,2.250187e+00,5.233555e+00,3.419731e+00,6.934393e+00,1.295601e+01,2.793832e+00,2.007865e+00,9.619969e-01,1.716565e-01,2.375829e+01,1.430576e+01,2.098510e+01,3.511121e+01
2.300161e+00,1.325000e+00,5.250000e+01,1.572578e+00,3.349264e+02,2.675706e+01,3.270517e+00,4.160909e+00,2.217823e+00,5.158282e+00,3.370546e+00,6.834658e+00,1.276967e+01,2.755850e+00,1.982429e+00,9.478598e-01,1.691452e-01,2.363980e+01,1.424016e+01,2.175287e+01,3.474977e+01
2.300161e+00,1.400000e+00,5.250000e+01,1.591849e+00,3.366295e+02,2.686558e+01,3.287884e+00,4.102602e+00,2.186744e+00,5.085998e+00,3.323314e+00,6.738882e+00,1.259072e+01,2.719293e+00,1.957875e+00,9.342956e-01,1.667352e-01,2.352484e+01,1.417639e+01,2.249231e+01,3.440178e+01
2.300161e+00,1.475000e+00,5.250000e+01,1.610943e+00,3.383040e+02,2.697220e+01,3.304897e+00,4.046536e+00,2.156860e+00,5.016493e+00,3.277898e+00,6.646789e+00,1.241866e+01,2.684066e+00,1.934150e+00,9.212635e-01,1.644194e-01,2.341316e+01,1.411432e+01,2.320538e+01,3.406631e+01
2.300161e+00,1.550000e+00,5.250000e+01,1.629868e+00,3.399509e+02,2.707701e+01,3.321574e+00,3.992560e+00,2.128091e+00,4.949580e+00,3.234175e+00,6.558130e+00,1.225301e+01,2.650084e+00,1.911204e+00,9.087270e-01,1.621914e-01,2.330453e+01,1.405384e+01,2.389387e+01,3.374251e+01
2.300161e+00,1.625000e+00,5.250000e+01,1.648646e+00,3.409161e+02,2.713840e+01,3.331321e+00,3.943143e+00,2.101751e+00,4.888318e+00,3.194145e+00,6.476958e+00,1.210135e+01,2.618312e+00,1.889160e+00,8.973394e-01,1.601642e-01,2.313399e+01,1.395385e+01,2.464152e+01,3.340043e+01
2.300161e+00,1.700000e+00,5.250000e+01,1.667396e+00,3.409161e+02,2.713840e+01,3.331322e+00,3.898802e+00,2.078116e+00,4.833348e+00,3.158226e+00,6.404123e+00,1.196527e+01,2.588868e+00,1.867916e+00,8.872487e-01,1.583631e-01,2.287385e+01,1.379694e+01,2.548893e+01,3.302483e+01
2.300161e+00,1.775000e+00,5.250000e+01,1.686146e+00,3.409161e+02,2.713840e+01,3.331322e+00,3.855447e+00,2.055007e+00,4.779601e+00,3.123107e+00,6.332909e+00,1.183222e+01,2.560080e+00,1.847145e+00,8.773824e-01,1.566021e-01,2.261949e+01,1.364352e+01,2.631750e+01,3.265760e+01
2.300161e+00,1.850000e+00,5.250000e+01,1.704896e+00,3.409161e+02,2.713840e+01,3.331322e+00,3.813046e+00,2.032407e+00,4.727036e+00,3.088759e+00,6.263261e+00,1.170209e+01,2.531925e+00,1.826830e+00,8.677332e-01,1.548798e-01,2.237072e+01,1.349347e+01,2.712784e+01,3.229844e+01
2.300161e+00,1.925000e+00,5.250000e+01,1.723646e+00,3.409161e+02,2.713840e+01,3.331322e+00,3.771567e+00,2.010298e+00,4.675614e+00,3.055159e+00,6.195129e+00,1.157479e+01,2.504382e+00,1.806958e+00,8.582938e-01,1.531950e-01,2.212737e+01,1.334669e+01,2.792055e+01,3.194709e+01
2.300161e+00,2.000000e+00,5.250000e+01,1.742396e+00,3.409161e+02,2.713840e+01,3.331322e+00,3.730981e+00,1.988665e+00,4.625300e+00,3.022282e+00,6.128462e+00,1.145023e+01,2.477432e+00,1.787513e+00,8.490577e-01,1.515465e-01,2.188926e+01,1.320306e+01,2.869621e+01,3.160330e+01
2.508271e+00,5.000000e-01,5.725000e+01,1.329962e+00,3.350563e+02,2.755777e+01,3.044685e+00,4.964417e+00,2.687237e+00,6.259625e+00,4.107741e+00,7.795314e+00,1.549177e+01,3.152261e+00,2.325635e+00,1.051889e+00,1.880580e-01,2.548306e+01,1.525982e+01,1.123318e+01,4.006026e+01
2.508271e+00,5.750000e-01,5.725000e+01,1.352175e+00,3.374143e+02,2.771012e+01,3.068076e+00,4.863429e+00,2.632573e+00,6.132290e+00,4.024180e+00,7.636739e+00,1.517663e+01,3.093044e+00,2.286142e+00,1.029845e+00,1.841425e-01,2.529623e+01,1.515864e+01,1.248611e+01,3.946231e+01
2.508271e+00,6.500000e-01,5.725000e+01,1.374016e+00,3.397106e+02,2.785819e+01,3.090688e+00,4.768559e+00,2.581220e+00,6.012669e+00,3.945681e+00,7.487771e+00,1.488058e+01,3.037154e+00,2.248636e+00,1.009171e+00,1.804694e-01,2.511955e+01,1.506270e+01,1.366583e+01,3.889929e+01
2.508271e+00,7.250000e-01,5.725000e+01,1.395516e+00,3.419495e+02,2.800232e+01,3.112586e+00,4.679147e+00,2.532821e+00,5.899929e+00,3.871698e+00,7.347373e+00,1.460157e+01,2.984254e+00,2.212934e+00,9.897185e-01,1.770119e-01,2.495180e+01,1.497135e+01,1.478040e+01,3.836738e+01
2.508271e+00,8.000000e-01,5.725000e+01,1.416699e+00,3.441352e+02,2.814279e+01,3.133831e+00,4.594632e+00,2.487073e+00,5.793364e+00,3.801767e+00,7.214664e+00,1.433783e+01,2.934053e+00,2.178877e+00,9.713579e-01,1.737476e-01,2.479197e+01,1.488409e+01,1.583658e+01,3.786339e+01
2.508271e+00,8.750000e-01,5.725000e+01,1.437453e+00,3.462481e+02,2.827832e+01,3.154193e+00,4.516540e+00,2.444802e+00,5.694898e+00,3.737151e+00,7.092041e+00,1.409414e+01,2.887420e+00,2.147021e+00,9.544264e-01,1.707360e-01,2.464240e+01,1.480213e+01,1.681629e+01,3.739599e+01
2.508271e+00,9.500000e-01,5.725000e+01,1.458207e+00,3.483611e+02,2.841384e+01,3.174555e+00,4.438449e+00,2.402531e+00,5.596433e+00,3.672535e+00,6.969419e+00,1.385045e+01,2.840787e+00,2.115166e+00,9.374948e-01,1.677245e-01,2.449283e+01,1.472018e+01,1.779601e+01,3.692859e+01
2.508271e+00,1.025000e+00,5.725000e+01,1.478570e+00,3.504073e+02,2.854485e+01,3.194118e+00,4.366014e+00,2.363322e+00,5.505100e+00,3.612600e+00,6.855679e+00,1.362442e+01,2.797320e+00,2.085283e+00,9.218186e-01,1.649352e-01,2.435219e+01,1.464285e+01,1.870848e+01,3.649340e+01
2.508271e+00,1.100000e+00,5.725000e+01,1.498693e+00,3.524125e+02,2.867309e+01,3.213198e+00,4.296921e+00,2.325922e+00,5.417981e+00,3.555430e+00,6.747187e+00,1.340881e+01,2.755736e+00,2.056585e+00,9.068821e-01,1.622769e-01,2.421677e+01,1.456823e+01,1.958127e+01,3.607725e+01
2.508271e+00,1.175000e+00,5.725000e+01,1.518592e+00,3.543789e+02,2.879874e+01,3.231824e+00,4.230897e+00,2.290184e+00,5.334732e+00,3.500800e+00,6.643514e+00,1.320278e+01,2.715888e+00,2.028989e+00,8.926241e-01,1.597388e-01,2.408612e+01,1.449608e+01,2.041765e+01,3.567857e+01
2.508271e+00,1.250000e+00,5.725000e+01,1.538279e+00,3.563086e+02,2.892192e+01,3.250024e+00,4.167704e+00,2.255977e+00,5.255051e+00,3.448511e+00,6.544285e+00,1.300558e+01,2.677649e+00,2.002418e+00,8.789904e-01,1.573113e-01,2.395983e+01,1.442620e+01,2.122049e+01,3.529599e+01
2.508271e+00,1.325000e+00,5.725000e+01,1.557767e+00,3.582036e+02,2.904279e+01,3.267826e+00,4.107124e+00,2.223185e+00,5.178666e+00,3.398385e+00,6.449160e+00,1.281653e+01,2.640901e+00,1.976804e+00,8.659328e-01,1.549859e-01,2.383758e+01,1.435843e+01,2.199231e+01,3.492832e+01
2.508271e+00,1.400000e+00,5.725000e+01,1.577066e+00,3.600655e+02,2.916146e+01,3.285248e+00,4.048970e+00,2.191706e+00,5.105340e+00,3.350266e+00,6.357845e+00,1.263506e+01,2.605543e+00,1.952086e+00,8.534089e-01,1.527551e-01,2.371903e+01,1.429258e+01,2.273541e+01,3.457445e+01
2.508271e+00,1.475000e+00,5.725000e+01,1.596187e+00,3.618958e+02,2.927803e+01,3.302314e+00,3.993070e+00,2.161448e+00,5.034856e+00,3.304013e+00,6.270069e+00,1.246062e+01,2.571482e+00,1.928208e+00,8.413806e-01,1.506122e-01,2.360392e+01,1.422852e+01,2.345180e+01,3.423343e+01
2.508271e+00,1.550000e+00,5.725000e+01,1.615059e+00,3.634585e+02,2.937747e+01,3.316817e+00,3.941061e+00,2.133295e+00,4.969278e+00,3.260979e+00,6.188403e+00,1.229833e+01,2.539511e+00,1.905543e+00,8.302257e-01,1.486235e-01,2.347312e+01,1.415402e+01,2.415762e+01,3.390078e+01
2.508271e+00,1.625000e+00,5.725000e+01,1.633931e+00,3.650213e+02,2.947691e+01,3.331321e+00,3.889052e+00,2.105143e+00,4.903700e+00,3.217945e+00,6.106736e+00,1.213603e+01,2.507539e+00,1.882878e+00,8.190709e-01,1.466348e-01,2.334232e+01,1.407951e+01,2.486344e+01,3.356814e+01
2.508271e+00,1.700000e+00,5.725000e+01,1.652681e+00,3.650214e+02,2.947692e+01,3.331322e+00,3.844930e+00,2.081259e+00,4.848066e+00,3.181436e+00,6.037453e+00,1.199834e+01,2.479090e+00,1.861517e+00,8.097783e-01,1.449712e-01,2.307750e+01,1.391978e+01,2.571587e+01,3.318731e+01
2.508271e+00,1.775000e+00,5.725000e+01,1.671431e+00,3.650214e+02,2.947692e+01,3.331322e+00,3.801797e+00,2.057912e+00,4.793680e+00,3.145747e+00,5.969725e+00,1.186374e+01,2.451280e+00,1.840634e+00,8.006942e-01,1.433449e-01,2.281862e+01,1.376363e+01,2.654919e+01,3.281502e+01
2.508271e+00,1.850000e+00,5.725000e+01,1.690181e+00,3.650214e+02,2.947692e+01,3.331322e+00,3.759622e+00,2.035082e+00,4.740501e+00,3.110849e+00,5.903500e+00,1.173213e+01,2.424087e+00,1.820215e+00,7.918117e-01,1.417547e-01,2.256548e+01,1.361095e+01,2.736402e+01,3.245098e+01
2.508271e+00,1.925000e+00,5.725000e+01,1.708931e+00,3.650214e+02,2.947692e+01,3.331322e+00,3.718372e+00,2.012754e+00,4.688490e+00,3.076718e+00,5.838728e+00,1.160341e+01,2.397490e+00,1.800244e+00,7.831241e-01,1.401994e-01,2.231790e+01,1.346161e+01,2.816096e+01,3.209494e+01
2.508271e+00,2.000000e+00,5.725000e+01,1.727682e+00,3.650214e+02,2.947692e+01,3.331322e+00,3.678018e+00,1.990910e+00,4.637607e+00,3.043327e+00,5.775362e+00,1.147748e+01,2.371471e+00,1.780706e+00,7.746250e-01,1.386779e-01,2.207569e+01,1.331551e+01,2.894061e+01,3.174662e+01
2.716381e+00,5.000000e-01,6.200000e+01,1.315761e+00,3.557087e+02,2.970280e+01,3.041286e+00,4.923035e+00,2.700877e+00,6.299649e+00,4.149124e+00,7.335508e+00,1.557319e+01,3.039059e+00,2.325210e+00,9.701444e-01,1.739459e-01,2.572395e+01,1.540246e+01,1.138385e+01,4.032480e+01
2.716381e+00,5.750000e-01,6.200000e+01,1.338029e+00,3.582719e+02,2.986849e+01,3.064795e+00,4.821601e+00,2.645228e+00,6.169851e+00,4.063635e+00,7.184367e+00,1.525232e+01,2.981328e+00,2.285272e+00,9.495446e-01,1.702787e-01,2.553047e+01,1.529752e+01,1.264858e+01,3.971426e+01
2.716381e+00,6.500000e-01,6.200000e+01,1.359922e+00,3.607673e+02,3.002947e+01,3.087512e+00,4.726378e+00,2.592987e+00,6.048001e+00,3.983382e+00,7.042481e+00,1.495110e+01,2.926872e+00,2.247363e+00,9.302403e-01,1.668408e-01,2.534763e+01,1.519808e+01,1.383865e+01,3.913974e+01
2.716381e+00,7.250000e-01,6.200000e+01,1.381468e+00,3.631999e+02,3.018613e+01,3.109508e+00,4.636688e+00,2.543781e+00,5.933231e+00,3.907791e+00,6.908840e+00,1.466738e+01,2.875354e+00,2.211293e+00,9.120871e-01,1.636068e-01,2.517415e+01,1.510347e+01,1.496234e+01,3.859732e+01
2.716381e+00,8.000000e-01,6.200000e+01,1.402695e+00,3.655744e+02,3.033879e+01,3.130842e+00,4.551958e+00,2.497297e+00,5.824809e+00,3.836381e+00,6.782589e+00,1.439935e+01,2.826487e+00,2.176901e+00,8.949635e-01,1.605551e-01,2.500897e+01,1.501315e+01,1.602659e+01,3.808364e+01
2.716381e+00,8.750000e-01,6.200000e+01,1.423626e+00,3.678947e+02,3.048776e+01,3.151566e+00,4.471701e+00,2.453266e+00,5.722110e+00,3.768740e+00,6.663003e+00,1.414547e+01,2.780025e+00,2.144045e+00,8.787662e-01,1.576676e-01,2.485120e+01,1.492669e+01,1.703732e+01,3.759587e+01
2.716381e+00,9.500000e-01,6.200000e+01,1.444281e+00,3.701644e+02,3.063329e+01,3.171726e+00,4.395498e+00,2.411459e+00,5.624598e+00,3.704516e+00,6.549457e+00,1.390441e+01,2.735757e+00,2.112600e+00,8.634068e-01,1.549287e-01,2.470009e+01,1.484367e+01,1.799960e+01,3.713159e+01
2.716381e+00,1.025000e+00,6.200000e+01,1.464679e+00,3.723865e+02,3.077560e+01,3.191361e+00,4.322985e+00,2.371677e+00,5.531809e+00,3.643403e+00,6.441411e+00,1.367503e+01,2.693495e+00,2.082458e+00,8.488090e-01,1.523248e-01,2.455501e+01,1.476379e+01,1.891780e+01,3.668868e+01
2.716381e+00,1.100000e+00,6.200000e+01,1.484835e+00,3.745638e+02,3.091489e+01,3.210508e+00,4.253848e+00,2.333747e+00,5.443338e+00,3.585134e+00,6.338393e+00,1.345633e+01,2.653078e+00,2.053520e+00,8.349062e-01,1.498443e-01,2.441538e+01,1.468675e+01,1.979574e+01,3.626532e+01
2.716381e+00,1.175000e+00,6.200000e+01,1.504766e+00,3.766987e+02,3.105133e+01,3.229195e+00,4.187808e+00,2.297517e+00,5.358833e+00,3.529476e+00,6.239992e+00,1.324742e+01,2.614362e+00,2.025702e+00,8.216406e-01,1.474769e-01,2.428073e+01,1.461229e+01,2.063675e+01,3.585989e+01
2.716381e+00,1.250000e+00,6.200000e+01,1.524482e+00,3.787939e+02,3.118512e+01,3.247456e+00,4.124621e+00,2.262851e+00,5.277977e+00,3.476222e+00,6.145841e+00,1.304754e+01,2.577219e+00,1.998925e+00,8.089604e-01,1.452135e-01,2.415066e+01,1.454024e+01,2.144373e+01,3.547099e+01
2.716381e+00,1.325000e+00,6.200000e+01,1.543998e+00,3.808510e+02,3.131636e+01,3.265313e+00,4.064071e+00,2.229632e+00,5.200495e+00,3.425190e+00,6.055618e+00,1.285600e+01,2.541537e+00,1.973121e+00,7.968208e-01,1.430461e-01,2.402478e+01,1.447036e+01,2.221932e+01,3.509735e+01
2.716381e+00,1.400000e+00,6.200000e+01,1.563323e+00,3.828720e+02,3.144519e+01,3.282788e+00,4.005964e+00,2.197753e+00,5.126140e+00,3.376218e+00,5.969037e+00,1.267219e+01,2.507213e+00,1.948226e+00,7.851813e-01,1.409675e-01,2.390278e+01,1.440252e+01,2.296581e+01,3.473787e+01
2.716381e+00,1.475000e+00,6.200000e+01,1.582469e+00,3.848587e+02,3.157175e+01,3.299903e+00,3.950128e+00,2.167120e+00,5.054690e+00,3.329159e+00,5.885839e+00,1.249556e+01,2.474157e+00,1.924183e+00,7.740061e-01,1.389715e-01,2.378437e+01,1.433655e+01,2.368527e+01,3.439154e+01
2.716381e+00,1.550000e+00,6.200000e+01,1.601443e+00,3.868125e+02,3.169613e+01,3.316678e+00,3.896407e+00,2.137648e+00,4.985948e+00,3.283884e+00,5.805793e+00,1.232562e+01,2.442285e+00,1.900942e+00,7.632628e-01,1.370522e-01,2.366928e+01,1.427232e+01,2.437955e+01,3.405747e+01
2.716381e+00,1.625000e+00,6.200000e+01,1.620255e+00,3.885234e+02,3.180498e+01,3.331321e+00,3.845365e+00,2.109645e+00,4.920633e+00,3.240865e+00,5.729738e+00,1.216416e+01,2.411783e+00,1.878498e+00,7.530823e-01,1.352324e-01,2.353934e+01,1.419835e+01,2.507330e+01,3.372676e+01
2.716381e+00,1.700000e+00,6.200000e+01,1.639005e+00,3.885235e+02,3.180499e+01,3.331322e+00,3.801374e+00,2.085511e+00,4.864341e+00,3.203790e+00,5.664190e+00,1.202500e+01,2.384192e+00,1.857009e+00,7.444670e-01,1.336853e-01,2.327006e+01,1.403593e+01,2.593044e+01,3.334093e+01
2.716381e+00,1.775000e+00,6.200000e+01,1.658165e+00,3.882228e+02,3.179977e+01,3.331322e+00,3.762455e+00,2.062371e+00,4.809964e+00,3.167237e+00,5.597154e+00,1.188648e+01,2.363204e+00,1.836780e+00,7.407770e-01,1.329926e-01,2.300265e+01,1.387464e+01,2.676330e+01,3.296049e+01
2.716381e+00,1.850000e+00,6.200000e+01,1.676506e+00,3.885235e+02,3.180499e+01,3.331322e+00,3.716345e+00,2.038862e+00,4.755535e+00,3.132127e+00,5.537493e+00,1.175603e+01,2.330862e+00,1.815471e+00,7.278147e-01,1.306950e-01,2.274956e+01,1.372198e+01,2.758723e+01,3.259516e+01
2.716381e+00,1.925000e+00,6.200000e+01,1.695256e+00,3.885235e+02,3.180499e+01,3.331322e+00,3.675241e+00,2.016312e+00,4.702937e+00,3.097485e+00,5.476247e+00,1.162600e+01,2.305082e+00,1.795391e+00,7.197649e-01,1.292495e-01,2.249794e+01,1.357021e+01,2.838814e+01,3.223465e+01
2.716381e+00,2.000000e+00,6.200000e+01,1.714006e+00,3.885235e+02,3.180499e+01,3.331322e+00,3.635036e+00,1.994255e+00,4.651490e+00,3.063601e+00,5.416341e+00,1.149882e+01,2.279866e+00,1.775751e+00,7.118911e-01,1.278356e-01,2.225183e+01,1.342176e+01,2.917153e+01,3.188202e+01
2.924491e+00,5.000000e-01,6.675000e+01,1.302403e+00,3.757252e+02,3.183516e+01,3.038069e+00,4.891430e+00,2.715405e+00,6.340732e+00,4.189355e+00,6.864064e+00,1.564634e+01,2.940381e+00,2.326545e+00,9.002393e-01,1.618842e-01,2.595526e+01,1.553940e+01,1.152896e+01,4.057893e+01
2.924491e+00,5.750000e-01,6.675000e+01,1.324724e+00,3.784944e+02,3.201424e+01,3.061690e+00,4.789416e+00,2.658773e+00,6.208493e+00,4.101983e+00,6.720910e+00,1.532003e+01,2.883931e+00,2.286146e+00,8.808843e-01,1.584307e-01,2.575528e+01,1.543079e+01,1.280494e+01,3.995615e+01
2.924491e+00,6.500000e-01,6.675000e+01,1.346665e+00,3.811898e+02,3.218820e+01,3.084509e+00,4.693712e+00,2.605644e+00,6.084432e+00,4.020015e+00,6.586609e+00,1.501389e+01,2.830710e+00,2.247817e+00,8.627588e-01,1.551952e-01,2.556642e+01,1.532793e+01,1.400486e+01,3.937050e+01
2.924491e+00,7.250000e-01,6.675000e+01,1.368256e+00,3.838171e+02,3.235745e+01,3.106598e+00,4.603622e+00,2.555632e+00,5.967649e+00,3.942856e+00,6.460188e+00,1.472572e+01,2.780385e+00,2.211366e+00,8.457248e-01,1.521533e-01,2.538735e+01,1.523014e+01,1.513721e+01,3.881787e+01
2.924491e+00,8.000000e-01,6.675000e+01,1.389525e+00,3.863811e+02,3.252236e+01,3.128017e+00,4.518561e+00,2.508412e+00,5.857384e+00,3.870004e+00,6.340823e+00,1.445363e+01,2.732671e+00,2.176624e+00,8.296661e-01,1.492845e-01,2.521696e+01,1.513686e+01,1.620912e+01,3.829481e+01
2.924491e+00,8.750000e-01,6.675000e+01,1.410828e+00,3.885710e+02,3.267706e+01,3.148883e+00,4.441764e+00,2.464085e+00,5.753498e+00,3.800674e+00,6.223456e+00,1.419320e+01,2.692925e+00,2.144158e+00,8.188624e-01,1.473297e-01,2.505087e+01,1.504554e+01,1.722364e+01,3.779499e+01
2.924491e+00,9.500000e-01,6.675000e+01,1.431185e+00,3.913366e+02,3.284040e+01,3.169053e+00,4.361603e+00,2.421279e+00,5.653921e+00,3.735575e+00,6.120566e+00,1.395157e+01,2.644134e+00,2.111705e+00,8.000946e-01,1.439991e-01,2.489861e+01,1.496195e+01,1.819499e+01,3.732608e+01
2.924491e+00,1.025000e+00,6.675000e+01,1.451616e+00,3.937352e+02,3.299406e+01,3.188757e+00,4.288909e+00,2.380924e+00,5.559688e+00,3.673314e+00,6.018556e+00,1.371904e+01,2.602916e+00,2.081289e+00,7.864246e-01,1.415547e-01,2.474920e+01,1.487958e+01,1.911860e+01,3.687570e+01
2.924491e+00,1.100000e+00,6.675000e+01,1.471804e+00,3.960853e+02,3.314444e+01,3.207967e+00,4.219626e+00,2.342463e+00,5.469877e+00,3.613976e+00,5.921332e+00,1.349742e+01,2.563511e+00,2.052100e+00,7.734111e-01,1.392270e-01,2.460548e+01,1.480019e+01,2.000139e+01,3.644537e+01
2.924491e+00,1.175000e+00,6.675000e+01,1.491764e+00,3.983895e+02,3.329174e+01,3.226715e+00,4.153473e+00,2.305739e+00,5.384123e+00,3.557318e+00,5.828501e+00,1.328582e+01,2.525775e+00,2.024047e+00,7.609987e-01,1.370062e-01,2.446696e+01,1.472350e+01,2.084674e+01,3.603343e+01
2.924491e+00,1.250000e+00,6.675000e+01,1.511509e+00,4.006504e+02,3.343613e+01,3.245031e+00,4.090201e+00,2.270614e+00,5.302103e+00,3.503127e+00,5.739711e+00,1.308343e+01,2.489584e+00,1.997053e+00,7.491387e-01,1.348838e-01,2.433320e+01,1.464931e+01,2.165765e+01,3.563842e+01
2.924491e+00,1.325000e+00,6.675000e+01,1.531051e+00,4.028699e+02,3.357777e+01,3.262938e+00,4.029589e+00,2.236966e+00,5.223533e+00,3.451215e+00,5.654657e+00,1.288955e+01,2.454826e+00,1.971046e+00,7.377885e-01,1.328521e-01,2.420380e+01,1.457740e+01,2.243678e+01,3.525903e+01
2.924491e+00,1.400000e+00,6.675000e+01,1.550401e+00,4.050508e+02,3.371682e+01,3.280465e+00,3.971441e+00,2.204686e+00,5.148156e+00,3.401413e+00,5.573058e+00,1.270355e+01,2.421400e+00,1.945962e+00,7.269092e-01,1.309042e-01,2.407846e+01,1.450763e+01,2.318643e+01,3.489414e+01
2.924491e+00,1.475000e+00,6.675000e+01,1.569484e+00,4.071764e+02,3.385221e+01,3.297456e+00,3.916649e+00,2.174269e+00,5.077129e+00,3.354485e+00,5.496169e+00,1.252828e+01,2.389797e+00,1.922150e+00,7.166705e-01,1.290705e-01,2.395858e+01,1.444071e+01,2.389603e+01,3.454897e+01
2.924491e+00,1.550000e+00,6.675000e+01,1.588566e+00,4.093021e+02,3.398760e+01,3.314446e+00,3.861856e+00,2.143852e+00,5.006101e+00,3.307557e+00,5.419279e+00,1.235302e+01,2.358193e+00,1.898338e+00,7.064318e-01,1.272368e-01,2.383871e+01,1.437380e+01,2.460563e+01,3.420380e+01
2.924491e+00,1.625000e+00,6.675000e+01,1.607399e+00,4.113745e+02,3.411947e+01,3.330927e+00,3.810124e+00,2.115134e+00,4.939042e+00,3.263250e+00,5.346685e+00,1.218754e+01,2.328259e+00,1.875696e+00,6.967765e-01,1.255070e-01,2.372367e+01,1.430942e+01,2.527889e+01,3.387655e+01
2.924491e+00,1.700000e+00,6.675000e+01,1.626149e+00,4.114241e+02,3.412263e+01,3.331322e+00,3.766041e+00,2.090662e+00,4.881897e+00,3.225494e+00,5.284823e+00,1.204653e+01,2.301360e+00,1.854060e+00,6.887103e-01,1.240543e-01,2.345403e+01,1.414690e+01,2.613544e+01,3.348769e+01
2.924491e+00,1.775000e+00,6.675000e+01,1.644900e+00,4.114241e+02,3.412263e+01,3.331322e+00,3.723112e+00,2.066830e+00,4.826248e+00,3.188727e+00,5.224582e+00,1.190921e+01,2.275127e+00,1.832925e+00,6.808598e-01,1.226402e-01,2.318668e+01,1.398564e+01,2.697742e+01,3.310597e+01
2.924491e+00,1.850000e+00,6.675000e+01,1.663650e+00,4.114241e+02,3.412263e+01,3.331322e+00,3.681151e+00,2.043536e+00,4.771855e+00,3.152789e+00,5.165699e+00,1.177499e+01,2.249485e+00,1.812267e+00,6.731862e-01,1.212580e-01,2.292536e+01,1.382801e+01,2.780042e+01,3.273285e+01
2.924491e+00,1.925000e+00,6.675000e+01,1.682400e+00,4.114241e+02,3.412263e+01,3.331322e+00,3.640125e+00,2.020761e+00,4.718673e+00,3.117652e+00,5.108128e+00,1.164376e+01,2.224415e+00,1.792070e+00,6.656836e-01,1.199066e-01,2.266986e+01,1.367390e+01,2.860507e+01,3.236805e+01
2.924491e+00,2.000000e+00,6.675000e+01,1.701150e+00,4.114241e+02,3.412263e+01,3.331322e+00,3.600004e+00,1.998488e+00,4.666664e+00,3.083289e+00,5.051826e+00,1.151542e+01,2.199898e+00,1.772318e+00,6.583465e-01,1.185850e-01,2.241999e+01,1.352319e+01,2.939198e+01,3.201129e+01
3.132601e+00,5.000000e-01,7.150000e+01,1.289721e+00,3.951069e+02,3.395485e+01,3.034998e+00,4.867817e+00,2.730701e+00,6.382791e+00,4.228733e+00,6.381714e+00,1.571282e+01,2.853706e+00,2.329380e+00,8.398269e-01,1.514666e-01,2.617921e+01,1.567198e+01,1.166984e+01,4.082509e+01
3.132601e+00,5.750000e-01,7.150000e+01,1.312094e+00,3.980832e+02,3.414740e+01,3.058727e+00,4.765108e+00,2.673084e+00,6.248117e+00,4.139509e+00,6.247063e+00,1.538129e+01,2.798362e+00,2.288503e+00,8.215539e-01,1.481985e-01,2.597282e+01,1.555974e+01,1.295665e+01,4.019032e+01
3.132601e+00,6.500000e-01,7.150000e+01,1.334081e+00,4.009795e+02,3.433440e+01,3.081644e+00,4.668812e+00,2.619065e+00,6.121852e+00,4.055855e+00,6.120819e+00,1.507045e+01,2.746210e+00,2.249739e+00,8.044531e-01,1.451387e-01,2.577805e+01,1.545353e+01,1.416602e+01,3.959378e+01
3.132601e+00,7.250000e-01,7.150000e+01,1.355715e+00,4.038022e+02,3.451630e+01,3.103822e+00,4.578218e+00,2.568244e+00,6.003062e+00,3.977155e+00,6.002049e+00,1.477802e+01,2.696918e+00,2.212890e+00,7.883918e-01,1.422636e-01,2.559349e+01,1.535261e+01,1.530668e+01,3.903119e+01
3.132601e+00,8.000000e-01,7.150000e+01,1.377024e+00,4.065564e+02,3.469350e+01,3.125322e+00,4.492726e+00,2.520286e+00,5.890963e+00,3.902887e+00,5.889969e+00,1.450206e+01,2.650204e+00,2.177784e+00,7.732585e-01,1.395536e-01,2.541797e+01,1.525640e+01,1.638594e+01,3.849897e+01
3.132601e+00,8.750000e-01,7.150000e+01,1.398030e+00,4.092473e+02,3.486637e+01,3.146201e+00,4.411826e+00,2.474903e+00,5.784886e+00,3.832608e+00,5.783910e+00,1.424093e+01,2.605825e+00,2.144271e+00,7.589586e-01,1.369918e-01,2.525053e+01,1.516440e+01,1.740996e+01,3.799410e+01
3.132601e+00,9.500000e-01,7.150000e+01,1.418624e+00,4.118510e+02,3.503331e+01,3.166237e+00,4.336972e+00,2.432912e+00,5.686736e+00,3.767582e+00,5.685776e+00,1.399931e+01,2.564543e+00,2.112895e+00,7.457529e-01,1.346249e-01,2.509361e+01,1.507789e+01,1.836140e+01,3.752521e+01
3.132601e+00,1.025000e+00,7.150000e+01,1.439219e+00,4.144547e+02,3.520025e+01,3.186274e+00,4.262118e+00,2.390922e+00,5.588585e+00,3.702555e+00,5.587643e+00,1.375769e+01,2.523261e+00,2.081519e+00,7.325472e-01,1.322579e-01,2.493670e+01,1.499138e+01,1.931283e+01,3.705632e+01
3.132601e+00,1.100000e+00,7.150000e+01,1.459437e+00,4.169781e+02,3.536176e+01,3.205545e+00,4.192606e+00,2.351927e+00,5.497439e+00,3.642169e+00,5.496512e+00,1.353331e+01,2.484736e+00,2.052064e+00,7.203059e-01,1.300628e-01,2.478897e+01,1.490967e+01,2.020022e+01,3.661920e+01
3.132601e+00,1.175000e+00,7.150000e+01,1.479425e+00,4.194519e+02,3.551993e+01,3.224349e+00,4.126258e+00,2.314708e+00,5.410442e+00,3.584532e+00,5.409530e+00,1.331914e+01,2.447856e+00,2.023766e+00,7.086346e-01,1.279693e-01,2.464664e+01,1.483080e+01,2.104972e+01,3.620091e+01
3.132601e+00,1.250000e+00,7.150000e+01,1.499196e+00,4.218793e+02,3.567499e+01,3.242720e+00,4.062820e+00,2.279121e+00,5.327261e+00,3.529422e+00,5.326362e+00,1.311437e+01,2.412494e+00,1.996542e+00,6.974866e-01,1.259691e-01,2.450929e+01,1.475453e+01,2.186433e+01,3.579996e+01
3.132601e+00,1.325000e+00,7.150000e+01,1.518763e+00,4.242622e+02,3.582708e+01,3.260679e+00,4.002070e+00,2.245042e+00,5.247604e+00,3.476648e+00,5.246719e+00,1.291828e+01,2.378542e+00,1.970322e+00,6.868212e-01,1.240550e-01,2.437647e+01,1.468065e+01,2.264678e+01,3.541499e+01
3.132601e+00,1.400000e+00,7.150000e+01,1.538138e+00,4.266030e+02,3.597635e+01,3.278252e+00,3.943808e+00,2.212359e+00,5.171210e+00,3.426035e+00,5.170338e+00,1.273021e+01,2.345899e+00,1.945039e+00,6.766020e-01,1.222205e-01,2.424785e+01,1.460897e+01,2.339946e+01,3.504483e+01
3.132601e+00,1.475000e+00,7.150000e+01,1.563792e+00,4.121512e+02,3.506767e+01,3.166682e+00,3.933004e+00,2.206298e+00,5.164099e+00,3.421315e+00,5.156174e+00,1.269534e+01,2.342724e+00,1.941833e+00,6.762742e-01,1.220832e-01,2.276570e+01,1.367922e+01,2.589593e+01,3.406609e+01
3.132601e+00,1.550000e+00,7.150000e+01,1.576347e+00,4.311660e+02,3.626704e+01,3.312321e+00,3.834055e+00,2.150791e+00,5.027299e+00,3.330691e+00,5.026450e+00,1.237594e+01,2.284195e+00,1.897053e+00,6.573752e-01,1.187679e-01,2.400199e+01,1.447159e+01,2.482380e+01,3.434484e+01
3.132601e+00,1.625000e+00,7.150000e+01,1.595200e+00,4.333917e+02,3.640869e+01,3.328854e+00,3.782259e+00,2.121735e+00,4.959384e+00,3.285696e+00,4.958547e+00,1.220875e+01,2.254981e+00,1.874248e+00,6.483125e-01,1.171400e-01,2.388421e+01,1.440562e+01,2.549912e+01,3.401319e+01
3.132601e+00,1.700000e+00,7.150000e+01,1.613952e+00,4.337245e+02,3.642986e+01,3.331322e+00,3.737375e+00,2.096556e+00,4.900531e+00,3.246704e+00,4.899704e+00,1.206387e+01,2.228460e+00,1.852416e+00,6.405926e-01,1.157465e-01,2.363128e+01,1.425381e+01,2.633296e+01,3.362910e+01
3.132601e+00,1.775000e+00,7.150000e+01,1.632702e+00,4.337245e+02,3.642986e+01,3.331322e+00,3.694455e+00,2.072479e+00,4.844253e+00,3.209419e+00,4.843435e+00,1.192533e+01,2.202868e+00,1.831143e+00,6.332360e-01,1.144172e-01,2.335990e+01,1.409012e+01,2.717895e+01,3.324290e+01
3.132601e+00,1.850000e+00,7.150000e+01,1.651452e+00,4.337245e+02,3.642986e+01,3.331322e+00,3.652509e+00,2.048949e+00,4.789252e+00,3.172980e+00,4.788444e+00,1.178993e+01,2.177858e+00,1.810353e+00,6.260464e-01,1.131182e-01,2.309468e+01,1.393014e+01,2.800574e+01,3.286547e+01
3.132601e+00,1.925000e+00,7.150000e+01,1.670203e+00,4.337245e+02,3.642986e+01,3.331322e+00,3.611506e+00,2.025947e+00,4.735487e+00,3.137360e+00,4.734688e+00,1.165757e+01,2.153409e+00,1.790029e+00,6.190183e-01,1.118483e-01,2.283541e+01,1.377376e+01,2.881396e+01,3.249652e+01
3.132601e+00,2.000000e+00,7.150000e+01,1.688953e+00,4.337245e+02,3.642986e+01,3.331322e+00,3.571412e+00,2.003456e+00,4.682916e+00,3.102530e+00,4.682126e+00,1.152816e+01,2.129502e+00,1.770157e+00,6.121462e-01,1.106066e-01,2.258190e+01,1.362085e+01,2.960424e+01,3.213576e+01
3.340711e+00,5.000000e-01,7.625000e+01,1.277592e+00,4.138548e+02,3.606189e+01,3.032045e+00,4.850841e+00,2.746676e+00,6.425766e+00,4.267491e+00,5.888983e+00,1.577385e+01,2.777079e+00,2.333512e+00,7.871380e-01,1.423867e-01,2.639752e+01,1.580121e+01,1.180755e+01,4.106513e+01
3.340711e+00,5.750000e-01,7.625000e+01,1.300013e+00,4.170391e+02,3.626799e+01,3.055878e+00,4.747334e+00,2.688068e+00,6.288654e+00,4.176432e+00,5.763324e+00,1.543727e+01,2.722690e+00,2.292139e+00,7.698130e-01,1.392809e-01,2.618478e+01,1.568538e+01,1.310483e+01,4.041857e+01
3.340711e+00,6.500000e-01,7.625000e+01,1.322092e+00,4.199663e+02,3.646635e+01,3.078699e+00,4.653859e+00,2.634171e+00,6.162353e+00,4.092166e+00,5.647714e+00,1.512545e+01,2.675418e+00,2.253801e+00,7.562409e-01,1.368315e-01,2.598449e+01,1.557582e+01,1.430169e+01,3.981823e+01
3.340711e+00,7.250000e-01,7.625000e+01,1.343948e+00,4.228413e+02,3.665649e+01,3.101199e+00,4.561825e+00,2.581813e+00,6.039807e+00,4.010682e+00,5.530524e+00,1.482332e+01,2.627136e+00,2.216208e+00,7.414242e-01,1.341693e-01,2.579207e+01,1.547058e+01,1.547045e+01,3.923677e+01
3.340711e+00,8.000000e-01,7.625000e+01,1.365069e+00,4.261019e+02,3.685227e+01,3.122735e+00,4.473149e+00,2.532817e+00,5.925448e+00,3.935219e+00,5.430460e+00,1.454568e+01,2.577224e+00,2.180179e+00,7.240777e-01,1.310743e-01,2.561361e+01,1.537274e+01,1.655832e+01,3.869771e+01
3.340711e+00,8.750000e-01,7.625000e+01,1.386111e+00,4.289791e+02,3.703716e+01,3.143687e+00,4.391797e+00,2.486753e+00,5.817684e+00,3.863651e+00,5.331697e+00,1.428115e+01,2.533687e+00,2.146317e+00,7.105503e-01,1.286449e-01,2.544144e+01,1.527803e+01,1.758860e+01,3.818454e+01
3.340711e+00,9.500000e-01,7.625000e+01,1.406869e+00,4.317925e+02,3.721770e+01,3.164058e+00,4.314658e+00,2.443075e+00,5.715501e+00,3.795789e+00,5.238051e+00,1.403031e+01,2.492250e+00,2.113945e+00,6.977409e-01,1.263436e-01,2.527681e+01,1.518726e+01,1.856827e+01,3.769672e+01
3.340711e+00,1.025000e+00,7.625000e+01,1.427364e+00,4.345459e+02,3.739416e+01,3.183888e+00,4.241350e+00,2.401566e+00,5.618391e+00,3.731296e+00,5.149053e+00,1.379192e+01,2.452733e+00,2.082946e+00,6.855827e-01,1.241585e-01,2.511896e+01,1.510004e+01,1.950200e+01,3.723194e+01
3.340711e+00,1.100000e+00,7.625000e+01,1.447611e+00,4.372434e+02,3.756686e+01,3.203220e+00,4.171533e+00,2.362034e+00,5.525907e+00,3.669875e+00,5.064295e+00,1.356490e+01,2.414977e+00,2.053214e+00,6.740174e-01,1.220793e-01,2.496730e+01,1.501608e+01,2.039379e+01,3.678818e+01
3.340711e+00,1.175000e+00,7.625000e+01,1.467626e+00,4.398875e+02,3.773595e+01,3.222079e+00,4.104920e+00,2.324316e+00,5.437667e+00,3.611273e+00,4.983426e+00,1.334829e+01,2.378843e+00,2.024658e+00,6.629949e-01,1.200970e-01,2.482123e+01,1.493504e+01,2.124724e+01,3.636368e+01
3.340711e+00,1.250000e+00,7.625000e+01,1.487423e+00,4.424818e+02,3.790171e+01,3.240501e+00,4.041250e+00,2.288264e+00,5.353325e+00,3.555260e+00,4.906129e+00,1.314125e+01,2.344207e+00,1.997194e+00,6.524702e-01,1.182038e-01,2.468034e+01,1.485673e+01,2.206538e+01,3.595690e+01
3.340711e+00,1.325000e+00,7.625000e+01,1.507015e+00,4.450283e+02,3.806427e+01,3.258509e+00,3.980297e+00,2.253751e+00,5.272582e+00,3.501637e+00,4.832131e+00,1.294304e+01,2.310960e+00,1.970750e+00,6.424045e-01,1.163925e-01,2.454415e+01,1.478089e+01,2.285102e+01,3.556646e+01
3.340711e+00,1.400000e+00,7.625000e+01,1.526320e+00,4.475081e+02,3.822239e+01,3.275944e+00,3.923024e+00,2.221321e+00,5.196714e+00,3.451251e+00,4.762601e+00,1.275680e+01,2.279604e+00,1.945703e+00,6.329593e-01,1.146923e-01,2.441432e+01,1.470841e+01,2.359259e+01,3.519818e+01
3.340711e+00,1.475000e+00,7.625000e+01,1.545625e+00,4.499880e+02,3.838050e+01,3.293379e+00,3.865751e+00,2.188892e+00,5.120847e+00,3.400866e+00,4.693071e+00,1.257056e+01,2.248249e+00,1.920656e+00,6.235141e-01,1.129921e-01,2.428450e+01,1.463593e+01,2.433416e+01,3.482990e+01
3.340711e+00,1.550000e+00,7.625000e+01,1.564664e+00,4.524053e+02,3.853446e+01,3.310282e+00,3.811815e+00,2.158352e+00,5.049400e+00,3.353416e+00,4.627593e+00,1.239518e+01,2.218618e+00,1.896891e+00,6.146306e-01,1.113924e-01,2.416044e+01,1.456649e+01,2.503579e+01,3.448172e+01
3.340711e+00,1.625000e+00,7.625000e+01,1.583478e+00,4.539155e+02,3.863058e+01,3.320802e+00,3.763007e+00,2.130715e+00,4.984745e+00,3.310477e+00,4.568339e+00,1.223646e+01,2.191230e+00,1.874386e+00,6.066525e-01,1.099525e-01,2.398184e+01,1.446201e+01,2.578018e+01,3.412400e+01
3.340711e+00,1.700000e+00,7.625000e+01,1.602293e+00,4.554257e+02,3.872670e+01,3.331322e+00,3.714199e+00,2.103079e+00,4.920090e+00,3.267539e+00,4.509085e+00,1.207775e+01,2.163843e+00,1.851880e+00,5.986744e-01,1.085125e-01,2.380324e+01,1.435753e+01,2.652458e+01,3.376629e+01
3.340711e+00,1.775000e+00,7.625000e+01,1.621043e+00,4.554257e+02,3.872670e+01,3.331322e+00,3.671238e+00,2.078753e+00,4.863181e+00,3.229744e+00,4.456930e+00,1.193805e+01,2.138814e+00,1.830460e+00,5.917497e-01,1.072574e-01,2.352792e+01,1.419146e+01,2.737445e+01,3.337573e+01
3.340711e+00,1.850000e+00,7.625000e+01,1.639793e+00,4.554257e+02,3.872670e+01,3.331322e+00,3.629734e+00,2.055253e+00,4.808202e+00,3.193231e+00,4.406543e+00,1.180309e+01,2.114635e+00,1.809767e+00,5.850599e-01,1.060448e-01,2.326193e+01,1.403103e+01,2.819549e+01,3.299841e+01
3.340711e+00,1.925000e+00,7.625000e+01,1.658543e+00,4.554257e+02,3.872670e+01,3.331322e+00,3.588230e+00,2.031752e+00,4.753223e+00,3.156719e+00,4.356157e+00,1.166812e+01,2.090455e+00,1.789073e+00,5.783701e-01,1.048323e-01,2.299594e+01,1.387059e+01,2.901653e+01,3.262109e+01
3.340711e+00,2.000000e+00,7.625000e+01,1.677293e+00,4.554257e+02,3.872670e+01,3.331322e+00,3.548118e+00,2.009040e+00,4.700088e+00,3.121430e+00,4.307461e+00,1.153769e+01,2.067086e+00,1.769074e+00,5.719046e-01,1.036604e-01,2.273888e+01,1.371553e+01,2.981004e+01,3.225643e+01
3.548821e+00,5.000000e-01,8.100000e+01,1.265918e+00,4.319698e+02,3.815629e+01,3.029188e+00,4.839454e+00,2.763264e+00,6.469615e+00,4.305810e+00,5.386240e+00,1.583039e+01,2.708956e+00,2.338779e+00,7.408141e-01,1.344093e-01,2.661151e+01,1.592787e+01,1.194288e+01,4.130053e+01
3.548821e+00,5.750000e-01,8.100000e+01,1.288387e+00,4.353631e+02,3.837600e+01,3.053123e+00,4.735058e+00,2.703655e+00,6.330054e+00,4.212926e+00,5.270049e+00,1.548890e+01,2.655393e+00,2.296895e+00,7.243254e-01,1.314464e-01,2.639246e+01,1.580847e+01,1.325037e+01,4.064229e+01
3.548821e+00,6.500000e-01,8.100000e+01,1.310284e+00,4.386217e+02,3.858633e+01,3.075850e+00,4.640245e+00,2.649518e+00,6.203303e+00,4.128568e+00,5.164523e+00,1.517876e+01,2.606373e+00,2.258210e+00,7.093910e-01,1.287607e-01,2.619155e+01,1.569850e+01,1.444229e+01,4.004232e+01
3.548821e+00,7.250000e-01,8.100000e+01,1.332180e+00,4.418803e+02,3.879667e+01,3.098576e+00,4.545432e+00,2.595381e+00,6.076552e+00,4.044210e+00,5.058998e+00,1.486861e+01,2.557354e+00,2.219525e+00,6.944566e-01,1.260750e-01,2.599064e+01,1.558854e+01,1.563422e+01,3.944235e+01
3.548821e+00,8.000000e-01,8.100000e+01,1.353564e+00,4.450176e+02,3.899863e+01,3.120233e+00,4.458827e+00,2.545931e+00,5.960774e+00,3.967155e+00,4.962607e+00,1.458532e+01,2.512265e+00,2.183648e+00,6.808489e-01,1.236261e-01,2.580504e+01,1.548657e+01,1.672739e+01,3.889225e+01
3.548821e+00,8.750000e-01,8.100000e+01,1.374641e+00,4.480821e+02,3.919560e+01,3.141257e+00,4.376949e+00,2.499180e+00,5.851316e+00,3.894305e+00,4.871478e+00,1.431748e+01,2.469462e+00,2.149424e+00,6.680028e-01,1.213133e-01,2.562820e+01,1.538919e+01,1.776370e+01,3.837089e+01
3.548821e+00,9.500000e-01,8.100000e+01,1.395432e+00,4.510781e+02,3.938791e+01,3.161694e+00,4.299345e+00,2.454869e+00,5.747572e+00,3.825259e+00,4.785107e+00,1.406364e+01,2.428738e+00,2.116718e+00,6.558442e-01,1.191233e-01,2.545917e+01,1.529589e+01,1.874873e+01,3.787550e+01
3.548821e+00,1.025000e+00,8.100000e+01,1.415832e+00,4.539800e+02,3.957383e+01,3.181334e+00,4.227393e+00,2.413786e+00,5.651383e+00,3.761241e+00,4.705026e+00,1.382827e+01,2.390785e+00,2.086053e+00,6.445919e-01,1.170955e-01,2.530039e+01,1.520799e+01,1.966600e+01,3.741444e+01
3.548821e+00,1.100000e+00,8.100000e+01,1.436232e+00,4.568820e+02,3.975976e+01,3.200974e+00,4.155441e+00,2.372702e+00,5.555194e+00,3.697223e+00,4.624944e+00,1.359291e+01,2.352831e+00,2.055388e+00,6.333395e-01,1.150677e-01,2.514161e+01,1.512008e+01,2.058327e+01,3.695337e+01
3.548821e+00,1.175000e+00,8.100000e+01,1.456273e+00,4.596971e+02,3.993983e+01,3.219888e+00,4.088501e+00,2.334480e+00,5.465705e+00,3.637665e+00,4.550441e+00,1.337394e+01,2.317351e+00,2.026564e+00,6.228891e-01,1.131834e-01,2.499185e+01,1.503692e+01,2.144051e+01,3.652275e+01
3.548821e+00,1.250000e+00,8.100000e+01,1.476096e+00,4.624586e+02,4.011630e+01,3.238359e+00,4.024540e+00,2.297959e+00,5.380200e+00,3.580757e+00,4.479253e+00,1.316472e+01,2.283352e+00,1.998851e+00,6.129142e-01,1.113843e-01,2.484743e+01,1.495657e+01,2.226207e+01,3.611024e+01
3.548821e+00,1.325000e+00,8.100000e+01,1.495711e+00,4.651693e+02,4.028937e+01,3.256414e+00,3.963327e+00,2.263007e+00,5.298367e+00,3.526294e+00,4.411124e+00,1.296448e+01,2.250725e+00,1.972172e+00,6.033773e-01,1.096637e-01,2.470790e+01,1.487880e+01,2.305076e+01,3.571442e+01
3.548821e+00,1.400000e+00,8.100000e+01,1.515130e+00,4.678317e+02,4.045922e+01,3.274077e+00,3.904656e+00,2.229507e+00,5.219933e+00,3.474092e+00,4.345824e+00,1.277256e+01,2.219371e+00,1.946460e+00,5.942450e-01,1.080155e-01,2.457289e+01,1.480341e+01,2.380903e+01,3.533405e+01
3.548821e+00,1.475000e+00,8.100000e+01,1.534364e+00,4.704482e+02,4.062601e+01,3.291371e+00,3.848343e+00,2.197353e+00,5.144650e+00,3.423988e+00,4.283148e+00,1.258836e+01,2.189205e+00,1.921653e+00,5.854874e-01,1.064347e-01,2.444205e+01,1.473024e+01,2.453910e+01,3.496802e+01
3.548821e+00,1.550000e+00,8.100000e+01,1.553423e+00,4.730208e+02,4.078989e+01,3.308313e+00,3.794222e+00,2.166451e+00,5.072299e+00,3.375836e+00,4.222913e+00,1.241132e+01,2.160146e+00,1.897695e+00,5.770778e-01,1.049162e-01,2.431508e+01,1.465911e+01,2.524293e+01,3.461533e+01
3.548821e+00,1.625000e+00,8.100000e+01,1.572315e+00,4.755516e+02,4.095100e+01,3.324924e+00,3.742147e+00,2.136716e+00,5.002682e+00,3.329502e+00,4.164953e+00,1.224098e+01,2.132124e+00,1.874535e+00,5.689924e-01,1.034559e-01,2.419172e+01,1.458989e+01,2.592230e+01,3.427508e+01
3.548821e+00,1.700000e+00,8.100000e+01,1.591077e+00,4.765286e+02,4.101317e+01,3.331322e+00,3.695601e+00,2.110139e+00,4.940458e+00,3.288090e+00,4.113149e+00,1.208872e+01,2.106211e+00,1.852297e+00,5.618537e-01,1.021616e-01,2.397103e+01,1.445874e+01,2.671155e+01,3.390015e+01
3.548821e+00,1.775000e+00,8.100000e+01,1.609827e+00,4.765286e+02,4.101317e+01,3.331322e+00,3.652558e+00,2.085562e+00,4.882915e+00,3.249792e+00,4.065242e+00,1.194792e+01,2.081679e+00,1.830723e+00,5.553096e-01,1.009717e-01,2.369183e+01,1.429033e+01,2.756516e+01,3.350530e+01
3.548821e+00,1.850000e+00,8.100000e+01,1.628577e+00,4.765286e+02,4.101317e+01,3.331322e+00,3.610505e+00,2.061551e+00,4.826697e+00,3.212377e+00,4.018438e+00,1.181036e+01,2.057712e+00,1.809646e+00,5.489163e-01,9.980915e-02,2.341907e+01,1.412581e+01,2.839911e+01,3.311955e+01
3.548821e+00,1.925000e+00,8.100000e+01,1.647327e+00,4.765286e+02,4.101317e+01,3.331322e+00,3.569410e+00,2.038086e+00,4.771759e+00,3.175813e+00,3.972700e+00,1.167594e+01,2.034291e+00,1.789048e+00,5.426684e-01,9.867312e-02,2.315251e+01,1.396503e+01,2.921408e+01,3.274258e+01
3.548821e+00,2.000000e+00,8.100000e+01,1.666077e+00,4.765286e+02,4.101317e+01,3.331322e+00,3.529240e+00,2.015149e+00,4.718058e+00,3.140073e+00,3.927991e+00,1.154454e+01,2.011397e+00,1.768914e+00,5.365612e-01,9.756265e-02,2.289195e+01,1.380786e+01,3.001071e+01,3.237410e+01
3.756930e+00,5.000000e-01,8.575000e+01,1.254625e+00,4.494524e+02,4.023805e+01,3.026411e+00,4.832835e+00,2.780413e+00,6.514309e+00,4.343837e+00,4.873743e+00,1.588318e+01,2.648103e+00,2.345052e+00,6.997958e-01,1.273510e-01,2.682227e+01,1.605261e+01,1.207650e+01,4.153245e+01
3.756930e+00,5.750000e-01,8.575000e+01,1.277141e+00,4.530558e+02,4.047145e+01,3.050446e+00,4.727466e+00,2.719793e+00,6.372281e+00,4.249130e+00,4.767483e+00,1.553689e+01,2.595253e+00,2.302639e+00,6.840493e-01,1.245147e-01,2.659691e+01,1.592963e+01,1.339397e+01,4.086259e+01
3.756930e+00,6.500000e-01,8.575000e+01,1.299261e+00,4.565607e+02,4.069797e+01,3.073640e+00,4.628857e+00,2.663061e+00,6.239362e+00,4.160498e+00,4.668038e+00,1.521281e+01,2.545524e+00,2.262476e+00,6.693410e-01,1.218639e-01,2.638465e+01,1.581348e+01,1.463004e+01,4.023418e+01
3.756930e+00,7.250000e-01,8.575000e+01,1.321016e+00,4.599746e+02,4.091818e+01,3.096070e+00,4.536239e+00,2.609777e+00,6.114520e+00,4.077252e+00,4.574637e+00,1.490842e+01,2.498586e+00,2.224346e+00,6.555507e-01,1.193772e-01,2.618388e+01,1.570332e+01,1.579410e+01,3.964249e+01
3.756930e+00,8.000000e-01,8.575000e+01,1.342437e+00,4.633050e+02,4.113264e+01,3.117805e+00,4.448967e+00,2.559568e+00,5.996884e+00,3.998810e+00,4.486626e+00,1.462160e+01,2.454154e+00,2.188062e+00,6.425773e-01,1.170366e-01,2.599330e+01,1.559851e+01,1.689390e+01,3.908359e+01
3.756930e+00,8.750000e-01,8.575000e+01,1.363547e+00,4.665571e+02,4.134172e+01,3.138897e+00,4.366500e+00,2.512123e+00,5.885724e+00,3.924687e+00,4.403461e+00,1.435057e+01,2.411992e+00,2.153464e+00,6.303364e-01,1.148271e-01,2.581177e+01,1.549844e+01,1.793611e+01,3.855411e+01
3.756930e+00,9.500000e-01,8.575000e+01,1.384370e+00,4.697364e+02,4.154584e+01,3.159398e+00,4.288370e+00,2.467173e+00,5.780410e+00,3.854462e+00,4.324669e+00,1.409379e+01,2.371892e+00,2.120411e+00,6.187555e-01,1.127359e-01,2.563835e+01,1.540263e+01,1.892635e+01,3.805121e+01
3.756930e+00,1.025000e+00,8.575000e+01,1.404923e+00,4.728475e+02,4.174532e+01,3.179351e+00,4.214176e+00,2.424488e+00,5.680403e+00,3.787776e+00,4.249848e+00,1.384995e+01,2.333674e+00,2.088780e+00,6.077722e-01,1.107518e-01,2.547225e+01,1.531067e+01,1.986946e+01,3.757242e+01
3.756930e+00,1.100000e+00,8.575000e+01,1.425226e+00,4.758945e+02,4.194047e+01,3.198794e+00,4.143571e+00,2.383868e+00,5.585232e+00,3.724315e+00,4.178645e+00,1.361791e+01,2.297182e+00,2.058461e+00,5.973328e-01,1.088652e-01,2.531278e+01,1.522221e+01,2.076964e+01,3.711562e+01
3.756930e+00,1.175000e+00,8.575000e+01,1.445294e+00,4.788811e+02,4.213154e+01,3.217760e+00,4.076250e+00,2.345137e+00,5.494489e+00,3.663806e+00,4.110754e+00,1.339666e+01,2.262277e+00,2.029358e+00,5.873902e-01,1.070678e-01,2.515935e+01,1.513692e+01,2.163054e+01,3.667895e+01
3.756930e+00,1.250000e+00,8.575000e+01,1.465140e+00,4.818105e+02,4.231878e+01,3.236280e+00,4.011947e+00,2.308142e+00,5.407812e+00,3.606009e+00,4.045907e+00,1.318532e+01,2.228837e+00,2.001384e+00,5.779034e-01,1.053521e-01,2.501144e+01,1.505455e+01,2.245539e+01,3.626076e+01
3.756930e+00,1.325000e+00,8.575000e+01,1.484778e+00,4.846859e+02,4.250239e+01,3.254381e+00,3.950424e+00,2.272747e+00,5.324884e+00,3.550711e+00,3.983863e+00,1.298313e+01,2.196755e+00,1.974462e+00,5.688359e-01,1.037118e-01,2.486860e+01,1.497487e+01,2.324701e+01,3.585963e+01
3.756930e+00,1.400000e+00,8.575000e+01,1.504220e+00,4.875099e+02,4.268258e+01,3.272088e+00,3.891473e+00,2.238832e+00,5.245423e+00,3.497725e+00,3.924413e+00,1.278938e+01,2.165933e+00,1.948522e+00,5.601556e-01,1.021411e-01,2.473043e+01,1.489765e+01,2.400792e+01,3.547426e+01
3.756930e+00,1.475000e+00,8.575000e+01,1.523474e+00,4.902849e+02,4.285950e+01,3.289422e+00,3.834907e+00,2.206288e+00,5.169175e+00,3.446882e+00,3.867368e+00,1.260348e+01,2.136284e+00,1.923501e+00,5.518338e-01,1.006348e-01,2.459658e+01,1.482273e+01,2.474034e+01,3.510351e+01
3.756930e+00,1.550000e+00,8.575000e+01,1.542553e+00,4.930131e+02,4.303331e+01,3.306402e+00,3.780558e+00,2.175020e+00,5.095917e+00,3.398032e+00,3.812559e+00,1.242486e+01,2.107731e+00,1.899341e+00,5.438451e-01,9.918838e-02,2.446671e+01,1.474992e+01,2.544632e+01,3.474636e+01
3.756930e+00,1.625000e+00,8.575000e+01,1.561619e+00,4.953862e+02,4.319823e+01,3.323074e+00,3.729933e+00,2.145147e+00,5.025766e+00,3.350961e+00,3.757131e+00,1.225193e+01,2.082777e+00,1.876357e+00,5.379600e-01,9.810846e-02,2.433944e+01,1.467841e+01,2.612608e+01,3.440091e+01
3.756930e+00,1.700000e+00,8.575000e+01,1.580390e+00,4.967356e+02,4.328410e+01,3.331321e+00,3.682520e+00,2.117875e+00,4.961870e+00,3.308356e+00,3.709481e+00,1.209618e+01,2.057089e+00,1.853905e+00,5.310548e-01,9.685378e-02,2.413423e+01,1.455718e+01,2.689341e+01,3.403035e+01
3.756930e+00,1.775000e+00,8.575000e+01,1.598983e+00,4.970340e+02,4.328928e+01,3.331322e+00,3.637708e+00,2.092836e+00,4.903365e+00,3.269636e+00,3.668500e+00,1.195538e+01,2.030439e+00,1.831806e+00,5.230668e-01,9.541302e-02,2.385250e+01,1.438725e+01,2.775210e+01,3.363232e+01
3.756930e+00,1.850000e+00,8.575000e+01,1.617733e+00,4.970340e+02,4.328928e+01,3.331322e+00,3.595545e+00,2.068579e+00,4.846534e+00,3.231740e+00,3.625981e+00,1.181681e+01,2.006905e+00,1.810575e+00,5.170043e-01,9.430715e-02,2.357605e+01,1.422049e+01,2.858948e+01,3.324251e+01
3.756930e+00,1.925000e+00,8.575000e+01,1.636483e+00,4.970341e+02,4.328928e+01,3.331322e+00,3.554349e+00,2.044879e+00,4.791004e+00,3.194712e+00,3.584436e+00,1.168142e+01,1.983911e+00,1.789830e+00,5.110807e-01,9.322662e-02,2.330592e+01,1.405756e+01,2.940766e+01,3.286163e+01
3.756930e+00,2.000000e+00,8.575000e+01,1.655234e+00,4.970341e+02,4.328928e+01,3.331322e+00,3.514086e+00,2.021715e+00,4.736733e+00,3.158523e+00,3.543832e+00,1.154910e+01,1.961438e+00,1.769556e+00,5.052913e-01,9.217057e-02,2.304192e+01,1.389832e+01,3.020732e+01,3.248938e+01
3.965040e+00,5.000000e-01,9.050000e+01,1.243652e+00,4.663032e+02,4.230718e+01,3.023700e+00,4.830330e+00,2.798085e+00,6.559830e+00,4.381691e+00,4.351663e+00,1.593283e+01,2.593521e+00,2.352227e+00,6.632443e-01,1.210666e-01,2.703065e+01,1.617593e+01,1.220893e+01,4.176183e+01
3.965040e+00,5.750000e-01,9.050000e+01,1.266215e+00,4.701178e+02,4.255435e+01,3.047832e+00,4.723913e+00,2.736440e+00,6.415310e+00,4.285157e+00,4.255791e+00,1.558182e+01,2.541285e+00,2.309268e+00,6.481601e-01,1.183430e-01,2.679896e+01,1.604936e+01,1.353620e+01,4.108038e+01
3.965040e+00,6.500000e-01,9.050000e+01,1.288377e+00,4.738274e+02,4.279418e+01,3.071116e+00,4.624380e+00,2.678783e+00,6.280139e+00,4.194869e+00,4.166122e+00,1.525351e+01,2.492156e+00,2.268607e+00,6.340791e-01,1.157991e-01,2.658088e+01,1.592990e+01,1.478078e+01,4.044146e+01
3.965040e+00,7.250000e-01,9.050000e+01,1.310171e+00,4.774404e+02,4.302730e+01,3.093627e+00,4.530944e+00,2.624658e+00,6.153249e+00,4.110112e+00,4.081945e+00,1.494531e+01,2.445803e+00,2.230020e+00,6.208841e-01,1.134138e-01,2.637473e+01,1.581668e+01,1.595225e+01,3.984019e+01
3.965040e+00,8.000000e-01,9.050000e+01,1.331627e+00,4.809641e+02,4.325426e+01,3.115435e+00,4.442946e+00,2.573684e+00,6.033743e+00,4.030287e+00,4.002668e+00,1.465505e+01,2.401945e+00,2.193317e+00,6.084775e-01,1.111698e-01,2.617913e+01,1.570900e+01,1.705859e+01,3.927250e+01
3.965040e+00,8.750000e-01,9.050000e+01,1.352771e+00,4.844048e+02,4.347552e+01,3.136596e+00,4.359829e+00,2.525536e+00,5.920866e+00,3.954890e+00,3.927787e+00,1.438089e+01,2.360342e+00,2.158332e+00,5.967767e-01,1.090525e-01,2.599292e+01,1.560625e+01,1.810654e+01,3.873494e+01
3.965040e+00,9.500000e-01,9.050000e+01,1.373624e+00,4.877681e+02,4.369150e+01,3.157160e+00,4.281116e+00,2.479939e+00,5.813970e+00,3.883487e+00,3.856874e+00,1.412125e+01,2.320786e+00,2.124920e+00,5.857115e-01,1.070492e-01,2.581512e+01,1.550793e+01,1.910185e+01,3.822457e+01
3.965040e+00,1.025000e+00,9.050000e+01,1.394207e+00,4.910589e+02,4.390256e+01,3.177171e+00,4.206398e+00,2.436657e+00,5.712499e+00,3.815709e+00,3.789560e+00,1.387479e+01,2.283099e+00,2.092956e+00,5.752215e-01,1.051493e-01,2.564490e+01,1.541360e+01,2.004946e+01,3.773886e+01
3.965040e+00,1.100000e+00,9.050000e+01,1.414537e+00,4.942817e+02,4.410900e+01,3.196669e+00,4.135319e+00,2.395483e+00,5.615970e+00,3.751232e+00,3.725525e+00,1.364034e+01,2.247125e+00,2.062328e+00,5.652547e-01,1.033434e-01,2.548155e+01,1.532289e+01,2.095364e+01,3.727562e+01
3.965040e+00,1.175000e+00,9.050000e+01,1.434630e+00,4.974400e+02,4.431109e+01,3.215684e+00,4.067570e+00,2.356238e+00,5.523964e+00,3.689776e+00,3.664490e+00,1.341687e+01,2.212725e+00,2.032936e+00,5.557658e-01,1.016234e-01,2.532443e+01,1.523548e+01,2.181814e+01,3.683292e+01
3.965040e+00,1.250000e+00,9.050000e+01,1.454500e+00,5.005382e+02,4.450915e+01,3.234254e+00,4.002877e+00,2.318763e+00,5.436107e+00,3.631091e+00,3.606207e+00,1.320348e+01,2.179778e+00,2.004692e+00,5.467145e-01,9.998213e-02,2.517306e+01,1.515111e+01,2.264614e+01,3.640912e+01
3.965040e+00,1.325000e+00,9.050000e+01,1.474160e+00,5.035787e+02,4.470334e+01,3.252400e+00,3.941000e+00,2.282919e+00,5.352076e+00,3.574962e+00,3.550463e+00,1.299938e+01,2.148176e+00,1.977517e+00,5.380661e-01,9.841341e-02,2.502691e+01,1.506951e+01,2.344061e+01,3.600270e+01
3.965040e+00,1.400000e+00,9.050000e+01,1.493623e+00,5.065644e+02,4.489387e+01,3.270147e+00,3.881728e+00,2.248584e+00,5.271581e+00,3.521194e+00,3.497064e+00,1.280387e+01,2.117823e+00,1.951340e+00,5.297895e-01,9.691166e-02,2.488557e+01,1.499046e+01,2.420408e+01,3.561236e+01
3.965040e+00,1.475000e+00,9.050000e+01,1.512898e+00,5.094989e+02,4.508099e+01,3.287523e+00,3.824866e+00,2.215646e+00,5.194360e+00,3.469614e+00,3.445837e+00,1.261631e+01,2.088631e+00,1.926096e+00,5.218568e-01,9.547185e-02,2.474875e+01,1.491381e+01,2.493875e+01,3.523695e+01
3.965040e+00,1.550000e+00,9.050000e+01,1.531995e+00,5.123832e+02,4.526477e+01,3.304541e+00,3.770249e+00,2.184007e+00,5.120186e+00,3.420069e+00,3.396632e+00,1.243616e+01,2.060524e+00,1.901727e+00,5.142436e-01,9.408964e-02,2.461602e+01,1.483933e+01,2.564676e+01,3.487539e+01
3.965040e+00,1.625000e+00,9.050000e+01,1.550924e+00,5.152207e+02,4.544545e+01,3.321224e+00,3.717719e+00,2.153579e+00,5.048849e+00,3.372419e+00,3.349308e+00,1.226289e+01,2.033430e+00,1.878180e+00,5.069275e-01,9.276099e-02,2.448717e+01,1.476692e+01,2.632985e+01,3.452675e+01
3.965040e+00,1.700000e+00,9.050000e+01,1.569703e+00,5.169426e+02,4.555504e+01,3.331321e+00,3.669439e+00,2.125611e+00,4.983282e+00,3.328623e+00,3.305812e+00,1.210364e+01,2.007967e+00,1.855512e+00,5.002559e-01,9.154601e-02,2.429743e+01,1.465561e+01,2.707527e+01,3.416054e+01
3.965040e+00,1.775000e+00,9.050000e+01,1.588453e+00,5.169426e+02,4.555504e+01,3.331322e+00,3.626125e+00,2.100520e+00,4.924460e+00,3.289332e+00,3.266790e+00,1.196077e+01,1.984265e+00,1.833610e+00,4.943509e-01,9.046540e-02,2.401062e+01,1.448262e+01,2.793607e+01,3.375731e+01
3.965040e+00,1.850000e+00,9.050000e+01,1.607203e+00,5.169426e+02,4.555504e+01,3.331322e+00,3.583822e+00,2.076015e+00,4.867010e+00,3.250958e+00,3.228679e+00,1.182123e+01,1.961116e+00,1.812219e+00,4.885837e-01,8.941001e-02,2.373051e+01,1.431366e+01,2.877679e+01,3.336349e+01
3.965040e+00,1.925000e+00,9.050000e+01,1.625953e+00,5.169426e+02,4.555504e+01,3.331322e+00,3.542494e+00,2.052075e+00,4.810885e+00,3.213469e+00,3.191447e+00,1.168491e+01,1.938501e+00,1.791321e+00,4.829494e-01,8.837895e-02,2.345686e+01,1.414860e+01,2.959811e+01,3.297875e+01
3.965040e+00,2.000000e+00,9.050000e+01,1.644704e+00,5.169426e+02,4.555504e+01,3.331322e+00,3.502109e+00,2.028681e+00,4.756039e+00,3.176834e+00,3.155064e+00,1.155170e+01,1.916402e+00,1.770899e+00,4.774437e-01,8.737141e-02,2.318944e+01,1.398730e+01,3.040071e+01,3.260279e+01
4.173150e+00,5.000000e-01,9.525000e+01,1.232954e+00,4.825226e+02,4.436368e+01,3.021044e+00,4.831415e+00,2.816248e+00,6.606164e+00,4.419470e+00,3.820103e+00,1.597983e+01,2.544393e+00,2.360218e+00,6.304880e-01,1.154398e-01,2.723737e+01,1.629826e+01,1.234061e+01,4.198946e+01
4.173150e+00,5.750000e-01,9.525000e+01,1.255562e+00,4.865495e+02,4.462469e+01,3.045273e+00,4.723878e+00,2.753564e+00,6.459124e+00,4.321101e+00,3.735076e+00,1.562415e+01,2.492681e+00,2.316697e+00,6.159975e-01,1.128171e-01,2.699931e+01,1.616807e+01,1.367754e+01,4.129640e+01
4.173150e+00,6.500000e-01,9.525000e+01,1.277765e+00,4.904648e+02,4.487790e+01,3.068644e+00,4.623355e+00,2.694970e+00,6.321676e+00,4.229150e+00,3.655595e+00,1.529167e+01,2.444069e+00,2.275522e+00,6.024790e-01,1.103687e-01,2.677537e+01,1.604528e+01,1.493049e+01,4.064697e+01
4.173150e+00,7.250000e-01,9.525000e+01,1.299597e+00,4.942775e+02,4.512398e+01,3.091235e+00,4.529041e+00,2.639993e+00,6.192717e+00,4.142877e+00,3.581022e+00,1.497973e+01,2.398223e+00,2.236464e+00,5.898182e-01,1.080743e-01,2.656381e+01,1.592898e+01,1.610925e+01,4.003612e+01
4.173150e+00,8.000000e-01,9.525000e+01,1.321089e+00,4.979956e+02,4.536352e+01,3.113116e+00,4.440258e+00,2.588242e+00,6.071321e+00,4.061664e+00,3.510823e+00,1.468608e+01,2.354861e+00,2.199327e+00,5.779198e-01,1.059168e-01,2.636318e+01,1.581842e+01,1.722198e+01,3.945966e+01
4.173150e+00,8.750000e-01,9.525000e+01,1.342265e+00,5.016256e+02,4.559701e+01,3.134344e+00,4.356437e+00,2.539382e+00,5.956709e+00,3.984990e+00,3.444548e+00,1.440885e+01,2.313744e+00,2.163942e+00,5.667035e-01,1.038819e-01,2.617228e+01,1.571299e+01,1.827556e+01,3.891403e+01
4.173150e+00,9.500000e-01,9.525000e+01,1.363148e+00,5.051736e+02,4.582490e+01,3.154970e+00,4.277090e+00,2.493130e+00,5.848216e+00,3.912408e+00,3.381810e+00,1.414641e+01,2.274663e+00,2.130161e+00,5.561011e-01,1.019574e-01,2.599009e+01,1.561214e+01,1.927583e+01,3.839620e+01
4.173150e+00,1.025000e+00,9.525000e+01,1.383759e+00,5.086448e+02,4.604757e+01,3.175039e+00,4.201799e+00,2.449243e+00,5.745267e+00,3.843537e+00,3.322278e+00,1.389738e+01,2.237441e+00,2.097853e+00,5.460538e-01,1.001329e-01,2.581574e+01,1.551544e+01,2.022784e+01,3.790358e+01
4.173150e+00,1.100000e+00,9.525000e+01,1.404116e+00,5.120439e+02,4.626535e+01,3.194590e+00,4.130200e+00,2.407508e+00,5.647368e+00,3.778043e+00,3.265667e+00,1.366057e+01,2.201921e+00,2.066904e+00,5.365112e-01,9.839926e-02,2.564850e+01,1.542249e+01,2.113592e+01,3.743392e+01
4.173150e+00,1.175000e+00,9.525000e+01,1.424233e+00,5.153751e+02,4.647854e+01,3.213657e+00,4.061978e+00,2.367741e+00,5.554085e+00,3.715637e+00,3.211725e+00,1.343493e+01,2.167964e+00,2.037214e+00,5.274290e-01,9.674861e-02,2.548772e+01,1.533297e+01,2.200386e+01,3.698524e+01
4.173150e+00,1.250000e+00,9.525000e+01,1.444127e+00,5.186418e+02,4.668740e+01,3.232270e+00,3.996855e+00,2.329781e+00,5.465041e+00,3.656067e+00,3.160233e+00,1.321953e+01,2.135451e+00,2.008691e+00,5.187690e-01,9.517408e-02,2.533283e+01,1.524657e+01,2.283501e+01,3.655581e+01
4.173150e+00,1.325000e+00,9.525000e+01,1.463809e+00,5.218480e+02,4.689221e+01,3.250461e+00,3.934585e+00,2.293483e+00,5.379897e+00,3.599107e+00,3.110998e+00,1.301358e+01,2.104272e+00,1.981255e+00,5.104967e-01,9.366950e-02,2.518338e+01,1.516305e+01,2.363223e+01,3.614414e+01
4.173150e+00,1.400000e+00,9.525000e+01,1.483293e+00,5.249968e+02,4.709318e+01,3.268254e+00,3.874950e+00,2.258722e+00,5.298356e+00,3.544557e+00,3.063846e+00,1.281634e+01,2.074332e+00,1.954832e+00,5.025822e-01,9.222950e-02,2.503895e+01,1.508221e+01,2.439811e+01,3.574888e+01
4.173150e+00,1.475000e+00,9.525000e+01,1.502587e+00,5.280905e+02,4.729047e+01,3.285667e+00,3.817759e+00,2.225385e+00,5.220156e+00,3.492241e+00,3.018626e+00,1.262718e+01,2.045545e+00,1.929357e+00,4.949988e-01,9.084931e-02,2.489910e+01,1.500380e+01,2.513500e+01,3.536881e+01
4.173150e+00,1.550000e+00,9.525000e+01,1.521703e+00,5.311319e+02,4.748429e+01,3.302724e+00,3.762836e+00,2.193370e+00,5.145058e+00,3.442002e+00,2.975199e+00,1.244552e+01,2.017833e+00,1.904770e+00,4.877226e-01,8.952461e-02,2.476354e+01,1.492768e+01,2.584495e+01,3.500287e+01
4.173150e+00,1.625000e+00,9.525000e+01,1.540650e+00,5.341234e+02,4.767479e+01,3.319443e+00,3.710027e+00,2.162588e+00,5.072851e+00,3.393696e+00,2.933444e+00,1.227086e+01,1.991126e+00,1.881018e+00,4.807322e-01,8.825156e-02,2.463195e+01,1.485367e+01,2.652979e+01,3.465008e+01
4.173150e+00,1.700000e+00,9.525000e+01,1.559441e+00,5.362548e+02,4.781046e+01,3.331321e+00,3.660853e+00,2.133923e+00,5.005612e+00,3.348714e+00,2.894563e+00,1.210821e+01,1.965838e+00,1.858127e+00,4.742607e-01,8.707046e-02,2.445732e+01,1.475206e+01,2.725345e+01,3.428810e+01
4.173150e+00,1.775000e+00,9.525000e+01,1.578191e+00,5.362548e+02,4.781046e+01,3.331321e+00,3.617359e+00,2.108571e+00,4.946142e+00,3.308929e+00,2.860173e+00,1.196436e+01,1.942483e+00,1.836051e+00,4.686261e-01,8.603600e-02,2.416675e+01,1.457679e+01,2.811773e+01,3.388074e+01
4.173150e+00,1.850000e+00,9.525000e+01,1.596941e+00,5.362548e+02,4.781046e+01,3.331322e+00,3.574887e+00,2.083814e+00,4.888068e+00,3.270078e+00,2.826591e+00,1.182388e+01,1.919675e+00,1.814494e+00,4.631239e-01,8.502583e-02,2.388301e+01,1.440564e+01,2.896171e+01,3.348294e+01
4.173150e+00,1.925000e+00,9.525000e+01,1.615691e+00,5.362548e+02,4.781046e+01,3.331322e+00,3.533400e+00,2.059631e+00,4.831342e+00,3.232128e+00,2.793789e+00,1.168666e+01,1.897398e+00,1.793437e+00,4.577493e-01,8.403911e-02,2.360584e+01,1.423847e+01,2.978611e+01,3.309437e+01
4.173150e+00,2.000000e+00,9.525000e+01,1.634441e+00,5.362549e+02,4.781046e+01,3.331322e+00,3.492865e+00,2.036003e+00,4.775918e+00,3.195050e+00,2.761739e+00,1.155260e+01,1.875631e+00,1.772863e+00,4.524981e-01,8.307502e-02,2.333504e+01,1.407513e+01,3.059159e+01,3.271471e+01
4.381260e+00,5.000000e-01,1.000000e+02,1.222489e+00,4.981111e+02,4.640756e+01,3.018434e+00,4.835664e+00,2.834881e+00,6.653306e+00,4.457257e+00,3.279114e+00,1.602457e+01,2.500042e+00,2.368955e+00,6.009823e-01,1.103763e-01,2.744301e+01,1.641994e+01,1.247190e+01,4.221598e+01
4.381260e+00,5.750000e-01,1.000000e+02,1.245142e+00,5.023512e+02,4.668248e+01,3.042760e+00,4.726939e+00,2.771141e+00,6.503712e+00,4.357039e+00,3.205387e+00,1.566428e+01,2.448775e+00,2.324853e+00,5.870265e-01,1.078443e-01,2.719852e+01,1.628611e+01,1.381837e+01,4.151127e+01
4.381260e+00,6.500000e-01,1.000000e+02,1.267386e+00,5.064732e+02,4.694914e+01,3.066217e+00,4.625365e+00,2.711594e+00,6.363959e+00,4.263414e+00,3.136508e+00,1.532768e+01,2.400604e+00,2.283149e+00,5.740146e-01,1.054818e-01,2.696868e+01,1.615996e+01,1.507958e+01,4.085128e+01
4.381260e+00,7.250000e-01,1.000000e+02,1.289257e+00,5.104863e+02,4.720822e+01,3.088885e+00,4.530115e+00,2.655755e+00,6.232907e+00,4.175618e+00,3.071919e+00,1.501204e+01,2.355195e+00,2.243606e+00,5.618352e-01,1.032690e-01,2.675165e+01,1.604054e+01,1.626555e+01,4.023082e+01
4.381260e+00,8.000000e-01,1.000000e+02,1.310783e+00,5.143998e+02,4.746042e+01,3.110840e+00,4.440493e+00,2.603214e+00,6.109597e+00,4.093009e+00,3.011145e+00,1.471504e+01,2.312261e+00,2.206023e+00,5.503945e-01,1.011892e-01,2.654598e+01,1.592710e+01,1.738455e+01,3.964558e+01
4.381260e+00,8.750000e-01,1.000000e+02,1.331991e+00,5.182200e+02,4.770620e+01,3.132134e+00,4.355918e+00,2.553632e+00,5.993231e+00,4.015052e+00,2.953793e+00,1.443478e+01,2.271565e+00,2.170226e+00,5.396149e-01,9.922850e-02,2.635036e+01,1.581896e+01,1.844364e+01,3.909187e+01
4.381260e+00,9.500000e-01,1.000000e+02,1.352904e+00,5.219530e+02,4.794602e+01,3.152819e+00,4.275891e+00,2.506717e+00,5.883123e+00,3.941287e+00,2.899526e+00,1.416958e+01,2.232899e+00,2.136062e+00,5.294297e-01,9.737493e-02,2.616374e+01,1.571557e+01,1.944881e+01,3.856659e+01
4.381260e+00,1.025000e+00,1.000000e+02,1.373543e+00,5.256057e+02,4.818037e+01,3.172947e+00,4.199980e+00,2.462215e+00,5.778680e+00,3.871317e+00,2.848051e+00,1.391803e+01,2.196082e+00,2.103400e+00,5.197813e-01,9.561821e-02,2.598527e+01,1.561649e+01,2.040509e+01,3.806707e+01
4.381260e+00,1.100000e+00,1.000000e+02,1.393926e+00,5.291818e+02,4.840953e+01,3.192551e+00,4.127820e+00,2.419911e+00,5.679395e+00,3.804804e+00,2.799118e+00,1.367890e+01,2.160959e+00,2.072121e+00,5.106210e-01,9.394959e-02,2.581412e+01,1.552130e+01,2.131699e+01,3.759098e+01
4.381260e+00,1.175000e+00,1.000000e+02,1.413955e+00,5.326522e+02,4.863156e+01,3.211440e+00,4.060656e+00,2.380537e+00,5.586986e+00,3.742896e+00,2.753573e+00,1.345633e+01,2.128109e+00,2.042716e+00,5.021096e-01,9.239819e-02,2.565271e+01,1.543127e+01,2.216972e+01,3.714614e+01
4.381260e+00,1.250000e+00,1.000000e+02,1.433984e+00,5.361227e+02,4.885360e+01,3.230329e+00,3.993492e+00,2.341162e+00,5.494576e+00,3.680988e+00,2.708029e+00,1.323376e+01,2.095259e+00,2.013311e+00,4.935982e-01,9.084679e-02,2.549130e+01,1.534123e+01,2.302245e+01,3.670130e+01
4.381260e+00,1.325000e+00,1.000000e+02,1.453689e+00,5.394951e+02,4.906905e+01,3.248563e+00,3.930792e+00,2.304405e+00,5.408308e+00,3.623194e+00,2.665511e+00,1.302598e+01,2.064453e+00,1.985604e+00,4.856651e-01,8.939996e-02,2.533854e+01,1.525580e+01,2.382235e+01,3.628439e+01
4.381260e+00,1.400000e+00,1.000000e+02,1.473192e+00,5.428066e+02,4.928044e+01,3.266395e+00,3.870762e+00,2.269213e+00,5.325715e+00,3.567862e+00,2.624805e+00,1.282705e+01,2.034879e+00,1.958928e+00,4.780773e-01,8.801560e-02,2.519093e+01,1.517312e+01,2.459064e+01,3.588419e+01
4.381260e+00,1.475000e+00,1.000000e+02,1.492506e+00,5.460603e+02,4.948796e+01,3.283847e+00,3.813207e+00,2.235471e+00,5.246525e+00,3.514810e+00,2.585776e+00,1.263632e+01,2.006449e+00,1.933214e+00,4.708089e-01,8.668906e-02,2.504809e+01,1.509297e+01,2.532967e+01,3.549948e+01
4.381260e+00,1.550000e+00,1.000000e+02,1.511556e+00,5.492325e+02,4.969007e+01,3.300771e+00,3.759018e+00,2.203703e+00,5.171967e+00,3.464862e+00,2.549029e+00,1.245675e+01,1.979585e+00,1.908826e+00,4.639744e-01,8.544112e-02,2.491171e+01,1.501628e+01,2.602885e+01,3.513586e+01
4.381260e+00,1.625000e+00,1.000000e+02,1.530605e+00,5.524047e+02,4.989218e+01,3.317694e+00,3.704829e+00,2.171935e+00,5.097409e+00,3.414913e+00,2.512283e+00,1.227718e+01,1.952721e+00,1.884438e+00,4.571399e-01,8.419317e-02,2.477534e+01,1.493958e+01,2.672804e+01,3.477224e+01
4.381260e+00,1.700000e+00,1.000000e+02,1.549409e+00,5.549712e+02,5.005555e+01,3.331321e+00,3.654739e+00,2.142570e+00,5.028492e+00,3.368743e+00,2.478317e+00,1.211119e+01,1.927581e+00,1.861318e+00,4.508497e-01,8.304268e-02,2.461568e+01,1.484757e+01,2.742991e+01,3.441444e+01
4.381260e+00,1.775000e+00,1.000000e+02,1.568159e+00,5.549713e+02,5.005555e+01,3.331321e+00,3.611040e+00,2.116952e+00,4.968368e+00,3.328464e+00,2.448684e+00,1.196638e+01,1.904533e+00,1.839063e+00,4.454590e-01,8.204976e-02,2.432136e+01,1.467005e+01,2.829761e+01,3.400295e+01
4.381260e+00,1.850000e+00,1.000000e+02,1.586909e+00,5.549713e+02,5.005555e+01,3.331322e+00,3.568374e+00,2.091939e+00,4.909664e+00,3.289137e+00,2.419752e+00,1.182499e+01,1.882030e+00,1.817333e+00,4.401957e-01,8.108030e-02,2.403399e+01,1.449671e+01,2.914480e+01,3.360119e+01
4.381260e+00,1.925000e+00,1.000000e+02,1.605659e+00,5.549713e+02,5.005555e+01,3.331322e+00,3.526705e+00,2.067511e+00,4.852331e+00,3.250728e+00,2.391495e+00,1.168690e+01,1.860053e+00,1.796112e+00,4.350553e-01,8.013349e-02,2.375333e+01,1.432743e+01,2.997221e+01,3.320882e+01
4.381260e+00,2.000000e+00,1.000000e+02,1.624409e+00,5.549713e+02,5.005555e+01,3.331322e+00,3.485997e+00,2.043646e+00,4.796322e+00,3.213206e+00,2.363891e+00,1.155201e+01,1.838583e+00,1.775380e+00,4.300336e-01,7.920853e-02,2.347916e+01,1.416205e+01,3.078052e+01,3.282550e+01
