# system_capacity,effluent_toc_limit,flowrate_MGD,LCOW,Total CAPEX (MGD),Total OPEX (MGD/year),SEC,Ozone_CAPEX_frac,Ozone_OPEX_frac,BAF_CAPEX_frac,BAF_OPEX_frac,UF_CAPEX_frac,UF_OPEX_frac,GAC_CAPEX_frac,GAC_OPEX_frac,UV_AOP_CAPEX_frac,UV_AOP_OPEX_frac,Cl_CAPEX_frac,Cl_OPEX_frac,Total_Opex_frac
2.190630e-01,5.000000e-01,5.000000e+00,2.603481e+00,5.906387e+01,8.719517e+00,2.271545e+00,9.661375e+00,2.378864e+00,4.656827e+00,2.220157e+00,6.960140e+00,7.015189e+00,3.832739e+00,4.410517e+01,8.596857e+00,2.737296e+00,6.675119e+00,1.160267e+00,5.961694e+01
2.190630e-01,5.750000e-01,5.000000e+00,2.494294e+00,5.849761e+01,8.162751e+00,2.269566e+00,9.680187e+00,2.405900e+00,4.860678e+00,2.317343e+00,7.264818e+00,7.322276e+00,4.000516e+00,4.213960e+01,8.973181e+00,2.857120e+00,6.967319e+00,1.211057e+00,5.825330e+01
2.190630e-01,6.500000e-01,5.000000e+00,2.408570e+00,5.797120e+01,7.733811e+00,2.267542e+00,9.635669e+00,2.416627e+00,5.033675e+00,2.399820e+00,7.523381e+00,7.582884e+00,4.142899e+00,4.054423e+01,9.292547e+00,2.958808e+00,7.215294e+00,1.254160e+00,5.715654e+01
2.190630e-01,7.250000e-01,5.000000e+00,2.339195e+00,5.748326e+01,7.392868e+00,2.265506e+00,9.550139e+00,2.416212e+00,5.182961e+00,2.470993e+00,7.746507e+00,7.807775e+00,4.265767e+00,3.922430e+01,9.568142e+00,3.046560e+00,7.429283e+00,1.291356e+00,5.625720e+01
2.190630e-01,8.000000e-01,5.000000e+00,2.281637e+00,5.703213e+01,7.114635e+00,2.263488e+00,9.439099e+00,2.408302e+00,5.313708e+00,2.533327e+00,7.941922e+00,8.004736e+00,4.373376e+00,3.811198e+01,9.809510e+00,3.123413e+00,7.616695e+00,1.323932e+00,5.550569e+01
2.190630e-01,8.750000e-01,5.000000e+00,2.232870e+00,5.661597e+01,6.882284e+00,2.261509e+00,9.313488e+00,2.395524e+00,5.429763e+00,2.588657e+00,8.115380e+00,8.179566e+00,4.468894e+00,3.715744e+01,1.002376e+01,3.191631e+00,7.783049e+00,1.352847e+00,5.486567e+01
2.190630e-01,9.500000e-01,5.000000e+00,2.190784e+00,5.623288e+01,6.684166e+00,2.259587e+00,9.181134e+00,2.379800e+00,5.534069e+00,2.638385e+00,8.271277e+00,8.336695e+00,4.554742e+00,3.632324e+01,1.021631e+01,3.252942e+00,7.932562e+00,1.378836e+00,5.430990e+01
2.190630e-01,1.025000e+00,5.000000e+00,2.153868e+00,5.588097e+01,6.511966e+00,2.257736e+00,9.047661e+00,2.362550e+00,5.628921e+00,2.683606e+00,8.413044e+00,8.479584e+00,4.632809e+00,3.558072e+01,1.039142e+01,3.308697e+00,8.068523e+00,1.402468e+00,5.381762e+01
2.190630e-01,1.100000e+00,5.000000e+00,2.121000e+00,5.555837e+01,6.359581e+00,2.255968e+00,8.917130e+00,2.344832e+00,5.716148e+00,2.725192e+00,8.543415e+00,8.610986e+00,4.704600e+00,3.490752e+01,1.055245e+01,3.359969e+00,8.193555e+00,1.424201e+00,5.337271e+01
2.190630e-01,1.175000e+00,5.000000e+00,2.091335e+00,5.526326e+01,6.222440e+00,2.254289e+00,8.792426e+00,2.327428e+00,5.797230e+00,2.763848e+00,8.664601e+00,8.733130e+00,4.771334e+00,3.428606e+01,1.070213e+01,3.407630e+00,8.309778e+00,1.444403e+00,5.296250e+01
2.190630e-01,1.250000e+00,5.000000e+00,2.064219e+00,5.499380e+01,6.097055e+00,2.252706e+00,8.675565e+00,2.310915e+00,5.873382e+00,2.800154e+00,8.778419e+00,8.847849e+00,4.834010e+00,3.370229e+01,1.084271e+01,3.452392e+00,8.418935e+00,1.463377e+00,5.257698e+01
2.190630e-01,1.325000e+00,5.000000e+00,2.039141e+00,5.474819e+01,5.980733e+00,2.251219e+00,8.567855e+00,2.295702e+00,5.945615e+00,2.834591e+00,8.886378e+00,8.956662e+00,4.893459e+00,3.314498e+01,1.097606e+01,3.494851e+00,8.522473e+00,1.481374e+00,5.220816e+01
2.190630e-01,1.400000e+00,5.000000e+00,2.015695e+00,5.452459e+01,5.871377e+00,2.249830e+00,8.470053e+00,2.282063e+00,6.014773e+00,2.867562e+00,8.989742e+00,9.060844e+00,4.950379e+00,3.260514e+01,1.110373e+01,3.535502e+00,8.621604e+00,1.498605e+00,5.184972e+01
2.190630e-01,1.475000e+00,5.000000e+00,1.993556e+00,5.432111e+01,5.767351e+00,2.248536e+00,8.382426e+00,2.270153e+00,6.081569e+00,2.899407e+00,9.089577e+00,9.161468e+00,5.005355e+00,3.207564e+01,1.122704e+01,3.574766e+00,8.717351e+00,1.515247e+00,5.149668e+01
2.190630e-01,1.550000e+00,5.000000e+00,1.972462e+00,5.413579e+01,5.667382e+00,2.247333e+00,8.304827e+00,2.260028e+00,6.146606e+00,2.930414e+00,9.186782e+00,9.259442e+00,5.058883e+00,3.155089e+01,1.134711e+01,3.612995e+00,8.810574e+00,1.531452e+00,5.114522e+01
2.190630e-01,1.625000e+00,5.000000e+00,1.952204e+00,5.396660e+01,5.570494e+00,2.246214e+00,8.236741e+00,2.251653e+00,6.210390e+00,2.960823e+00,9.282114e+00,9.355528e+00,5.111379e+00,3.102668e+01,1.146486e+01,3.650487e+00,8.902002e+00,1.547343e+00,5.079252e+01
2.190630e-01,1.700000e+00,5.000000e+00,1.932612e+00,5.381143e+01,5.475952e+00,2.245170e+00,8.177315e+00,2.244911e+00,6.273345e+00,2.990837e+00,9.376207e+00,9.450365e+00,5.163193e+00,3.049999e+01,1.158108e+01,3.687492e+00,8.992242e+00,1.563029e+00,5.043662e+01
2.190630e-01,1.775000e+00,5.000000e+00,1.913555e+00,5.366807e+01,5.383228e+00,2.244190e+00,8.125394e+00,2.239609e+00,6.335821e+00,3.020623e+00,9.469586e+00,9.544483e+00,5.214614e+00,2.996885e+01,1.169641e+01,3.724217e+00,9.081797e+00,1.578595e+00,5.007638e+01
2.190630e-01,1.850000e+00,5.000000e+00,1.894927e+00,5.353426e+01,5.291962e+00,2.243263e+00,8.079568e+00,2.235494e+00,6.398104e+00,3.050317e+00,9.562675e+00,9.638308e+00,5.265875e+00,2.943225e+01,1.181139e+01,3.760827e+00,9.171073e+00,1.594113e+00,4.971131e+01
2.190630e-01,1.925000e+00,5.000000e+00,1.876650e+00,5.340770e+01,5.201940e+00,2.242374e+00,8.038213e+00,2.232255e+00,6.460417e+00,3.080024e+00,9.655808e+00,9.732178e+00,5.317161e+00,2.889003e+01,1.192643e+01,3.797455e+00,9.260393e+00,1.609639e+00,4.934158e+01
2.190630e-01,2.000000e+00,5.000000e+00,1.858665e+00,5.328611e+01,5.113064e+00,2.241509e+00,7.999540e+00,2.229541e+00,6.522929e+00,3.109827e+00,9.749239e+00,9.826347e+00,5.368611e+00,2.834273e+01,1.204183e+01,3.834199e+00,9.349997e+00,1.625214e+00,4.896786e+01
4.271728e-01,5.000000e-01,9.750000e+00,2.185132e+00,7.907422e+01,1.603019e+01,2.276637e+00,7.942753e+00,2.236254e+00,4.445198e+00,2.453934e+00,7.135487e+00,8.157622e+00,3.463337e+00,5.088790e+01,6.285753e+00,2.575273e+00,3.760941e+00,6.555465e-01,6.696653e+01
4.271728e-01,5.750000e-01,9.750000e+00,2.079726e+00,7.860979e+01,1.492193e+01,2.275779e+00,8.141461e+00,2.310597e+00,4.670492e+00,2.578306e+00,7.497131e+00,8.571071e+00,3.638868e+00,4.864162e+01,6.604331e+00,2.705795e+00,3.951555e+00,6.887713e-01,6.549616e+01
4.271728e-01,6.500000e-01,9.750000e+00,1.997547e+00,7.816849e+01,1.406581e+01,2.274878e+00,8.274736e+00,2.366692e+00,4.862637e+00,2.684378e+00,7.805565e+00,8.923686e+00,3.788571e+00,4.676936e+01,6.876035e+00,2.817112e+00,4.114122e+00,7.171075e-01,6.427833e+01
4.271728e-01,7.250000e-01,9.750000e+00,1.931484e+00,7.775096e+01,1.338386e+01,2.273948e+00,8.360429e+00,2.409160e+00,5.028955e+00,2.776192e+00,8.072540e+00,9.228905e+00,3.918153e+00,4.518451e+01,7.111217e+00,2.913466e+00,4.254838e+00,7.416348e-01,6.325387e+01
4.271728e-01,8.000000e-01,9.750000e+00,1.877012e+00,7.735763e+01,1.282647e+01,2.273003e+00,8.411760e+00,2.441448e+00,5.174896e+00,2.856757e+00,8.306807e+00,9.496729e+00,4.031858e+00,4.382267e+01,7.317586e+00,2.998015e+00,4.378314e+00,7.631572e-01,6.237878e+01
4.271728e-01,8.750000e-01,9.750000e+00,1.831111e+00,7.698873e+01,1.236052e+01,2.272057e+00,8.438717e+00,2.466183e+00,5.304617e+00,2.928369e+00,8.515037e+00,9.734788e+00,4.132927e+00,4.263482e+01,7.501020e+00,3.073168e+00,4.488067e+00,7.822876e-01,6.161961e+01
4.271728e-01,9.500000e-01,9.750000e+00,1.791680e+00,7.664432e+01,1.196301e+01,2.271121e+00,8.448958e+00,2.485403e+00,5.421359e+00,2.992815e+00,8.702432e+00,9.949027e+00,4.223882e+00,4.158288e+01,7.666098e+00,3.140801e+00,4.586838e+00,7.995037e-01,6.095043e+01
4.271728e-01,1.025000e+00,9.750000e+00,1.757215e+00,7.632427e+01,1.161745e+01,2.270205e+00,8.448412e+00,2.500706e+00,5.527692e+00,3.051516e+00,8.873120e+00,1.014417e+01,4.306729e+00,4.063681e+01,7.816460e+00,3.202404e+00,4.676804e+00,8.151851e-01,6.035078e+01
4.271728e-01,1.100000e+00,9.750000e+00,1.726603e+00,7.602827e+01,1.131171e+01,2.269319e+00,8.441707e+00,2.513362e+00,5.625695e+00,3.105618e+00,9.030436e+00,1.032402e+01,4.383085e+00,3.977250e+01,7.955042e+00,3.259181e+00,4.759721e+00,8.296379e-01,5.980431e+01
4.271728e-01,1.175000e+00,9.750000e+00,1.699007e+00,7.575580e+01,1.103665e+01,2.268470e+00,8.432426e+00,2.524374e+00,5.717068e+00,3.156059e+00,9.177109e+00,1.049170e+01,4.454275e+00,3.897048e+01,8.084249e+00,3.312118e+00,4.837029e+00,8.431129e-01,5.929784e+01
4.271728e-01,1.250000e+00,9.750000e+00,1.673785e+00,7.550613e+01,1.078531e+01,2.267664e+00,8.423329e+00,2.534537e+00,5.803219e+00,3.203618e+00,9.315400e+00,1.064980e+01,4.521397e+00,3.821486e+01,8.206071e+00,3.362028e+00,4.909918e+00,8.558178e-01,5.882067e+01
4.271728e-01,1.325000e+00,9.750000e+00,1.650434e+00,7.527825e+01,1.055230e+01,2.266904e+00,8.416462e+00,2.544465e+00,5.885325e+00,3.248944e+00,9.447196e+00,1.080048e+01,4.585367e+00,3.749269e+01,8.322173e+00,3.409595e+00,4.979385e+00,8.679261e-01,5.836409e+01
4.271728e-01,1.400000e+00,9.750000e+00,1.628560e+00,7.507088e+01,1.033342e+01,2.266194e+00,8.413272e+00,2.554622e+00,5.964372e+00,3.292581e+00,9.574084e+00,1.094554e+01,4.646954e+00,3.679339e+01,8.433950e+00,3.455391e+00,5.046264e+00,8.795835e-01,5.792110e+01
4.271728e-01,1.475000e+00,9.750000e+00,1.607851e+00,7.488249e+01,1.012540e+01,2.265532e+00,8.414676e+00,2.565333e+00,6.041192e+00,3.334989e+00,9.697397e+00,1.108652e+01,4.706806e+00,3.610844e+01,8.542578e+00,3.499896e+00,5.111259e+00,8.909124e-01,5.748609e+01
4.271728e-01,1.550000e+00,9.750000e+00,1.588059e+00,7.471124e+01,9.925708e+00,2.264917e+00,8.421107e+00,2.576805e+00,6.116482e+00,3.376552e+00,9.818254e+00,1.122469e+01,4.765466e+00,3.543112e+01,8.649043e+00,3.543514e+00,5.174960e+00,9.020156e-01,5.705469e+01
4.271728e-01,1.625000e+00,9.750000e+00,1.568990e+00,7.455500e+01,9.732430e+00,2.264345e+00,8.432557e+00,2.589131e+00,6.190822e+00,3.417591e+00,9.937585e+00,1.136111e+01,4.823386e+00,3.475624e+01,8.754163e+00,3.586582e+00,5.237856e+00,9.129787e-01,5.662363e+01
4.271728e-01,1.700000e+00,9.750000e+00,1.550490e+00,7.441143e+01,9.544127e+00,2.263809e+00,8.448647e+00,2.602309e+00,6.264687e+00,3.458368e+00,1.005615e+01,1.149667e+01,4.880936e+00,3.408002e+01,8.858613e+00,3.629376e+00,5.300351e+00,9.238718e-01,5.619061e+01
4.271728e-01,1.775000e+00,9.750000e+00,1.532444e+00,7.427797e+01,9.359784e+00,2.263304e+00,8.468637e+00,2.616245e+00,6.338460e+00,3.499093e+00,1.017458e+01,1.163205e+01,4.938413e+00,3.339996e+01,8.962932e+00,3.672115e+00,5.362768e+00,9.347513e-01,5.575422e+01
4.271728e-01,1.850000e+00,9.750000e+00,1.514765e+00,7.415191e+01,9.178726e+00,2.262819e+00,8.491503e+00,2.630770e+00,6.412435e+00,3.539930e+00,1.029332e+01,1.176781e+01,4.996048e+00,3.271466e+01,9.067537e+00,3.714972e+00,5.425356e+00,9.456606e-01,5.531380e+01
4.271728e-01,1.925000e+00,9.750000e+00,1.497393e+00,7.403048e+01,9.000564e+00,2.262345e+00,8.515991e+00,2.645653e+00,6.486828e+00,3.580999e+00,1.041274e+01,1.190433e+01,5.054010e+00,3.202372e+01,9.172733e+00,3.758071e+00,5.488297e+00,9.566315e-01,5.486940e+01
4.271728e-01,2.000000e+00,9.750000e+00,1.480288e+00,7.391091e+01,8.825142e+00,2.261872e+00,8.540660e+00,2.660609e+00,6.561783e+00,3.622377e+00,1.053306e+01,1.204188e+01,5.112409e+00,3.132760e+01,9.278724e+00,3.801496e+00,5.551715e+00,9.676854e-01,5.442165e+01
6.352827e-01,5.000000e-01,1.450000e+01,2.030624e+00,9.723905e+01,2.335841e+01,2.277924e+00,6.947586e+00,2.134694e+00,4.374074e+00,2.569675e+00,7.070606e+00,8.672941e+00,3.317504e+00,5.429531e+01,5.098513e+00,2.482447e+00,2.584774e+00,4.518794e-01,7.060694e+01
6.352827e-01,5.750000e-01,1.450000e+01,1.926165e+00,9.680345e+01,2.170016e+01,2.277380e+00,7.185551e+00,2.223887e+00,4.611287e+00,2.709033e+00,7.454055e+00,9.143287e+00,3.497417e+00,5.198206e+01,5.375013e+00,2.617074e+00,2.724950e+00,4.763854e-01,6.915173e+01
6.352827e-01,6.500000e-01,1.450000e+01,1.844886e+00,9.638637e+01,2.041769e+01,2.276802e+00,7.363356e+00,2.295029e+00,4.814444e+00,2.828383e+00,7.782455e+00,9.546108e+00,3.651501e+00,5.003216e+01,5.611817e+00,2.732373e+00,2.845002e+00,4.973733e-01,6.793143e+01
6.352827e-01,7.250000e-01,1.450000e+01,1.779675e+00,9.598878e+01,1.939506e+01,2.276200e+00,7.496032e+00,2.352350e+00,4.990854e+00,2.932020e+00,8.067618e+00,9.895895e+00,3.785299e+00,4.836515e+01,5.817445e+00,2.832492e+00,2.949248e+00,5.155980e-01,6.689350e+01
6.352827e-01,8.000000e-01,1.450000e+01,1.726008e+00,9.561151e+01,1.855846e+01,2.275583e+00,7.594943e+00,2.399063e+00,5.146037e+00,3.023187e+00,8.318468e+00,1.020359e+01,3.902997e+00,4.692024e+01,5.998329e+00,2.920564e+00,3.040950e+00,5.316297e-01,6.599828e+01
6.352827e-01,8.750000e-01,1.450000e+01,1.680861e+00,9.525528e+01,1.785856e+01,2.274960e+00,7.668852e+00,2.437661e+00,5.284255e+00,3.104387e+00,8.541895e+00,1.047765e+01,4.007828e+00,4.565049e+01,6.159439e+00,2.999008e+00,3.122627e+00,5.459088e-01,6.521510e+01
6.352827e-01,9.500000e-01,1.450000e+01,1.642136e+00,9.492068e+01,1.726113e+01,2.274339e+00,7.724631e+00,2.470110e+00,5.408868e+00,3.177595e+00,8.743330e+00,1.072474e+01,4.102341e+00,4.451892e+01,6.304691e+00,3.069731e+00,3.196265e+00,5.587824e-01,6.451987e+01
6.352827e-01,1.025000e+00,1.450000e+01,1.608327e+00,9.460812e+01,1.674157e+01,2.273727e+00,7.767725e+00,2.497983e+00,5.522570e+00,3.244392e+00,8.927128e+00,1.095019e+01,4.188578e+00,4.349597e+01,6.437225e+00,3.134261e+00,3.263455e+00,5.705288e-01,6.389332e+01
6.352827e-01,1.100000e+00,1.450000e+01,1.578322e+00,9.431779e+01,1.628179e+01,2.273132e+00,7.802481e+00,2.522554e+00,5.627555e+00,3.306069e+00,9.096834e+00,1.115835e+01,4.268203e+00,4.255764e+01,6.559598e+00,3.193844e+00,3.325494e+00,5.813747e-01,6.331983e+01
6.352827e-01,1.175000e+00,1.450000e+01,1.551286e+00,9.404963e+01,1.586815e+01,2.272560e+00,7.832359e+00,2.544849e+00,5.725632e+00,3.363687e+00,9.255373e+00,1.135282e+01,4.342589e+00,4.168431e+01,6.673918e+00,3.249507e+00,3.383451e+00,5.915068e-01,6.278668e+01
6.352827e-01,1.250000e+00,1.450000e+01,1.526577e+00,9.380333e+01,1.549022e+01,2.272014e+00,7.860099e+00,2.565703e+00,5.818308e+00,3.418132e+00,9.405181e+00,1.153658e+01,4.412879e+00,4.085978e+01,6.781943e+00,3.302104e+00,3.438215e+00,6.010810e-01,6.228337e+01
6.352827e-01,1.325000e+00,1.450000e+01,1.503695e+00,9.357817e+01,1.513994e+01,2.271499e+00,7.887799e+00,2.585776e+00,5.906847e+00,3.470147e+00,9.548304e+00,1.171213e+01,4.480032e+00,4.007070e+01,6.885147e+00,3.352353e+00,3.490536e+00,6.102279e-01,6.180133e+01
6.352827e-01,1.400000e+00,1.450000e+01,1.482247e+00,9.337314e+01,1.481103e+01,2.271017e+00,7.917026e+00,2.605585e+00,5.992317e+00,3.520358e+00,9.686464e+00,1.188160e+01,4.544856e+00,3.930606e+01,6.984772e+00,3.400861e+00,3.541043e+00,6.190576e-01,6.133352e+01
6.352827e-01,1.475000e+00,1.450000e+01,1.461925e+00,9.318681e+01,1.449859e+01,2.270567e+00,7.948846e+00,2.625514e+00,6.075614e+00,3.569294e+00,9.821113e+00,1.204677e+01,4.608033e+00,3.855689e+01,7.081866e+00,3.448135e+00,3.590266e+00,6.276630e-01,6.087426e+01
6.352827e-01,1.550000e+00,1.450000e+01,1.442485e+00,9.301736e+01,1.419882e+01,2.270149e+00,7.983866e+00,2.645826e+00,6.157493e+00,3.617396e+00,9.953468e+00,1.220912e+01,4.670133e+00,3.781602e+01,7.177305e+00,3.494605e+00,3.638650e+00,6.361217e-01,6.041908e+01
6.352827e-01,1.625000e+00,1.450000e+01,1.423737e+00,9.286267e+01,1.390885e+01,2.269759e+00,8.022308e+00,2.666679e+00,6.238578e+00,3.665032e+00,1.008454e+01,1.236989e+01,4.731632e+00,3.707783e+01,7.271820e+00,3.540623e+00,3.686566e+00,6.444985e-01,5.996456e+01
6.352827e-01,1.700000e+00,1.450000e+01,1.405532e+00,9.272021e+01,1.362651e+01,2.269394e+00,8.064002e+00,2.688128e+00,6.319379e+00,3.712501e+00,1.021515e+01,1.253010e+01,4.792916e+00,3.633817e+01,7.366004e+00,3.586482e+00,3.734314e+00,6.528460e-01,5.950823e+01
6.352827e-01,1.775000e+00,1.450000e+01,1.387761e+00,9.258729e+01,1.335028e+01,2.269047e+00,8.108475e+00,2.710144e+00,6.400302e+00,3.760041e+00,1.034597e+01,1.269056e+01,4.854291e+00,3.559414e+01,7.460330e+00,3.632409e+00,3.782134e+00,6.612060e-01,5.904850e+01
6.352827e-01,1.850000e+00,1.450000e+01,1.370343e+00,9.246097e+01,1.307915e+01,2.268713e+00,8.154954e+00,2.732619e+00,6.481655e+00,3.807834e+00,1.047747e+01,1.285187e+01,4.915993e+00,3.484406e+01,7.555157e+00,3.678579e+00,3.830207e+00,6.696104e-01,5.858456e+01
6.352827e-01,1.925000e+00,1.450000e+01,1.353223e+00,9.233824e+01,1.281250e+01,2.268383e+00,8.202456e+00,2.755379e+00,6.563656e+00,3.856008e+00,1.061002e+01,1.301446e+01,4.978187e+00,3.408723e+01,7.650739e+00,3.725118e+00,3.878664e+00,6.780818e-01,5.811627e+01
6.352827e-01,2.000000e+00,1.450000e+01,1.336367e+00,9.221610e+01,1.255011e+01,2.268050e+00,8.249814e+00,2.778200e+00,6.646443e+00,3.904643e+00,1.074385e+01,1.317861e+01,5.040976e+00,3.332391e+01,7.747237e+00,3.772103e+00,3.927585e+00,6.866344e-01,5.764410e+01
8.433925e-01,5.000000e-01,1.925000e+01,1.947506e+00,1.143050e+02,3.069139e+01,2.278399e+00,6.320022e+00,2.067738e+00,4.344572e+00,2.641864e+00,6.911251e+00,8.963144e+00,3.242908e+00,5.642455e+01,4.364480e+00,2.423396e+00,1.953494e+00,3.425833e-01,7.286327e+01
8.433925e-01,5.750000e-01,1.925000e+01,1.843442e+00,1.139511e+02,2.847604e+01,2.278061e+00,6.588009e+00,2.167445e+00,4.589827e+00,2.790999e+00,7.301396e+00,9.469120e+00,3.425973e+00,5.407048e+01,4.610858e+00,2.560199e+00,2.063770e+00,3.619224e-01,7.142017e+01
8.433925e-01,6.500000e-01,1.925000e+01,1.762545e+00,1.135359e+02,2.676785e+01,2.277626e+00,6.781483e+00,2.245858e+00,4.800490e+00,2.919101e+00,7.636515e+00,9.903733e+00,3.583218e+00,5.209238e+01,4.822487e+00,2.677707e+00,2.158493e+00,3.785339e-01,7.021731e+01
8.433925e-01,7.250000e-01,1.925000e+01,1.697698e+00,1.131387e+02,2.540502e+01,2.277171e+00,6.932329e+00,2.310510e+00,4.983855e+00,3.030602e+00,7.928208e+00,1.028203e+01,3.720087e+00,5.039177e+01,5.006692e+00,2.779988e+00,2.240941e+00,3.929928e-01,6.918789e+01
8.433925e-01,8.000000e-01,1.925000e+01,1.644375e+00,1.127603e+02,2.428955e+01,2.276702e+00,7.050752e+00,2.364466e+00,5.145469e+00,3.128877e+00,8.185300e+00,1.061545e+01,3.840720e+00,4.891044e+01,5.169047e+00,2.870136e+00,2.313610e+00,4.057366e-01,6.829510e+01
8.433925e-01,8.750000e-01,1.925000e+01,1.599553e+00,1.124018e+02,2.335597e+01,2.276227e+00,7.144703e+00,2.410123e+00,5.289652e+00,3.216552e+00,8.414663e+00,1.091291e+01,3.948342e+00,4.760306e+01,5.313891e+00,2.950562e+00,2.378440e+00,4.171059e-01,6.751031e+01
8.433925e-01,9.500000e-01,1.925000e+01,1.561133e+00,1.120640e+02,2.255878e+01,2.275752e+00,7.220494e+00,2.449392e+00,5.419832e+00,3.295712e+00,8.621751e+00,1.118148e+01,4.045512e+00,4.643364e+01,5.444667e+00,3.023176e+00,2.436974e+00,4.273710e-01,6.681077e+01
8.433925e-01,1.025000e+00,1.925000e+01,1.527608e+00,1.117476e+02,2.186533e+01,2.275282e+00,7.283172e+00,2.483815e+00,5.538775e+00,3.368040e+00,8.810963e+00,1.142686e+01,4.134295e+00,4.537319e+01,5.564156e+00,3.089522e+00,2.490456e+00,4.367500e-01,6.617818e+01
8.433925e-01,1.100000e+00,1.925000e+01,1.497868e+00,1.114529e+02,2.125156e+01,2.274824e+00,7.336820e+00,2.514648e+00,5.648747e+00,3.434912e+00,8.985903e+00,1.165374e+01,4.216380e+00,4.439803e+01,5.674631e+00,3.150865e+00,2.539903e+00,4.454216e-01,6.559761e+01
8.433925e-01,1.175000e+00,1.925000e+01,1.471076e+00,1.111802e+02,2.069936e+01,2.274381e+00,7.384733e+00,2.542921e+00,5.751624e+00,3.497469e+00,9.149558e+00,1.186599e+01,4.293171e+00,4.348861e+01,5.777980e+00,3.208249e+00,2.586161e+00,4.535338e-01,6.505677e+01
8.433925e-01,1.250000e+00,1.925000e+01,1.446590e+00,1.109293e+02,2.019487e+01,2.273959e+00,7.429545e+00,2.569474e+00,5.848977e+00,3.556669e+00,9.304426e+00,1.206683e+01,4.365838e+00,4.262876e+01,5.875780e+00,3.262553e+00,2.629935e+00,4.612104e-01,6.454550e+01
8.433925e-01,1.325000e+00,1.925000e+01,1.423913e+00,1.106998e+02,1.972733e+01,2.273560e+00,7.473335e+00,2.594989e+00,5.942131e+00,3.613313e+00,9.452612e+00,1.225901e+01,4.435370e+00,4.180499e+01,5.969360e+00,3.314514e+00,2.671820e+00,4.685558e-01,6.405537e+01
8.433925e-01,1.400000e+00,1.925000e+01,1.402651e+00,1.104906e+02,1.928840e+01,2.273186e+00,7.517661e+00,2.620003e+00,6.032201e+00,3.668084e+00,9.595894e+00,1.244484e+01,4.502601e+00,4.100614e+01,6.059843e+00,3.364756e+00,2.712319e+00,4.756581e-01,6.357948e+01
8.433925e-01,1.475000e+00,1.925000e+01,1.382498e+00,1.103004e+02,1.887154e+01,2.272836e+00,7.563638e+00,2.644928e+00,6.120132e+00,3.721553e+00,9.735774e+00,1.262624e+01,4.568236e+00,4.022307e+01,6.148177e+00,3.413804e+00,2.751857e+00,4.825918e-01,6.311219e+01
8.433925e-01,1.550000e+00,1.925000e+01,1.363212e+00,1.101274e+02,1.847171e+01,2.272511e+00,7.611960e+00,2.670060e+00,6.206717e+00,3.774204e+00,9.873511e+00,1.280487e+01,4.632865e+00,3.944834e+01,6.235159e+00,3.462101e+00,2.790789e+00,4.894193e-01,6.264900e+01
8.433925e-01,1.625000e+00,1.925000e+01,1.344604e+00,1.099693e+02,1.808505e+01,2.272208e+00,7.662942e+00,2.695590e+00,6.292613e+00,3.826436e+00,1.001015e+01,1.298208e+01,4.696980e+00,3.867614e+01,6.321448e+00,3.510014e+00,2.829411e+00,4.961924e-01,6.218645e+01
8.433925e-01,1.700000e+00,1.925000e+01,1.326529e+00,1.098235e+02,1.770869e+01,2.271924e+00,7.716554e+00,2.721611e+00,6.378355e+00,3.878575e+00,1.014655e+01,1.315897e+01,4.760980e+00,3.790206e+01,6.407584e+00,3.557841e+00,2.867964e+00,5.029535e-01,6.172201e+01
8.433925e-01,1.775000e+00,1.925000e+01,1.308878e+00,1.096872e+02,1.734057e+01,2.271653e+00,7.772458e+00,2.748131e+00,6.464368e+00,3.930877e+00,1.028338e+01,1.333643e+01,4.825183e+00,3.712300e+01,6.493991e+00,3.605819e+00,2.906639e+00,5.097359e-01,6.125399e+01
8.433925e-01,1.850000e+00,1.925000e+01,1.291575e+00,1.095572e+02,1.697932e+01,2.271391e+00,7.830054e+00,2.775083e+00,6.550971e+00,3.983540e+00,1.042114e+01,1.351509e+01,4.889826e+00,3.633703e+01,6.580991e+00,3.654126e+00,2.945579e+00,5.165648e-01,6.078144e+01
8.433925e-01,1.925000e+00,1.925000e+01,1.274567e+00,1.094303e+02,1.662414e+01,2.271132e+00,7.888518e+00,2.802331e+00,6.638389e+00,4.036697e+00,1.056021e+01,1.369544e+01,4.955077e+00,3.554330e+01,6.668810e+00,3.702888e+00,2.984886e+00,5.234580e-01,6.030411e+01
8.433925e-01,2.000000e+00,1.925000e+01,1.257823e+00,1.093034e+02,1.627469e+01,2.270869e+00,7.946856e+00,2.829688e+00,6.726758e+00,4.090433e+00,1.070078e+01,1.387775e+01,5.021038e+00,3.474188e+01,6.757584e+00,3.752181e+00,3.024620e+00,5.304262e-01,5.982236e+01
1.051502e+00,5.000000e-01,2.400000e+01,1.894139e+00,1.302458e+02,3.805195e+01,2.278399e+00,5.840560e+00,2.011990e+00,4.332690e+00,2.693015e+00,6.703967e+00,9.145978e+00,3.199986e+00,5.799103e+01,3.861066e+00,2.383070e+00,1.561862e+00,2.747893e-01,7.449987e+01
1.051502e+00,5.750000e-01,2.400000e+01,1.790159e+00,1.302458e+02,3.524809e+01,2.278399e+00,6.179797e+00,2.128853e+00,4.584348e+00,2.849435e+00,7.093359e+00,9.677210e+00,3.385853e+00,5.555099e+01,4.085331e+00,2.521488e+00,1.652581e+00,2.907501e-01,7.301873e+01
1.051502e+00,6.500000e-01,2.400000e+01,1.709467e+00,1.298580e+02,3.311095e+01,2.278071e+00,6.387375e+00,2.213056e+00,4.800745e+00,2.983938e+00,7.428190e+00,1.013401e+01,3.545677e+00,5.355326e+01,4.278173e+00,2.640511e+00,1.730589e+00,3.044745e-01,7.182925e+01
1.051502e+00,7.250000e-01,2.400000e+01,1.644815e+00,1.294519e+02,3.140820e+01,2.277697e+00,6.546874e+00,2.282152e+00,4.989444e+00,3.101225e+00,7.720163e+00,1.053234e+01,3.685044e+00,5.183708e+01,4.446332e+00,2.744299e+00,1.798611e+00,3.164422e-01,7.081353e+01
1.051502e+00,8.000000e-01,2.400000e+01,1.591678e+00,1.290642e+02,3.001409e+01,2.277311e+00,6.675123e+00,2.340531e+00,5.156013e+00,3.204757e+00,7.977895e+00,1.088395e+01,3.808067e+00,5.033731e+01,4.594769e+00,2.835916e+00,1.858657e+00,3.270064e-01,6.992948e+01
1.051502e+00,8.750000e-01,2.400000e+01,1.547032e+00,1.286962e+02,2.884700e+01,2.276918e+00,6.779530e+00,2.390530e+00,5.304810e+00,3.297243e+00,8.208129e+00,1.119805e+01,3.917964e+00,4.900988e+01,4.727370e+00,2.917758e+00,1.912295e+00,3.364434e-01,6.914990e+01
1.051502e+00,9.500000e-01,2.400000e+01,1.508777e+00,1.283486e+02,2.785020e+01,2.276524e+00,6.866003e+00,2.434018e+00,5.439312e+00,3.380844e+00,8.416244e+00,1.148197e+01,4.017302e+00,4.781958e+01,4.847231e+00,2.991737e+00,1.960781e+00,3.449739e-01,6.845313e+01
1.051502e+00,1.025000e+00,2.400000e+01,1.475407e+00,1.280225e+02,2.698297e+01,2.276134e+00,6.939316e+00,2.472514e+00,5.562336e+00,3.457310e+00,8.606598e+00,1.174167e+01,4.108164e+00,4.673792e+01,4.956863e+00,3.059402e+00,2.005129e+00,3.527763e-01,6.782159e+01
1.051502e+00,1.100000e+00,2.400000e+01,1.445811e+00,1.277183e+02,2.621531e+01,2.275753e+00,7.003347e+00,2.507264e+00,5.676198e+00,3.528082e+00,8.782777e+00,1.198202e+01,4.192258e+00,4.574152e+01,5.058331e+00,3.122029e+00,2.046174e+00,3.599977e-01,6.724091e+01
1.051502e+00,1.175000e+00,2.400000e+01,1.419152e+00,1.274365e+02,2.552463e+01,2.275385e+00,7.061254e+00,2.539293e+00,5.782825e+00,3.594357e+00,8.947762e+00,1.220710e+01,4.271010e+00,4.481099e+01,5.153352e+00,3.180677e+00,2.084612e+00,3.667603e-01,6.669919e+01
1.051502e+00,1.250000e+00,2.400000e+01,1.394789e+00,1.271769e+02,2.489361e+01,2.275033e+00,7.115587e+00,2.569446e+00,5.883835e+00,3.657141e+00,9.104055e+00,1.242033e+01,4.345613e+00,4.393020e+01,5.243368e+00,3.236235e+00,2.121024e+00,3.731666e-01,6.618652e+01
1.051502e+00,1.325000e+00,2.400000e+01,1.372223e+00,1.269393e+02,2.430887e+01,2.274700e+00,7.168371e+00,2.598412e+00,5.980595e+00,3.717282e+00,9.253770e+00,1.262458e+01,4.417076e+00,4.308566e+01,5.329594e+00,3.289455e+00,2.155904e+00,3.793032e-01,6.569469e+01
1.051502e+00,1.400000e+00,2.400000e+01,1.351063e+00,1.267226e+02,2.375996e+01,2.274387e+00,7.221158e+00,2.626743e+00,6.074259e+00,3.775500e+00,9.398698e+00,1.282230e+01,4.486254e+00,4.226614e+01,5.413064e+00,3.340972e+00,2.189669e+00,3.852437e-01,6.521690e+01
1.051502e+00,1.475000e+00,2.400000e+01,1.331003e+00,1.265255e+02,2.323873e+01,2.274095e+00,7.275075e+00,2.654868e+00,6.165808e+00,3.832403e+00,9.540351e+00,1.301555e+01,4.553869e+00,4.146238e+01,5.494647e+00,3.391326e+00,2.222671e+00,3.910499e-01,6.474758e+01
1.051502e+00,1.550000e+00,2.400000e+01,1.311800e+00,1.263461e+02,2.273888e+01,2.273823e+00,7.330859e+00,2.683102e+00,6.256063e+00,3.888501e+00,9.680002e+00,1.320607e+01,4.620529e+00,4.066684e+01,5.575078e+00,3.440969e+00,2.255206e+00,3.967741e-01,6.428226e+01
1.051502e+00,1.625000e+00,2.400000e+01,1.293269e+00,1.261821e+02,2.225556e+01,2.273570e+00,7.388880e+00,2.711659e+00,6.345707e+00,3.944220e+00,9.818709e+00,1.339531e+01,4.686737e+00,3.987356e+01,5.654964e+00,3.490275e+00,2.287521e+00,4.024595e-01,6.381748e+01
1.051502e+00,1.700000e+00,2.400000e+01,1.275264e+00,1.260308e+02,2.178519e+01,2.273332e+00,7.449199e+00,2.740659e+00,6.435297e+00,3.999906e+00,9.957331e+00,1.358442e+01,4.752905e+00,3.907797e+01,5.734802e+00,3.539552e+00,2.319817e+00,4.081415e-01,6.335065e+01
1.051502e+00,1.775000e+00,2.400000e+01,1.257680e+00,1.258891e+02,2.132520e+01,2.273105e+00,7.511560e+00,2.770133e+00,6.525272e+00,4.055830e+00,1.009655e+01,1.377435e+01,4.819358e+00,3.827682e+01,5.814983e+00,3.589040e+00,2.352251e+00,4.138479e-01,6.288003e+01
1.051502e+00,1.850000e+00,2.400000e+01,1.240440e+00,1.257536e+02,2.087385e+01,2.272885e+00,7.575472e+00,2.800041e+00,6.615963e+00,4.112200e+00,1.023688e+01,1.396580e+01,4.886340e+00,3.746804e+01,5.895803e+00,3.638922e+00,2.384944e+00,4.195998e-01,6.240460e+01
1.051502e+00,1.925000e+00,2.400000e+01,1.223493e+00,1.256211e+02,2.043013e+01,2.272666e+00,7.640226e+00,2.830275e+00,6.707601e+00,4.169158e+00,1.037867e+01,1.415924e+01,4.954020e+00,3.665064e+01,5.977466e+00,3.689325e+00,2.417978e+00,4.254116e-01,6.192404e+01
1.051502e+00,2.000000e+00,2.400000e+01,1.206811e+00,1.254880e+02,1.999359e+01,2.272443e+00,7.704939e+00,2.860671e+00,6.800322e+00,4.226790e+00,1.052213e+01,1.435496e+01,5.022501e+00,3.582456e+01,6.060094e+00,3.740324e+00,2.451402e+00,4.312923e-01,6.143861e+01
1.259612e+00,5.000000e-01,2.875000e+01,1.855989e+00,1.455212e+02,4.540096e+01,2.278399e+00,5.511305e+00,1.975444e+00,4.329983e+00,2.732459e+00,6.468611e+00,9.269275e+00,3.173997e+00,5.916713e+01,3.492285e+00,2.354352e+00,1.296330e+00,2.288318e-01,7.572749e+01
1.259612e+00,5.750000e-01,2.875000e+01,1.752009e+00,1.455212e+02,4.204218e+01,2.278399e+00,5.838392e+00,2.092683e+00,4.586961e+00,2.894626e+00,6.852513e+00,9.819392e+00,3.362369e+00,5.674376e+01,3.699547e+00,2.494080e+00,1.373265e+00,2.424126e-01,7.428695e+01
1.259612e+00,6.500000e-01,2.875000e+01,1.671386e+00,1.454483e+02,3.944515e+01,2.278345e+00,6.106517e+00,2.191004e+00,4.808223e+00,3.034255e+00,7.183058e+00,1.029305e+01,3.524560e+00,5.467333e+01,3.878002e+00,2.614387e+00,1.439507e+00,2.541058e-01,7.306013e+01
1.259612e+00,7.250000e-01,2.875000e+01,1.606856e+00,1.450283e+02,3.740265e+01,2.278022e+00,6.270837e+00,2.263181e+00,5.001319e+00,3.156109e+00,7.471527e+00,1.070642e+01,3.666105e+00,5.294976e+01,4.033741e+00,2.719380e+00,1.497317e+00,2.643106e-01,7.205915e+01
1.259612e+00,8.000000e-01,2.875000e+01,1.553833e+00,1.446268e+02,3.573005e+01,2.277688e+00,6.404835e+00,2.324633e+00,5.171981e+00,3.263806e+00,7.726481e+00,1.107176e+01,3.791205e+00,5.144000e+01,4.171386e+00,2.812174e+00,1.548411e+00,2.733298e-01,7.118570e+01
1.259612e+00,8.750000e-01,2.875000e+01,1.509296e+00,1.442451e+02,3.432956e+01,2.277347e+00,6.515531e+00,2.377654e+00,5.324598e+00,3.360116e+00,7.954478e+00,1.139847e+01,3.903077e+00,5.010095e+01,4.294477e+00,2.895158e+00,1.594102e+00,2.813953e-01,7.041374e+01
1.259612e+00,9.500000e-01,2.875000e+01,1.471144e+00,1.438842e+02,3.313325e+01,2.277005e+00,6.608554e+00,2.424086e+00,5.462684e+00,3.447256e+00,8.160766e+00,1.169407e+01,4.004298e+00,4.889806e+01,4.405849e+00,2.970240e+00,1.635443e+00,2.886929e-01,6.972241e+01
1.259612e+00,1.025000e+00,2.875000e+01,1.437870e+00,1.435450e+02,3.209232e+01,2.276666e+00,6.688468e+00,2.465431e+00,5.589098e+00,3.527030e+00,8.349617e+00,1.196468e+01,4.096963e+00,4.780327e+01,4.507806e+00,3.038975e+00,1.673289e+00,2.953737e-01,6.909476e+01
1.259612e+00,1.100000e+00,2.875000e+01,1.408363e+00,1.432284e+02,3.117084e+01,2.276333e+00,6.759004e+00,2.502929e+00,5.706195e+00,3.600925e+00,8.524550e+00,1.221536e+01,4.182799e+00,4.679344e+01,4.602249e+00,3.102645e+00,1.708346e+00,3.015620e-01,6.851686e+01
1.259612e+00,1.175000e+00,2.875000e+01,1.381787e+00,1.429348e+02,3.034173e+01,2.276012e+00,6.823214e+00,2.537601e+00,5.815944e+00,3.670182e+00,8.688505e+00,1.245030e+01,4.263247e+00,4.584936e+01,4.690765e+00,3.162319e+00,1.741203e+00,3.073621e-01,6.797712e+01
1.259612e+00,1.250000e+00,2.875000e+01,1.357499e+00,1.426642e+02,2.958425e+01,2.275705e+00,6.883577e+00,2.570295e+00,5.919998e+00,3.735846e+00,8.843952e+00,1.267305e+01,4.339522e+00,4.495496e+01,4.774689e+00,3.218897e+00,1.772355e+00,3.128611e-01,6.746591e+01
1.259612e+00,1.325000e+00,2.875000e+01,1.335003e+00,1.424162e+02,2.888235e+01,2.275414e+00,6.942081e+00,2.601708e+00,6.019758e+00,3.798800e+00,8.992985e+00,1.288661e+01,4.412649e+00,4.409677e+01,4.855149e+00,3.273140e+00,1.802222e+00,3.181332e-01,6.697516e+01
1.259612e+00,1.400000e+00,2.875000e+01,1.313906e+00,1.421901e+02,2.822349e+01,2.275140e+00,7.000264e+00,2.632401e+00,6.116412e+00,3.859795e+00,9.137378e+00,1.309352e+01,4.483499e+00,4.326354e+01,4.933104e+00,3.325694e+00,1.831159e+00,3.232413e-01,6.649818e+01
1.259612e+00,1.475000e+00,2.875000e+01,1.293903e+00,1.419843e+02,2.759793e+01,2.274885e+00,7.059255e+00,2.662813e+00,6.210968e+00,3.919464e+00,9.278635e+00,1.329593e+01,4.552811e+00,4.244594e+01,5.009367e+00,3.377107e+00,1.859467e+00,3.282383e-01,6.602950e+01
1.259612e+00,1.550000e+00,2.875000e+01,1.274753e+00,1.417971e+02,2.699807e+01,2.274648e+00,7.119820e+00,2.693277e+00,6.304271e+00,3.978344e+00,9.418023e+00,1.349567e+01,4.621205e+00,4.163636e+01,5.084619e+00,3.427840e+00,1.887401e+00,3.331693e-01,6.556466e+01
1.259612e+00,1.625000e+00,2.875000e+01,1.256270e+00,1.416258e+02,2.641812e+01,2.274426e+00,7.182365e+00,2.724021e+00,6.397027e+00,4.036878e+00,9.556592e+00,1.369423e+01,4.689198e+00,4.082874e+01,5.159431e+00,3.478274e+00,1.915170e+00,3.380712e-01,6.510022e+01
1.259612e+00,1.700000e+00,2.875000e+01,1.238309e+00,1.414676e+02,2.585377e+01,2.274217e+00,7.246996e+00,2.755181e+00,6.489810e+00,4.095429e+00,9.695201e+00,1.389286e+01,4.757210e+00,4.001841e+01,5.234263e+00,3.528723e+00,1.942948e+00,3.429746e-01,6.463357e+01
1.259612e+00,1.775000e+00,2.875000e+01,1.220766e+00,1.413193e+02,2.530192e+01,2.274018e+00,7.313531e+00,2.786810e+00,6.583071e+00,4.154282e+00,9.834525e+00,1.409250e+01,4.825573e+00,3.920202e+01,5.309482e+00,3.579433e+00,1.970869e+00,3.479033e-01,6.416295e+01
1.259612e+00,1.850000e+00,2.875000e+01,1.203565e+00,1.411774e+02,2.476048e+01,2.273825e+00,7.381555e+00,2.818887e+00,6.677154e+00,4.213653e+00,9.975076e+00,1.429391e+01,4.894538e+00,3.837737e+01,5.385363e+00,3.630589e+00,1.999036e+00,3.528754e-01,6.368728e+01
1.259612e+00,1.925000e+00,2.875000e+01,1.186657e+00,1.410383e+02,2.422822e+01,2.273633e+00,7.450433e+00,2.851322e+00,6.772293e+00,4.273691e+00,1.011721e+01,1.449757e+01,4.964278e+00,3.754337e+01,5.462096e+00,3.682320e+00,2.027519e+00,3.579033e-01,6.320618e+01
1.259612e+00,2.000000e+00,2.875000e+01,1.170013e+00,1.408982e+02,2.370460e+01,2.273436e+00,7.519366e+00,2.883970e+00,6.868628e+00,4.334485e+00,1.026112e+01,1.470380e+01,5.034894e+00,3.669988e+01,5.539795e+00,3.734701e+00,2.056360e+00,3.629945e-01,6.271983e+01
1.467722e+00,5.000000e-01,3.350000e+01,1.826644e+00,1.601506e+02,5.273878e+01,2.278399e+00,5.272779e+00,1.950471e+00,4.332746e+00,2.764774e+00,6.215047e+00,9.356204e+00,3.158189e+00,6.010606e+01,3.209494e+00,2.333416e+00,1.105079e+00,1.957371e-01,7.670666e+01
1.467722e+00,5.750000e-01,3.350000e+01,1.722664e+00,1.601506e+02,4.882507e+01,2.278399e+00,5.591041e+00,2.068200e+00,4.594268e+00,2.931654e+00,6.590184e+00,9.920939e+00,3.348816e+00,5.769809e+01,3.403217e+00,2.474260e+00,1.171781e+00,2.075517e-01,7.530069e+01
1.467722e+00,6.500000e-01,3.350000e+01,1.642044e+00,1.601506e+02,4.579055e+01,2.278399e+00,5.865546e+00,2.169744e+00,4.819837e+00,3.075592e+00,6.913747e+00,1.040803e+01,3.513235e+00,5.562116e+01,3.570308e+00,2.595740e+00,1.229313e+00,2.177420e-01,7.408801e+01
1.467722e+00,7.250000e-01,3.350000e+01,1.577581e+00,1.599171e+02,4.338756e+01,2.278241e+00,6.065901e+00,2.250701e+00,5.016783e+00,3.201266e+00,7.196255e+00,1.083332e+01,3.656792e+00,5.385479e+01,3.716197e+00,2.701807e+00,1.279545e+00,2.266393e-01,7.306853e+01
1.467722e+00,8.000000e-01,3.350000e+01,1.524636e+00,1.594991e+02,4.143655e+01,2.277942e+00,6.203698e+00,2.314489e+00,5.190997e+00,3.312434e+00,7.446153e+00,1.120952e+01,3.783778e+00,5.233956e+01,3.845246e+00,2.795630e+00,1.323979e+00,2.345096e-01,7.220615e+01
1.467722e+00,8.750000e-01,3.350000e+01,1.480172e+00,1.591012e+02,3.980276e+01,2.277637e+00,6.318631e+00,2.369805e+00,5.346932e+00,3.411938e+00,7.669832e+00,1.154625e+01,3.897441e+00,5.099350e+01,3.960756e+00,2.879610e+00,1.363750e+00,2.415542e-01,7.144266e+01
1.467722e+00,9.500000e-01,3.350000e+01,1.442089e+00,1.587246e+02,3.840699e+01,2.277330e+00,6.416118e+00,2.418473e+00,5.488135e+00,3.502041e+00,7.872379e+00,1.185117e+01,4.000365e+00,4.978261e+01,4.065352e+00,2.955655e+00,1.399764e+00,2.479332e-01,7.075789e+01
1.467722e+00,1.025000e+00,3.350000e+01,1.408880e+00,1.583704e+02,3.719243e+01,2.277026e+00,6.500571e+00,2.461985e+00,5.617498e+00,3.584589e+00,8.057942e+00,1.213052e+01,4.094660e+00,4.867920e+01,4.161178e+00,3.025325e+00,1.432759e+00,2.537773e-01,7.013539e+01
1.467722e+00,1.100000e+00,3.350000e+01,1.379433e+00,1.580396e+02,3.611717e+01,2.276727e+00,6.575608e+00,2.501574e+00,5.737413e+00,3.661108e+00,8.229952e+00,1.238946e+01,4.182067e+00,4.766036e+01,4.250006e+00,3.089906e+00,1.463344e+00,2.591946e-01,6.956161e+01
1.467722e+00,1.175000e+00,3.350000e+01,1.352913e+00,1.577325e+02,3.514967e+01,2.276438e+00,6.644199e+00,2.538262e+00,5.849880e+00,3.732874e+00,8.391279e+00,1.263233e+01,4.264046e+00,4.670704e+01,4.333316e+00,3.150475e+00,1.492029e+00,2.642754e-01,6.902525e+01
1.467722e+00,1.250000e+00,3.350000e+01,1.328677e+00,1.574493e+02,3.426576e+01,2.276162e+00,6.708778e+00,2.572901e+00,5.956585e+00,3.800964e+00,8.544341e+00,1.286275e+01,4.341824e+00,4.580322e+01,4.412358e+00,3.207942e+00,1.519244e+00,2.690960e-01,6.851687e+01
1.467722e+00,1.325000e+00,3.350000e+01,1.306227e+00,1.571898e+02,3.344672e+01,2.275900e+00,6.771297e+00,2.606191e+00,6.058959e+00,3.866290e+00,8.691189e+00,1.308382e+01,4.416446e+00,4.493547e+01,4.488192e+00,3.263076e+00,1.545355e+00,2.737208e-01,6.802856e+01
1.467722e+00,1.400000e+00,3.350000e+01,1.285174e+00,1.569530e+02,3.267796e+01,2.275653e+00,6.833269e+00,2.638700e+00,6.158215e+00,3.929627e+00,8.833566e+00,1.329815e+01,4.488795e+00,4.409255e+01,4.561717e+00,3.316531e+00,1.570670e+00,2.782049e-01,6.755377e+01
1.467722e+00,1.475000e+00,3.350000e+01,1.265210e+00,1.567375e+02,3.194808e+01,2.275424e+00,6.895846e+00,2.670882e+00,6.255387e+00,3.991633e+00,8.972952e+00,1.350799e+01,4.559624e+00,4.326508e+01,4.633697e+00,3.368863e+00,1.595454e+00,2.825947e-01,6.708704e+01
1.467722e+00,1.550000e+00,3.350000e+01,1.246095e+00,1.565413e+02,3.124824e+01,2.275209e+00,6.959790e+00,2.703076e+00,6.351341e+00,4.052862e+00,9.110593e+00,1.371519e+01,4.629567e+00,4.244541e+01,4.704775e+00,3.420540e+00,1.619928e+00,2.869295e-01,6.662401e+01
1.467722e+00,1.625000e+00,3.350000e+01,1.227904e+00,1.563687e+02,3.058081e+01,2.275015e+00,7.026527e+00,2.735727e+00,6.446849e+00,4.113807e+00,9.247593e+00,1.392143e+01,4.699183e+00,4.162585e+01,4.775523e+00,3.471976e+00,1.644287e+00,2.912442e-01,6.616004e+01
1.467722e+00,1.700000e+00,3.350000e+01,1.209713e+00,1.561960e+02,2.991337e+01,2.274821e+00,7.093264e+00,2.768378e+00,6.542357e+00,4.174752e+00,9.384593e+00,1.412767e+01,4.768800e+00,4.080629e+01,4.846271e+00,3.523413e+00,1.668647e+00,2.955589e-01,6.569607e+01
1.467722e+00,1.775000e+00,3.350000e+01,1.192198e+00,1.560404e+02,2.926967e+01,2.274642e+00,7.162805e+00,2.801704e+00,6.638473e+00,4.236085e+00,9.522465e+00,1.433523e+01,4.838861e+00,3.997867e+01,4.917470e+00,3.575177e+00,1.693161e+00,2.999011e-01,6.522676e+01
1.467722e+00,1.850000e+00,3.350000e+01,1.175024e+00,1.558914e+02,2.863815e+01,2.274467e+00,7.233802e+00,2.835494e+00,6.735500e+00,4.297999e+00,9.661645e+00,1.454475e+01,4.909585e+00,3.914226e+01,4.989343e+00,3.627432e+00,1.717908e+00,3.042844e-01,6.475222e+01
1.467722e+00,1.925000e+00,3.350000e+01,1.158142e+00,1.557451e+02,2.801736e+01,2.274293e+00,7.305681e+00,2.869675e+00,6.833681e+00,4.360649e+00,9.802479e+00,1.475676e+01,4.981150e+00,3.829587e+01,5.062071e+00,3.680307e+00,1.742950e+00,3.087198e-01,6.427199e+01
1.467722e+00,2.000000e+00,3.350000e+01,1.141525e+00,1.555976e+02,2.740665e+01,2.274115e+00,7.377704e+00,2.904115e+00,6.933158e+00,4.424126e+00,9.945172e+00,1.497158e+01,5.053660e+00,3.743931e+01,5.135759e+00,3.733881e+00,1.768322e+00,3.132138e-01,6.378623e+01
1.675832e+00,5.000000e-01,3.825000e+01,1.802857e+00,1.741467e+02,6.006562e+01,2.278399e+00,5.093270e+00,1.933018e+00,4.339040e+00,2.792431e+00,5.948623e+00,9.419234e+00,3.148987e+00,6.089026e+01,2.985200e+00,2.317971e+00,9.611364e-01,1.708340e-01,7.752374e+01
1.675832e+00,5.750000e-01,3.825000e+01,1.698878e+00,1.741467e+02,5.559697e+01,2.278399e+00,5.405001e+00,2.051328e+00,4.604609e+00,2.963341e+00,6.312706e+00,9.995733e+00,3.341719e+00,5.849656e+01,3.167908e+00,2.459841e+00,1.019962e+00,1.812898e-01,7.614809e+01
1.675832e+00,6.500000e-01,3.825000e+01,1.618257e+00,1.741467e+02,5.213219e+01,2.278399e+00,5.674275e+00,2.153524e+00,4.834008e+00,3.110973e+00,6.627201e+00,1.049372e+01,3.508201e+00,5.642888e+01,3.325732e+00,2.582389e+00,1.070776e+00,1.903216e-01,7.495981e+01
1.675832e+00,7.250000e-01,3.825000e+01,1.553811e+00,1.741450e+02,4.936267e+01,2.278398e+00,5.909368e+00,2.242794e+00,5.034506e+00,3.240005e+00,6.902075e+00,1.092896e+01,3.653709e+00,5.462201e+01,3.463672e+00,2.689498e+00,1.115188e+00,1.982155e-01,7.392148e+01
1.675832e+00,8.000000e-01,3.825000e+01,1.500921e+00,1.737097e+02,4.713321e+01,2.278125e+00,6.050119e+00,2.308513e+00,5.211912e+00,3.354176e+00,7.145290e+00,1.131407e+01,3.782459e+00,5.310378e+01,3.585725e+00,2.784271e+00,1.154485e+00,2.052002e-01,7.307001e+01
1.675832e+00,8.750000e-01,3.825000e+01,1.456510e+00,1.732940e+02,4.526615e+01,2.277845e+00,6.168185e+00,2.365688e+00,5.370831e+00,3.456450e+00,7.363160e+00,1.165906e+01,3.897791e+00,5.175347e+01,3.695059e+00,2.869167e+00,1.189687e+00,2.114570e-01,7.231529e+01
1.675832e+00,9.500000e-01,3.825000e+01,1.418476e+00,1.729002e+02,4.367098e+01,2.277564e+00,6.268985e+00,2.416163e+00,5.514838e+00,3.549127e+00,7.560587e+00,1.197167e+01,4.002302e+00,5.053738e+01,3.794134e+00,2.946098e+00,1.221586e+00,2.171268e-01,7.163757e+01
1.675832e+00,1.025000e+00,3.825000e+01,1.385314e+00,1.725298e+02,4.228282e+01,2.277285e+00,6.356828e+00,2.461427e+00,5.646856e+00,3.634089e+00,7.741579e+00,1.225826e+01,4.098113e+00,4.942811e+01,3.884961e+00,3.016624e+00,1.250829e+00,2.223245e-01,7.102083e+01
1.675832e+00,1.100000e+00,3.825000e+01,1.355910e+00,1.721834e+02,4.105382e+01,2.277011e+00,6.435232e+00,2.502706e+00,5.769309e+00,3.712894e+00,7.909456e+00,1.252408e+01,4.186981e+00,4.840300e+01,3.969207e+00,3.082040e+00,1.277954e+00,2.271457e-01,7.045186e+01
1.675832e+00,1.175000e+00,3.825000e+01,1.329430e+00,1.718618e+02,3.994796e+01,2.276745e+00,6.507124e+00,2.541027e+00,5.884225e+00,3.786850e+00,8.067000e+00,1.277354e+01,4.270379e+00,4.744308e+01,4.048267e+00,3.143430e+00,1.303409e+00,2.316700e-01,6.991960e+01
1.675832e+00,1.250000e+00,3.825000e+01,1.305231e+00,1.715651e+02,3.893764e+01,2.276491e+00,6.574880e+00,2.577243e+00,5.993318e+00,3.857057e+00,8.216561e+00,1.301036e+01,4.349551e+00,4.653246e+01,4.123322e+00,3.201709e+00,1.327574e+00,2.359652e-01,6.941480e+01
1.675832e+00,1.325000e+00,3.825000e+01,1.282815e+00,1.712931e+02,3.800149e+01,2.276250e+00,6.640430e+00,2.612059e+00,6.098044e+00,3.924455e+00,8.360136e+00,1.323770e+01,4.425555e+00,4.565773e+01,4.195372e+00,3.257655e+00,1.350771e+00,2.400884e-01,6.892969e+01
1.675832e+00,1.400000e+00,3.825000e+01,1.261793e+00,1.710449e+02,3.712284e+01,2.276024e+00,6.705289e+00,2.646052e+00,6.199644e+00,3.989840e+00,8.499424e+00,1.345825e+01,4.499289e+00,4.480764e+01,4.265272e+00,3.311931e+00,1.373277e+00,2.440885e-01,6.845781e+01
1.675832e+00,1.475000e+00,3.825000e+01,1.241857e+00,1.708189e+02,3.628866e+01,2.275812e+00,6.770594e+00,2.679680e+00,6.299168e+00,4.053891e+00,8.635868e+00,1.367430e+01,4.571517e+00,4.397281e+01,4.333743e+00,3.365099e+00,1.395322e+00,2.480070e-01,6.799379e+01
1.675832e+00,1.550000e+00,3.825000e+01,1.222767e+00,1.706131e+02,3.548886e+01,2.275615e+00,6.837133e+00,2.713296e+00,6.397507e+00,4.117177e+00,8.770686e+00,1.388777e+01,4.642885e+00,4.314553e+01,4.401399e+00,3.417633e+00,1.417105e+00,2.518787e-01,6.753329e+01
1.675832e+00,1.625000e+00,3.825000e+01,1.204339e+00,1.704248e+02,3.471571e+01,2.275431e+00,6.905371e+00,2.747152e+00,6.495398e+00,4.180176e+00,8.904890e+00,1.410028e+01,4.713927e+00,4.231961e+01,4.468747e+00,3.469928e+00,1.438789e+00,2.557328e-01,6.707288e+01
1.675832e+00,1.700000e+00,3.825000e+01,1.186430e+00,1.702508e+02,3.396344e+01,2.275258e+00,6.975479e+00,2.781409e+00,6.593445e+00,4.243275e+00,9.039309e+00,1.431312e+01,4.785084e+00,4.149027e+01,4.536202e+00,3.522306e+00,1.460507e+00,2.595930e-01,6.660997e+01
1.675832e+00,1.775000e+00,3.825000e+01,1.168935e+00,1.700875e+02,3.322791e+01,2.275093e+00,7.047357e+00,2.816145e+00,6.692126e+00,4.306783e+00,9.174596e+00,1.452734e+01,4.856700e+00,4.065399e+01,4.604094e+00,3.575023e+00,1.482366e+00,2.634782e-01,6.614276e+01
1.675832e+00,1.850000e+00,3.825000e+01,1.151780e+00,1.699309e+02,3.250632e+01,2.274932e+00,7.120688e+00,2.851365e+00,6.791800e+00,4.370928e+00,9.311243e+00,1.474371e+01,4.929036e+00,3.980844e+01,4.672668e+00,3.628270e+00,1.504444e+00,2.674025e-01,6.567012e+01
1.675832e+00,1.925000e+00,3.825000e+01,1.134917e+00,1.697770e+02,3.179700e+01,2.274771e+00,7.194941e+00,2.887008e+00,6.892714e+00,4.435873e+00,9.449592e+00,1.496278e+01,5.002273e+00,3.895237e+01,4.742096e+00,3.682180e+00,1.526798e+00,2.713756e-01,6.519159e+01
1.675832e+00,2.000000e+00,3.825000e+01,1.118319e+00,1.696217e+02,3.109921e+01,2.274607e+00,7.269414e+00,2.922950e+00,6.995015e+00,4.501709e+00,9.589842e+00,1.518485e+01,5.076516e+00,3.808553e+01,4.812477e+00,3.736831e+00,1.549458e+00,2.754034e-01,6.470728e+01
1.883942e+00,5.000000e-01,4.300000e+01,1.782809e+00,1.875179e+02,6.738162e+01,2.278399e+00,4.954317e+00,1.920733e+00,4.347758e+00,2.816885e+00,5.672492e+00,9.465682e+00,3.144321e+00,6.156805e+01,2.802634e+00,2.306563e+00,8.491096e-01,1.514573e-01,7.822937e+01
1.883942e+00,5.750000e-01,4.300000e+01,1.678830e+00,1.875179e+02,6.235805e+01,2.278399e+00,5.261164e+00,2.039694e+00,4.617038e+00,2.991350e+00,6.023820e+00,1.005194e+01,3.339066e+00,5.918775e+01,2.976217e+00,2.449421e+00,9.016996e-01,1.608379e-01,7.688099e+01
1.883942e+00,6.500000e-01,4.300000e+01,1.598209e+00,1.875179e+02,5.846299e+01,2.278399e+00,5.526560e+00,2.142585e+00,4.849942e+00,3.142247e+00,6.327688e+00,1.055901e+01,3.507503e+00,5.712900e+01,3.126350e+00,2.572980e+00,9.471852e-01,1.689512e-01,7.571477e+01
1.883942e+00,7.250000e-01,4.300000e+01,1.533762e+00,1.875179e+02,5.534936e+01,2.278399e+00,5.758778e+00,2.232614e+00,5.053730e+00,3.274280e+00,6.593570e+00,1.100268e+01,3.654884e+00,5.532762e+01,3.257716e+00,2.681094e+00,9.869847e-01,1.760503e-01,7.469434e+01
1.883942e+00,8.000000e-01,4.300000e+01,1.480904e+00,1.872764e+02,5.281978e+01,2.278262e+00,5.930577e+00,2.305630e+00,5.234111e+00,3.391148e+00,6.828912e+00,1.139540e+01,3.785337e+00,5.377356e+01,3.373992e+00,2.776789e+00,1.022213e+00,1.823341e-01,7.382486e+01
1.883942e+00,8.750000e-01,4.300000e+01,1.436533e+00,1.868417e+02,5.071951e+01,2.278002e+00,6.051131e+00,2.364383e+00,5.395783e+00,3.495894e+00,7.039844e+00,1.174738e+01,3.902259e+00,5.242081e+01,3.478209e+00,2.862559e+00,1.053787e+00,1.879660e-01,7.307899e+01
1.883942e+00,9.500000e-01,4.300000e+01,1.398536e+00,1.864299e+02,4.892497e+01,2.277740e+00,6.154580e+00,2.416392e+00,5.542378e+00,3.590872e+00,7.231106e+00,1.206654e+01,4.008277e+00,5.120133e+01,3.572707e+00,2.940331e+00,1.082417e+00,1.930728e-01,7.240854e+01
1.883942e+00,1.025000e+00,4.300000e+01,1.365408e+00,1.860421e+02,4.736323e+01,2.277479e+00,6.245118e+00,2.463136e+00,5.676849e+00,3.677994e+00,7.406549e+00,1.235930e+01,4.105527e+00,5.008803e+01,3.659388e+00,3.011670e+00,1.108679e+00,1.977571e-01,7.179789e+01
1.883942e+00,1.100000e+00,4.300000e+01,1.336038e+00,1.856794e+02,4.598052e+01,2.277224e+00,6.326216e+00,2.505847e+00,5.801644e+00,3.758849e+00,7.569369e+00,1.263100e+01,4.195780e+00,4.905843e+01,3.739834e+00,3.077877e+00,1.133051e+00,2.021045e-01,7.123411e+01
1.883942e+00,1.175000e+00,4.300000e+01,1.309588e+00,1.853425e+02,4.473632e+01,2.276976e+00,6.400739e+00,2.545551e+00,5.918821e+00,3.834767e+00,7.722249e+00,1.288611e+01,4.280523e+00,4.809371e+01,3.815368e+00,3.140041e+00,1.155935e+00,2.061864e-01,7.070636e+01
1.883942e+00,1.250000e+00,4.300000e+01,1.285417e+00,1.850316e+02,4.359962e+01,2.276739e+00,6.471042e+00,2.583104e+00,6.030119e+00,3.906876e+00,7.867459e+00,1.312842e+01,4.361014e+00,4.717803e+01,3.887113e+00,3.199087e+00,1.177672e+00,2.100636e-01,7.020558e+01
1.883942e+00,1.325000e+00,4.300000e+01,1.263026e+00,1.847465e+02,4.254637e+01,2.276514e+00,6.539035e+00,2.619217e+00,6.137019e+00,3.976136e+00,8.006930e+00,1.336116e+01,4.438324e+00,4.629803e+01,3.956022e+00,3.255800e+00,1.198549e+00,2.137875e-01,6.972412e+01
1.883942e+00,1.400000e+00,4.300000e+01,1.242026e+00,1.844862e+02,4.155784e+01,2.276303e+00,6.606220e+00,2.654473e+00,6.240780e+00,4.043362e+00,8.142307e+00,1.358706e+01,4.513365e+00,4.544246e+01,4.022909e+00,3.310847e+00,1.218813e+00,2.174021e-01,6.925561e+01
1.883942e+00,1.475000e+00,4.300000e+01,1.222111e+00,1.842493e+02,4.061938e+01,2.276105e+00,6.673744e+00,2.689340e+00,6.342477e+00,4.109251e+00,8.274990e+00,1.380847e+01,4.586913e+00,4.460194e+01,4.088464e+00,3.364799e+00,1.238675e+00,2.209448e-01,6.879474e+01
1.883942e+00,1.550000e+00,4.300000e+01,1.203041e+00,1.840335e+02,3.971963e+01,2.275921e+00,6.742407e+00,2.724177e+00,6.443014e+00,4.174388e+00,8.406160e+00,1.402735e+01,4.659622e+00,4.376872e+01,4.153272e+00,3.418136e+00,1.258309e+00,2.244470e-01,6.833722e+01
1.883942e+00,1.625000e+00,4.300000e+01,1.184631e+00,1.838360e+02,3.884990e+01,2.275749e+00,6.812684e+00,2.759245e+00,6.543146e+00,4.239263e+00,8.536802e+00,1.424535e+01,4.732038e+00,4.293659e+01,4.217819e+00,3.471258e+00,1.277865e+00,2.279352e-01,6.787965e+01
1.883942e+00,1.700000e+00,4.300000e+01,1.166738e+00,1.836535e+02,3.800369e+01,2.275587e+00,6.884772e+00,2.794715e+00,6.643491e+00,4.304276e+00,8.667721e+00,1.446382e+01,4.804608e+00,4.210071e+01,4.282503e+00,3.524493e+00,1.297462e+00,2.314308e-01,6.741944e+01
1.883942e+00,1.775000e+00,4.300000e+01,1.149258e+00,1.834820e+02,3.717633e+01,2.275433e+00,6.958607e+00,2.830676e+00,6.744536e+00,4.369742e+00,8.799554e+00,1.468381e+01,4.877684e+00,4.125751e+01,4.347638e+00,3.578100e+00,1.317196e+00,2.349508e-01,6.695478e+01
1.883942e+00,1.850000e+00,4.300000e+01,1.132118e+00,1.833175e+02,3.636467e+01,2.275282e+00,7.033887e+00,2.867138e+00,6.846648e+00,4.435900e+00,8.932779e+00,1.490612e+01,4.951532e+00,4.040461e+01,4.413462e+00,3.632273e+00,1.337138e+00,2.385079e-01,6.648455e+01
1.883942e+00,1.925000e+00,4.300000e+01,1.115269e+00,1.831558e+02,3.556684e+01,2.275132e+00,7.110130e+00,2.904053e+00,6.950082e+00,4.502914e+00,9.067729e+00,1.513131e+01,5.026336e+00,3.954071e+01,4.480137e+00,3.687146e+00,1.357339e+00,2.421111e-01,6.600825e+01
1.883942e+00,2.000000e+00,4.300000e+01,1.098685e+00,1.829924e+02,3.478196e+01,2.274978e+00,7.186676e+00,2.941308e+00,7.054987e+00,4.570881e+00,9.204597e+00,1.535970e+01,5.102204e+00,3.866549e+01,4.547760e+00,3.742800e+00,1.377826e+00,2.457655e-01,6.552595e+01
2.092052e+00,5.000000e-01,4.775000e+01,1.765396e+00,2.002703e+02,7.468689e+01,2.278399e+00,4.844444e+00,1.912155e+00,4.358222e+00,2.839048e+00,5.388632e+00,9.500129e+00,3.142915e+00,6.216971e+01,2.650955e+00,2.298221e+00,7.595929e-01,1.359782e-01,7.885524e+01
2.092052e+00,5.750000e-01,4.775000e+01,1.661417e+00,2.002703e+02,6.910839e+01,2.278399e+00,5.147631e+00,2.031826e+00,4.630979e+00,3.016729e+00,5.725878e+00,1.009469e+01,3.339613e+00,5.980211e+01,2.816864e+00,2.442055e+00,8.071317e-01,1.444883e-01,7.753190e+01
2.092052e+00,6.500000e-01,4.775000e+01,1.580796e+00,2.002703e+02,6.478307e+01,2.278399e+00,5.410161e+00,2.135449e+00,4.867159e+00,3.170582e+00,6.017898e+00,1.060952e+01,3.509934e+00,5.775202e+01,2.960524e+00,2.566600e+00,8.482955e-01,1.518572e-01,7.638603e+01
2.092052e+00,7.250000e-01,4.775000e+01,1.516349e+00,2.002703e+02,6.132549e+01,2.278399e+00,5.640099e+00,2.226209e+00,5.074020e+00,3.305336e+00,6.273666e+00,1.106044e+01,3.659110e+00,5.595643e+01,3.086350e+00,2.675684e+00,8.843491e-01,1.583113e-01,7.538241e+01
2.092052e+00,8.000000e-01,4.775000e+01,1.463502e+00,2.002109e+02,5.849618e+01,2.278368e+00,5.836195e+00,2.305098e+00,5.257242e+00,3.424691e+00,6.500207e+00,1.145983e+01,3.791240e+00,5.437509e+01,3.197798e+00,2.772302e+00,9.162828e-01,1.640279e-01,7.450104e+01
2.092052e+00,8.750000e-01,4.775000e+01,1.419161e+00,1.997566e+02,5.616270e+01,2.278123e+00,5.958870e+00,2.365243e+00,5.421502e+00,3.531694e+00,6.703303e+00,1.181789e+01,3.909696e+00,5.302111e+01,3.297712e+00,2.858922e+00,9.449117e-01,1.691529e-01,7.376400e+01
2.092052e+00,9.500000e-01,4.775000e+01,1.381193e+00,1.993258e+02,5.416882e+01,2.277876e+00,6.064541e+00,2.418598e+00,5.570533e+00,3.628776e+00,6.887569e+00,1.214275e+01,4.017169e+00,5.179951e+01,3.388362e+00,2.937511e+00,9.708861e-01,1.738027e-01,7.310094e+01
2.092052e+00,1.025000e+00,4.775000e+01,1.348093e+00,1.989201e+02,5.243353e+01,2.277631e+00,6.157347e+00,2.466643e+00,5.707310e+00,3.717876e+00,7.056685e+00,1.244090e+01,4.115805e+00,5.068345e+01,3.471560e+00,3.009638e+00,9.947250e-01,1.780702e-01,7.249657e+01
2.092052e+00,1.100000e+00,4.775000e+01,1.318747e+00,1.985404e+02,5.089712e+01,2.277390e+00,6.240701e+00,2.510608e+00,5.834311e+00,3.800607e+00,7.213712e+00,1.271773e+01,4.207391e+00,4.965062e+01,3.548810e+00,3.076609e+00,1.016860e+00,1.820327e-01,7.193822e+01
2.092052e+00,1.175000e+00,4.775000e+01,1.292321e+00,1.981876e+02,4.951461e+01,2.277156e+00,6.317438e+00,2.551524e+00,5.953616e+00,3.878326e+00,7.361225e+00,1.297780e+01,4.293428e+00,4.868233e+01,3.621379e+00,3.139523e+00,1.037654e+00,1.857551e-01,7.141526e+01
2.092052e+00,1.250000e+00,4.775000e+01,1.268171e+00,1.978621e+02,4.825153e+01,2.276932e+00,6.389892e+00,2.590252e+00,6.066990e+00,3.952180e+00,7.501403e+00,1.322493e+01,4.375187e+00,4.776281e+01,3.690341e+00,3.199308e+00,1.057413e+00,1.892924e-01,7.091877e+01
2.092052e+00,1.325000e+00,4.775000e+01,1.245800e+00,1.975634e+02,4.708121e+01,2.276720e+00,6.459950e+00,2.627507e+00,6.175934e+00,4.023148e+00,7.636105e+00,1.346241e+01,4.453752e+00,4.687873e+01,3.756608e+00,3.256758e+00,1.076401e+00,1.926915e-01,7.044125e+01
2.092052e+00,1.400000e+00,4.775000e+01,1.224819e+00,1.972907e+02,4.598281e+01,2.276520e+00,6.529113e+00,2.663878e+00,6.281730e+00,4.092066e+00,7.766914e+00,1.369303e+01,4.530046e+00,4.601889e+01,3.820960e+00,3.312548e+00,1.094840e+00,1.959923e-01,6.997640e+01
2.092052e+00,1.475000e+00,4.775000e+01,1.204920e+00,1.970425e+02,4.494007e+01,2.276334e+00,6.598538e+00,2.699841e+00,6.385469e+00,4.159644e+00,7.895180e+00,1.391916e+01,4.604857e+00,4.517385e+01,3.884061e+00,3.367253e+00,1.112921e+00,1.992290e-01,6.951897e+01
2.092052e+00,1.550000e+00,4.775000e+01,1.185865e+00,1.968163e+02,4.394038e+01,2.276160e+00,6.669014e+00,2.735760e+00,6.488073e+00,4.226483e+00,8.022043e+00,1.414282e+01,4.678850e+00,4.433590e+01,3.946472e+00,3.421359e+00,1.130804e+00,2.024303e-01,6.906475e+01
2.092052e+00,1.625000e+00,4.775000e+01,1.167468e+00,1.966093e+02,4.297407e+01,2.275997e+00,6.741058e+00,2.771907e+00,6.590313e+00,4.293085e+00,8.148455e+00,1.436568e+01,4.752579e+00,4.349874e+01,4.008660e+00,3.475274e+00,1.148623e+00,2.056202e-01,6.861031e+01
2.092052e+00,1.700000e+00,4.775000e+01,1.149587e+00,1.964179e+02,4.203393e+01,2.275844e+00,6.814870e+00,2.808460e+00,6.692817e+00,4.359858e+00,8.275194e+00,1.458912e+01,4.826500e+00,4.265754e+01,4.071010e+00,3.529327e+00,1.166488e+00,2.088184e-01,6.815312e+01
2.092052e+00,1.775000e+00,4.775000e+01,1.132119e+00,1.962381e+02,4.111475e+01,2.275698e+00,6.890415e+00,2.845516e+00,6.796083e+00,4.427128e+00,8.402875e+00,1.481422e+01,4.900970e+00,4.180865e+01,4.133824e+00,3.583783e+00,1.184487e+00,2.120404e-01,6.769135e+01
2.092052e+00,1.850000e+00,4.775000e+01,1.114990e+00,1.960655e+02,4.021303e+01,2.275556e+00,6.967422e+00,2.883096e+00,6.900488e+00,4.495140e+00,8.531964e+00,1.504181e+01,4.976261e+00,4.094967e+01,4.197329e+00,3.638839e+00,1.202683e+00,2.152978e-01,6.722385e+01
2.092052e+00,1.925000e+00,4.775000e+01,1.098153e+00,1.958957e+02,3.932668e+01,2.275413e+00,7.045420e+00,2.921154e+00,7.006290e+00,4.564062e+00,8.662781e+00,1.527244e+01,5.052560e+00,4.007926e+01,4.261685e+00,3.694632e+00,1.221124e+00,2.185989e-01,6.675014e+01
2.092052e+00,2.000000e+00,4.775000e+01,1.081580e+00,1.957240e+02,3.845473e+01,2.275267e+00,7.123791e+00,2.959588e+00,7.113643e+00,4.633994e+00,8.795515e+00,1.550645e+01,5.129977e+00,3.919704e+01,4.326985e+00,3.751243e+00,1.239834e+00,2.219483e-01,6.627026e+01
2.300161e+00,5.000000e-01,5.250000e+01,1.749912e+00,2.124087e+02,8.198152e+01,2.278399e+00,4.756143e+00,1.906332e+00,4.369996e+00,2.859524e+00,5.098346e+00,9.525591e+00,3.143936e+00,6.271516e+01,2.522827e+00,2.292274e+00,6.865232e-01,1.233468e-01,7.942223e+01
2.300161e+00,5.750000e-01,5.250000e+01,1.645933e+00,2.124087e+02,7.584808e+01,2.278399e+00,5.056605e+00,2.026761e+00,4.646063e+00,3.040170e+00,5.420425e+00,1.012735e+01,3.342549e+00,6.035975e+01,2.682202e+00,2.437085e+00,7.298931e-01,1.311390e-01,7.812226e+01
2.300161e+00,6.500000e-01,5.250000e+01,1.565312e+00,2.124087e+02,7.109250e+01,2.278399e+00,5.317042e+00,2.131149e+00,4.885356e+00,3.196752e+00,5.699602e+00,1.064896e+01,3.514705e+00,5.831810e+01,2.820348e+00,2.562606e+00,7.674859e-01,1.378933e-01,7.699546e+01
2.300161e+00,7.250000e-01,5.250000e+01,1.500865e+00,2.124087e+02,6.729097e+01,2.278399e+00,5.545355e+00,2.222660e+00,5.095132e+00,3.334020e+00,5.944341e+00,1.110622e+01,3.665626e+00,5.652829e+01,2.941453e+00,2.672644e+00,8.004415e-01,1.438144e-01,7.600765e+01
2.300161e+00,8.000000e-01,5.250000e+01,1.448019e+00,2.124086e+02,6.417372e+01,2.278399e+00,5.747733e+00,2.303776e+00,5.281082e+00,3.455697e+00,6.161283e+00,1.151155e+01,3.799405e+00,5.494177e+01,3.048803e+00,2.770184e+00,8.296541e-01,1.490629e-01,7.513204e+01
2.300161e+00,8.750000e-01,5.250000e+01,1.403700e+00,2.120468e+02,6.159567e+01,2.278220e+00,5.885501e+00,2.367806e+00,5.447820e+00,3.564802e+00,6.355811e+00,1.187500e+01,3.919362e+00,5.357157e+01,3.145062e+00,2.857646e+00,8.558485e-01,1.537693e-01,7.439059e+01
2.300161e+00,9.500000e-01,5.250000e+01,1.365756e+00,2.115966e+02,5.940247e+01,2.277985e+00,5.993134e+00,2.422377e+00,5.599175e+00,3.663842e+00,6.532392e+00,1.220492e+01,4.028252e+00,5.234876e+01,3.232440e+00,2.937039e+00,8.796261e-01,1.580414e-01,7.373498e+01
2.300161e+00,1.025000e+00,5.250000e+01,1.332677e+00,2.111724e+02,5.749364e+01,2.277752e+00,6.087930e+00,2.471595e+00,5.738155e+00,3.754784e+00,6.694536e+00,1.250786e+01,4.128240e+00,5.123086e+01,3.312674e+00,3.009941e+00,9.014598e-01,1.619642e-01,7.313701e+01
2.300161e+00,1.100000e+00,5.250000e+01,1.303351e+00,2.107753e+02,5.580355e+01,2.277522e+00,6.173265e+00,2.516692e+00,5.867261e+00,3.839266e+00,6.845161e+00,1.278929e+01,4.221124e+00,5.019572e+01,3.387209e+00,3.077664e+00,9.217424e-01,1.656083e-01,7.258424e+01
2.300161e+00,1.175000e+00,5.250000e+01,1.276944e+00,2.104063e+02,5.428272e+01,2.277300e+00,6.251941e+00,2.558701e+00,5.988600e+00,3.918664e+00,6.986723e+00,1.305378e+01,4.308419e+00,4.922477e+01,3.457258e+00,3.141312e+00,9.408045e-01,1.690332e-01,7.206626e+01
2.300161e+00,1.250000e+00,5.250000e+01,1.252811e+00,2.100657e+02,5.289329e+01,2.277087e+00,6.326273e+00,2.598487e+00,6.103955e+00,3.994147e+00,7.121305e+00,1.330523e+01,4.391410e+00,4.830231e+01,3.523854e+00,3.201822e+00,9.589268e-01,1.722892e-01,7.157428e+01
2.300161e+00,1.325000e+00,5.250000e+01,1.230456e+00,2.097531e+02,5.160589e+01,2.276884e+00,6.398141e+00,2.636773e+00,6.214851e+00,4.066713e+00,7.250684e+00,1.354695e+01,4.471193e+00,4.741506e+01,3.587875e+00,3.259993e+00,9.763485e-01,1.754194e-01,7.110091e+01
2.300161e+00,1.400000e+00,5.250000e+01,1.209489e+00,2.094678e+02,5.039763e+01,2.276694e+00,6.469062e+00,2.674156e+00,6.322589e+00,4.137211e+00,7.376379e+00,1.378180e+01,4.548704e+00,4.655179e+01,3.650073e+00,3.316507e+00,9.932740e-01,1.784603e-01,7.063992e+01
2.300161e+00,1.475000e+00,5.250000e+01,1.189603e+00,2.092079e+02,4.925063e+01,2.276516e+00,6.540165e+00,2.711112e+00,6.428278e+00,4.206369e+00,7.499683e+00,1.401218e+01,4.624740e+00,4.570312e+01,3.711088e+00,3.371946e+00,1.009878e+00,1.814435e-01,7.018617e+01
2.300161e+00,1.550000e+00,5.250000e+01,1.170560e+00,2.089711e+02,4.815101e+01,2.276351e+00,6.612273e+00,2.748018e+00,6.532856e+00,4.274800e+00,7.621691e+00,1.424013e+01,4.699977e+00,4.486129e+01,3.771461e+00,3.426802e+00,1.026307e+00,1.843953e-01,6.973544e+01
2.300161e+00,1.625000e+00,5.250000e+01,1.152174e+00,2.087544e+02,4.708813e+01,2.276196e+00,6.685898e+00,2.785150e+00,6.637106e+00,4.343016e+00,7.743316e+00,1.446737e+01,4.774978e+00,4.402001e+01,3.831646e+00,3.481486e+00,1.042684e+00,1.873378e-01,6.928437e+01
2.300161e+00,1.700000e+00,5.250000e+01,1.134303e+00,2.085539e+02,4.605406e+01,2.276050e+00,6.761271e+00,2.822695e+00,6.741670e+00,4.411438e+00,7.865308e+00,1.469530e+01,4.850206e+00,4.317437e+01,3.892011e+00,3.536336e+00,1.059111e+00,1.902892e-01,6.883042e+01
2.300161e+00,1.775000e+00,5.250000e+01,1.116845e+00,2.083656e+02,4.504306e+01,2.275911e+00,6.838372e+00,2.860756e+00,6.847056e+00,4.480398e+00,7.988259e+00,1.492501e+01,4.926024e+00,4.232072e+01,3.952851e+00,3.591616e+00,1.075667e+00,1.932638e-01,6.837177e+01
2.300161e+00,1.850000e+00,5.250000e+01,1.099725e+00,2.081847e+02,4.405128e+01,2.275775e+00,6.916952e+00,2.899362e+00,6.953647e+00,4.550146e+00,8.112616e+00,1.515736e+01,5.002710e+00,4.145661e+01,4.014387e+00,3.647529e+00,1.092413e+00,1.962725e-01,6.790728e+01
2.300161e+00,1.925000e+00,5.250000e+01,1.082896e+00,2.080067e+02,4.307641e+01,2.275639e+00,6.996571e+00,2.938475e+00,7.061709e+00,4.620857e+00,8.238689e+00,1.539291e+01,5.080454e+00,4.058064e+01,4.076773e+00,3.704213e+00,1.109389e+00,1.993226e-01,6.743642e+01
2.300161e+00,2.000000e+00,5.250000e+01,1.066333e+00,2.078266e+02,4.211739e+01,2.275500e+00,7.076621e+00,2.977996e+00,7.171399e+00,4.692633e+00,8.366661e+00,1.563201e+01,5.159369e+00,3.969242e+01,4.140097e+00,3.761751e+00,1.126621e+00,2.024187e-01,6.695923e+01
2.508271e+00,5.000000e-01,5.725000e+01,1.735884e+00,2.239363e+02,8.926555e+01,2.278399e+00,4.684295e+00,1.902616e+00,4.382788e+00,2.878728e+00,4.802522e+00,9.544136e+00,3.146819e+00,6.321808e+01,2.413098e+00,2.288239e+00,6.258208e-01,1.128568e-01,7.994466e+01
2.508271e+00,5.750000e-01,5.725000e+01,1.631904e+00,2.239363e+02,8.257719e+01,2.278399e+00,4.982762e+00,2.023844e+00,4.662043e+00,3.062150e+00,5.108521e+00,1.015225e+01,3.347323e+00,6.087447e+01,2.566852e+00,2.434037e+00,6.656959e-01,1.200476e-01,7.866680e+01
2.508271e+00,6.500000e-01,5.725000e+01,1.551284e+00,2.239363e+02,7.739134e+01,2.278399e+00,5.241717e+00,2.129024e+00,4.904331e+00,3.221291e+00,5.374012e+00,1.067987e+01,3.521285e+00,5.884111e+01,2.700253e+00,2.560535e+00,7.002923e-01,1.262865e-01,7.755811e+01
2.508271e+00,7.250000e-01,5.725000e+01,1.486837e+00,2.239363e+02,7.324586e+01,2.278399e+00,5.468918e+00,2.221306e+00,5.116908e+00,3.360917e+00,5.606948e+00,1.114279e+01,3.673914e+00,5.705708e+01,2.817295e+00,2.671521e+00,7.306463e-01,1.317604e-01,7.658537e+01
2.508271e+00,8.000000e-01,5.725000e+01,1.433990e+00,2.239363e+02,6.984657e+01,2.278399e+00,5.670461e+00,2.303166e+00,5.305480e+00,3.484776e+00,5.813579e+00,1.155343e+01,3.809307e+00,5.547452e+01,2.921119e+00,2.769974e+00,7.575725e-01,1.366161e-01,7.572248e+01
2.508271e+00,8.750000e-01,5.725000e+01,1.389684e+00,2.237184e+02,6.701837e+01,2.278299e+00,5.826875e+00,2.371734e+00,5.474632e+00,3.595879e+00,5.998930e+00,1.192178e+01,3.930758e+00,5.408418e+01,3.014252e+00,2.858288e+00,7.817258e-01,1.409717e-01,7.497283e+01
2.508271e+00,9.500000e-01,5.725000e+01,1.351758e+00,2.232484e+02,6.462586e+01,2.278074e+00,5.936297e+00,2.427429e+00,5.628230e+00,3.696766e+00,6.167238e+00,1.225626e+01,4.041041e+00,5.286085e+01,3.098821e+00,2.938481e+00,8.036582e-01,1.449269e-01,7.432471e+01
2.508271e+00,1.025000e+00,5.725000e+01,1.320573e+00,2.228195e+02,6.266280e+01,2.277852e+00,6.028158e+00,2.475648e+00,5.764354e+00,3.786176e+00,6.316399e+00,1.255269e+01,4.138777e+00,5.178295e+01,3.173769e+00,3.009551e+00,8.230954e-01,1.484321e-01,7.375545e+01
2.508271e+00,1.100000e+00,5.725000e+01,1.289388e+00,2.223906e+02,6.069974e+01,2.277630e+00,6.120019e+00,2.523867e+00,5.900477e+00,3.875585e+00,6.465559e+00,1.284912e+01,4.236513e+00,5.070505e+01,3.248717e+00,3.080621e+00,8.425326e-01,1.519372e-01,7.318618e+01
2.508271e+00,1.175000e+00,5.725000e+01,1.262995e+00,2.220050e+02,5.904062e+01,2.277417e+00,6.200447e+00,2.566883e+00,6.023779e+00,3.956573e+00,6.600669e+00,1.311762e+01,4.325043e+00,4.973213e+01,3.316605e+00,3.144997e+00,8.601388e-01,1.551123e-01,7.267332e+01
2.508271e+00,1.250000e+00,5.725000e+01,1.238877e+00,2.216490e+02,5.752483e+01,2.277213e+00,6.276481e+00,2.607646e+00,6.141049e+00,4.033599e+00,6.729169e+00,1.337300e+01,4.409242e+00,4.880741e+01,3.381172e+00,3.206223e+00,8.768839e-01,1.581320e-01,7.218600e+01
2.508271e+00,1.325000e+00,5.725000e+01,1.216535e+00,2.213223e+02,5.612037e+01,2.277019e+00,6.350002e+00,2.646885e+00,6.253831e+00,4.107677e+00,6.852752e+00,1.361859e+01,4.490219e+00,4.791764e+01,3.443268e+00,3.265106e+00,8.929881e-01,1.610361e-01,7.171694e+01
2.508271e+00,1.400000e+00,5.725000e+01,1.195579e+00,2.210239e+02,5.480226e+01,2.276836e+00,6.422504e+00,2.685199e+00,6.363444e+00,4.179674e+00,6.972863e+00,1.385729e+01,4.568921e+00,4.705165e+01,3.503620e+00,3.322336e+00,9.086399e-01,1.638586e-01,7.126001e+01
2.508271e+00,1.475000e+00,5.725000e+01,1.175704e+00,2.207523e+02,5.355100e+01,2.276666e+00,6.495153e+00,2.723078e+00,6.471016e+00,4.250330e+00,7.090737e+00,1.409155e+01,4.646157e+00,4.620001e+01,3.562847e+00,3.378499e+00,9.240000e-01,1.666286e-01,7.081009e+01
2.508271e+00,1.550000e+00,5.725000e+01,1.156671e+00,2.205047e+02,5.235145e+01,2.276507e+00,6.568760e+00,2.760901e+00,6.577498e+00,4.320270e+00,7.207417e+00,1.432343e+01,4.722611e+00,4.535497e+01,3.621475e+00,3.434093e+00,9.392047e-01,1.693705e-01,7.036303e+01
2.508271e+00,1.625000e+00,5.725000e+01,1.138294e+00,2.202781e+02,5.119201e+01,2.276358e+00,6.643854e+00,2.798951e+00,6.683689e+00,4.390019e+00,7.323778e+00,1.455467e+01,4.798855e+00,4.451023e+01,3.679943e+00,3.489535e+00,9.543678e-01,1.721049e-01,6.991551e+01
2.508271e+00,1.700000e+00,5.725000e+01,1.120431e+00,2.200684e+02,5.006401e+01,2.276218e+00,6.720682e+00,2.837421e+00,6.790242e+00,4.460006e+00,7.440535e+00,1.478671e+01,4.875360e+00,4.366084e+01,3.738609e+00,3.545167e+00,9.695825e-01,1.748487e-01,6.946499e+01
2.508271e+00,1.775000e+00,5.725000e+01,1.102980e+00,2.198714e+02,4.896120e+01,2.276085e+00,6.799241e+00,2.876423e+00,6.897674e+00,4.530570e+00,7.558256e+00,1.502066e+01,4.952495e+00,4.280313e+01,3.797760e+00,3.601257e+00,9.849228e-01,1.776150e-01,6.900965e+01
2.508271e+00,1.850000e+00,5.725000e+01,1.085868e+00,2.196821e+02,4.787937e+01,2.275954e+00,6.879301e+00,2.915992e+00,7.006377e+00,4.601969e+00,7.677369e+00,1.525737e+01,5.030543e+00,4.193460e+01,3.857610e+00,3.658010e+00,1.000445e+00,1.804141e-01,6.854836e+01
2.508271e+00,1.925000e+00,5.725000e+01,1.069046e+00,2.194957e+02,4.681599e+01,2.275824e+00,6.960440e+00,2.956093e+00,7.116622e+00,4.674380e+00,7.798172e+00,1.549744e+01,5.109699e+00,4.105383e+01,3.918310e+00,3.715569e+00,1.016186e+00,1.832529e-01,6.808057e+01
2.508271e+00,2.000000e+00,5.725000e+01,1.052490e+00,2.193071e+02,4.576989e+01,2.275690e+00,7.042072e+00,2.996635e+00,7.228569e+00,4.747910e+00,7.920840e+00,1.574122e+01,5.190076e+00,4.016040e+01,3.979946e+00,3.774017e+00,1.032171e+00,1.861356e-01,6.760633e+01
2.716381e+00,5.000000e-01,6.200000e+01,1.722981e+00,2.348561e+02,9.653905e+01,2.278399e+00,4.625289e+00,1.900551e+00,4.396393e+00,2.896954e+00,4.501786e+00,9.557230e+00,3.151169e+00,6.368817e+01,2.318041e+00,2.285760e+00,5.746433e-01,1.040159e-01,8.043268e+01
2.716381e+00,5.750000e-01,6.200000e+01,1.619002e+00,2.348561e+02,8.929576e+01,2.278399e+00,4.922344e+00,2.022612e+00,4.678748e+00,3.083008e+00,4.790910e+00,1.017103e+01,3.353550e+00,6.135607e+01,2.466915e+00,2.432561e+00,6.115493e-01,1.106962e-01,7.917598e+01
2.716381e+00,6.500000e-01,6.200000e+01,1.538381e+00,2.348561e+02,8.367964e+01,2.278399e+00,5.180306e+00,2.128610e+00,4.923943e+00,3.244577e+00,5.041983e+00,1.070406e+01,3.529297e+00,5.933089e+01,2.596197e+00,2.560042e+00,6.435982e-01,1.164974e-01,7.808468e+01
2.716381e+00,7.250000e-01,6.200000e+01,1.473934e+00,2.348561e+02,7.919021e+01,2.278399e+00,5.406811e+00,2.221682e+00,5.139239e+00,3.386444e+00,5.262440e+00,1.117209e+01,3.683613e+00,5.755266e+01,2.709714e+00,2.671979e+00,6.717391e-01,1.215911e-01,7.712644e+01
2.716381e+00,8.000000e-01,6.200000e+01,1.421088e+00,2.348561e+02,7.550889e+01,2.278399e+00,5.607874e+00,2.304300e+00,5.330353e+00,3.512376e+00,5.458135e+00,1.158755e+01,3.820596e+00,5.597416e+01,2.810481e+00,2.771342e+00,6.967192e-01,1.261128e-01,7.627584e+01
2.716381e+00,8.750000e-01,6.200000e+01,1.377228e+00,2.344443e+02,7.242830e+01,2.278349e+00,5.782133e+00,2.376726e+00,5.502063e+00,3.624790e+00,5.630022e+00,1.195713e+01,3.944099e+00,5.455919e+01,2.908023e+00,2.861186e+00,7.236798e-01,1.309570e-01,7.550998e+01
2.716381e+00,9.500000e-01,6.200000e+01,1.338876e+00,2.342859e+02,6.983896e+01,2.278148e+00,5.891078e+00,2.433531e+00,5.657655e+00,3.728048e+00,5.793284e+00,1.229906e+01,4.055194e+00,5.334423e+01,2.983054e+00,2.941512e+00,7.395001e-01,1.338565e-01,7.488024e+01
2.716381e+00,1.025000e+00,6.200000e+01,1.305829e+00,2.338237e+02,6.758311e+01,2.277932e+00,5.989356e+00,2.484844e+00,5.800834e+00,3.822394e+00,5.939895e+00,1.261031e+01,4.157819e+00,5.222458e+01,3.058546e+00,3.015954e+00,7.582147e-01,1.372440e-01,7.429533e+01
2.716381e+00,1.100000e+00,6.200000e+01,1.276534e+00,2.333909e+02,6.558567e+01,2.277720e+00,6.078137e+00,2.531959e+00,5.933956e+00,3.910113e+00,6.076208e+00,1.289971e+01,4.253236e+00,5.118677e+01,3.128736e+00,3.085166e+00,7.756147e-01,1.403936e-01,7.375411e+01
2.716381e+00,1.175000e+00,6.200000e+01,1.250154e+00,2.329885e+02,6.378826e+01,2.277515e+00,6.160182e+00,2.575917e+00,6.059170e+00,3.992622e+00,6.204424e+00,1.317191e+01,4.342985e+00,5.021243e+01,3.194757e+00,3.150268e+00,7.919812e-01,1.433561e-01,7.324650e+01
2.716381e+00,1.250000e+00,6.200000e+01,1.226047e+00,2.326169e+02,6.214613e+01,2.277318e+00,6.237800e+00,2.617597e+00,6.178306e+00,4.071125e+00,6.326416e+00,1.343089e+01,4.428377e+00,4.928598e+01,3.257572e+00,3.212209e+00,8.075532e-01,1.461748e-01,7.276398e+01
2.716381e+00,1.325000e+00,6.200000e+01,1.203716e+00,2.322759e+02,6.062461e+01,2.277131e+00,6.312852e+00,2.657730e+00,6.292925e+00,4.146652e+00,6.443783e+00,1.368006e+01,4.510532e+00,4.839423e+01,3.318007e+00,3.271802e+00,8.225349e-01,1.488866e-01,7.229937e+01
2.716381e+00,1.400000e+00,6.200000e+01,1.182770e+00,2.319644e+02,5.919665e+01,2.276955e+00,6.386844e+00,2.696923e+00,6.404367e+00,4.220085e+00,6.557896e+00,1.392232e+01,4.590409e+00,4.752602e+01,3.376766e+00,3.329742e+00,8.371011e-01,1.515232e-01,7.184662e+01
2.716381e+00,1.475000e+00,6.200000e+01,1.162904e+00,2.316808e+02,5.784114e+01,2.276790e+00,6.460933e+00,2.735670e+00,6.513773e+00,4.292177e+00,6.669925e+00,1.416016e+01,4.668827e+00,4.667195e+01,3.434451e+00,3.386624e+00,8.514014e-01,1.541117e-01,7.140069e+01
2.716381e+00,1.550000e+00,6.200000e+01,1.143879e+00,2.314222e+02,5.654167e+01,2.276637e+00,6.535947e+00,2.774357e+00,6.622112e+00,4.363566e+00,6.780861e+00,1.439567e+01,4.746481e+00,4.582424e+01,3.491574e+00,3.442952e+00,8.655621e-01,1.566749e-01,7.095746e+01
2.716381e+00,1.625000e+00,6.200000e+01,1.125509e+00,2.311856e+02,5.528566e+01,2.276494e+00,6.612439e+00,2.813277e+00,6.730194e+00,4.434786e+00,6.891534e+00,1.463063e+01,4.823950e+00,4.497656e+01,3.548562e+00,3.499146e+00,8.796893e-01,1.592321e-01,7.051363e+01
2.716381e+00,1.700000e+00,6.200000e+01,1.107653e+00,2.309666e+02,5.406374e+01,2.276359e+00,6.690653e+00,2.852626e+00,6.838685e+00,4.506274e+00,7.002626e+00,1.486648e+01,4.901712e+00,4.412396e+01,3.605764e+00,3.555553e+00,8.938699e-01,1.617989e-01,7.006669e+01
2.716381e+00,1.775000e+00,6.200000e+01,1.090209e+00,2.307608e+02,5.286912e+01,2.276229e+00,6.770606e+00,2.892522e+00,6.948111e+00,4.578379e+00,7.114675e+00,1.510436e+01,4.980144e+00,4.326274e+01,3.663460e+00,3.612445e+00,9.081727e-01,1.643879e-01,6.961483e+01
2.716381e+00,1.850000e+00,6.200000e+01,1.073102e+00,2.305630e+02,5.169724e+01,2.276103e+00,6.852086e+00,2.933005e+00,7.058871e+00,4.651364e+00,7.228090e+00,1.534514e+01,5.059533e+00,4.239037e+01,3.721860e+00,3.670032e+00,9.226499e-01,1.670084e-01,6.915691e+01
2.716381e+00,1.925000e+00,6.200000e+01,1.056287e+00,2.303682e+02,5.054535e+01,2.275977e+00,6.934688e+00,2.974048e+00,7.171243e+00,4.725410e+00,7.343156e+00,1.558942e+01,5.140077e+00,4.150539e+01,3.781109e+00,3.728456e+00,9.373378e-01,1.696670e-01,6.869239e+01
2.716381e+00,2.000000e+00,6.200000e+01,1.039737e+00,2.301710e+02,4.941218e+01,2.275848e+00,7.017840e+00,3.015562e+00,7.285391e+00,4.800626e+00,7.460041e+00,1.583756e+01,5.221894e+00,4.060736e+01,3.841295e+00,3.787804e+00,9.522578e-01,1.723677e-01,6.822128e+01
2.924491e+00,5.000000e-01,6.675000e+01,1.710967e+00,2.451702e+02,1.038020e+02,2.278399e+00,4.576505e+00,1.899807e+00,4.410667e+00,2.914418e+00,4.196590e+00,9.565941e+00,3.156699e+00,6.413250e+01,2.234884e+00,2.284570e+00,5.309506e-01,9.647098e-02,8.089370e+01
2.924491e+00,5.750000e-01,6.675000e+01,1.606988e+00,2.451702e+02,9.600383e+01,2.278399e+00,4.872625e+00,2.022733e+00,4.696057e+00,3.102994e+00,4.468127e+00,1.018490e+01,3.360952e+00,6.181171e+01,2.379491e+00,2.432391e+00,5.653054e-01,1.027131e-01,7.965744e+01
2.924491e+00,6.500000e-01,6.675000e+01,1.526367e+00,2.451702e+02,8.995744e+01,2.278399e+00,5.129990e+00,2.129571e+00,4.944096e+00,3.266890e+00,4.704128e+00,1.072285e+01,3.538473e+00,5.979466e+01,2.505173e+00,2.560867e+00,5.951641e-01,1.081382e-01,7.858298e+01
2.924491e+00,7.250000e-01,6.675000e+01,1.461920e+00,2.451702e+02,8.512406e+01,2.278399e+00,5.356139e+00,2.223450e+00,5.162050e+00,3.410906e+00,4.911503e+00,1.119555e+01,3.694461e+00,5.802226e+01,2.615610e+00,2.673760e+00,6.214011e-01,1.129054e-01,7.763884e+01
2.924491e+00,8.000000e-01,6.675000e+01,1.409074e+00,2.451702e+02,8.116070e+01,2.278399e+00,5.557016e+00,2.306838e+00,5.355648e+00,3.538829e+00,5.095705e+00,1.161543e+01,3.833019e+00,5.644792e+01,2.713706e+00,2.774037e+00,6.447063e-01,1.171398e-01,7.680020e+01
2.924491e+00,8.750000e-01,6.675000e+01,1.364772e+00,2.451701e+02,7.783822e+01,2.278399e+00,5.737391e+00,2.381718e+00,5.529495e+00,3.653701e+00,5.261113e+00,1.199248e+01,3.957440e+00,5.503421e+01,2.801794e+00,2.864084e+00,6.656337e-01,1.209422e-01,7.604713e+01
2.924491e+00,9.500000e-01,6.675000e+01,1.326875e+00,2.447126e+02,7.504177e+01,2.278210e+00,5.855283e+00,2.440512e+00,5.687423e+00,3.758055e+00,5.411376e+00,1.233499e+01,4.070469e+00,5.380514e+01,2.881817e+00,2.945885e+00,6.846449e-01,1.243964e-01,7.540899e+01
2.924491e+00,1.025000e+00,6.675000e+01,1.293841e+00,2.442311e+02,7.261241e+01,2.278002e+00,5.955154e+00,2.492789e+00,5.832635e+00,3.854005e+00,5.549540e+00,1.264993e+01,4.174397e+00,5.268536e+01,2.955396e+00,3.021100e+00,7.021252e-01,1.275725e-01,7.483075e+01
2.924491e+00,1.100000e+00,6.675000e+01,1.264557e+00,2.437801e+02,7.046132e+01,2.277796e+00,6.045503e+00,2.540832e+00,5.967701e+00,3.943252e+00,5.678050e+00,1.294287e+01,4.271063e+00,5.164693e+01,3.023834e+00,3.091060e+00,7.183843e-01,1.305267e-01,7.429546e+01
2.924491e+00,1.175000e+00,6.675000e+01,1.238540e+00,2.430564e+02,6.852048e+01,2.277591e+00,6.132873e+00,2.586007e+00,6.094918e+00,4.026669e+00,5.794731e+00,1.321537e+01,4.362488e+00,5.066328e+01,3.094564e+00,3.157472e+00,7.376358e-01,1.339906e-01,7.378279e+01
2.924491e+00,1.250000e+00,6.675000e+01,1.214091e+00,2.429733e+02,6.675715e+01,2.277406e+00,6.208192e+00,2.628237e+00,6.215759e+00,4.107161e+00,5.914069e+00,1.348086e+01,4.448598e+00,4.974386e+01,3.149525e+00,3.219545e+00,7.482453e-01,1.359523e-01,7.331561e+01
2.924491e+00,1.325000e+00,6.675000e+01,1.191769e+00,2.426178e+02,6.511858e+01,2.277225e+00,6.284694e+00,2.669220e+00,6.332182e+00,4.184090e+00,6.024842e+00,1.373336e+01,4.531921e+00,4.885057e+01,3.208517e+00,3.279849e+00,7.622601e-01,1.384987e-01,7.285558e+01
2.924491e+00,1.400000e+00,6.675000e+01,1.170831e+00,2.422930e+02,6.358079e+01,2.277055e+00,6.360099e+00,2.709251e+00,6.445418e+00,4.258912e+00,6.132581e+00,1.397895e+01,4.612964e+00,4.798057e+01,3.265893e+00,3.338501e+00,7.758913e-01,1.409754e-01,7.240715e+01
2.924491e+00,1.475000e+00,6.675000e+01,1.150973e+00,2.419972e+02,6.212102e+01,2.276895e+00,6.435567e+00,2.748827e+00,6.556625e+00,4.332393e+00,6.238390e+00,1.422014e+01,4.692554e+00,4.712448e+01,3.322242e+00,3.396103e+00,7.892782e-01,1.434078e-01,7.196534e+01
2.924491e+00,1.550000e+00,6.675000e+01,1.131954e+00,2.417277e+02,6.072162e+01,2.276747e+00,6.511942e+00,2.788343e+00,6.666786e+00,4.405184e+00,6.343205e+00,1.445906e+01,4.771396e+00,4.627451e+01,3.378061e+00,3.453163e+00,8.025393e-01,1.458172e-01,7.152607e+01
2.924491e+00,1.625000e+00,6.675000e+01,1.113591e+00,2.414808e+02,5.936907e+01,2.276608e+00,6.589770e+00,2.828094e+00,6.776725e+00,4.477828e+00,6.447807e+00,1.469749e+01,4.850079e+00,4.542433e+01,3.433767e+00,3.510107e+00,8.157735e-01,1.482218e-01,7.108608e+01
2.924491e+00,1.700000e+00,6.675000e+01,1.095741e+00,2.412524e+02,5.805322e+01,2.276477e+00,6.669326e+00,2.868286e+00,6.887117e+00,4.550772e+00,6.552842e+00,1.493691e+01,4.929086e+00,4.456897e+01,3.489703e+00,3.567287e+00,8.290625e-01,1.506364e-01,7.064286e+01
2.924491e+00,1.775000e+00,6.675000e+01,1.078302e+00,2.410377e+02,5.676680e+01,2.276352e+00,6.750635e+00,2.909042e+00,6.998501e+00,4.624370e+00,6.658819e+00,1.517848e+01,5.008803e+00,4.370468e+01,3.546141e+00,3.624980e+00,8.424706e-01,1.530726e-01,7.019463e+01
2.924491e+00,1.850000e+00,6.675000e+01,1.061200e+00,2.408314e+02,5.550487e+01,2.276230e+00,6.833499e+00,2.950406e+00,7.111281e+00,4.698891e+00,6.766126e+00,1.542309e+01,5.089520e+00,4.282892e+01,3.603287e+00,3.683397e+00,8.560470e-01,1.555393e-01,6.974024e+01
2.924491e+00,1.925000e+00,6.675000e+01,1.044390e+00,2.406281e+02,5.426447e+01,2.276107e+00,6.917527e+00,2.992356e+00,7.225742e+00,4.774523e+00,6.875031e+00,1.567133e+01,5.171439e+00,4.194021e+01,3.661285e+00,3.742684e+00,8.698257e-01,1.580428e-01,6.927915e+01
2.924491e+00,2.000000e+00,6.675000e+01,1.027845e+00,2.404221e+02,5.304424e+01,2.275982e+00,7.002163e+00,3.034808e+00,7.342052e+00,4.851377e+00,6.985696e+00,1.592359e+01,5.254682e+00,4.103807e+01,3.720219e+00,3.802928e+00,8.838269e-01,1.605868e-01,6.881136e+01
3.132601e+00,5.000000e-01,7.150000e+01,1.699667e+00,2.548804e+02,1.110546e+02,2.278399e+00,4.535998e+00,1.900139e+00,4.425504e+00,2.931282e+00,3.887263e+00,9.571068e+00,3.163199e+00,6.455635e+01,2.161526e+00,2.284463e+00,4.932424e-01,8.996225e-02,8.133327e+01
3.132601e+00,5.750000e-01,7.150000e+01,1.595688e+00,2.548804e+02,1.027014e+02,2.278399e+00,4.831575e+00,2.023956e+00,4.713881e+00,3.122292e+00,4.140567e+00,1.019474e+01,3.369321e+00,6.224676e+01,2.302376e+00,2.433324e+00,5.253833e-01,9.582442e-02,8.011690e+01
3.132601e+00,6.500000e-01,7.150000e+01,1.523154e+00,2.548804e+02,9.687443e+01,2.278399e+00,5.073163e+00,2.125158e+00,4.949583e+00,3.278412e+00,4.347603e+00,1.070450e+01,3.537793e+00,6.035902e+01,2.417500e+00,2.554995e+00,5.516535e-01,1.006158e-01,7.912270e+01
3.132601e+00,7.250000e-01,7.150000e+01,1.450620e+00,2.548804e+02,9.104744e+01,2.278399e+00,5.314750e+00,2.226359e+00,5.185286e+00,3.434533e+00,4.554639e+00,1.121426e+01,3.706266e+00,5.847129e+01,2.532623e+00,2.676666e+00,5.779236e-01,1.054072e-01,7.812851e+01
3.132601e+00,8.000000e-01,7.150000e+01,1.397774e+00,2.548804e+02,8.680204e+01,2.278399e+00,5.515687e+00,2.310532e+00,5.381328e+00,3.564383e+00,4.726838e+00,1.163824e+01,3.846390e+00,5.690120e+01,2.628375e+00,2.777864e+00,5.997734e-01,1.093924e-01,7.730161e+01
3.132601e+00,8.750000e-01,7.150000e+01,1.353473e+00,2.548804e+02,8.324312e+01,2.278399e+00,5.696221e+00,2.386159e+00,5.557467e+00,3.681051e+00,4.881554e+00,1.201917e+01,3.972288e+00,5.549052e+01,2.714405e+00,2.868788e+00,6.194048e-01,1.129730e-01,7.655866e+01
3.132601e+00,9.500000e-01,7.150000e+01,1.315584e+00,2.545313e+02,8.023428e+01,2.278264e+00,5.827241e+00,2.448242e+00,5.717519e+00,3.787063e+00,5.022140e+00,1.236532e+01,4.086688e+00,5.424833e+01,2.792579e+00,2.951408e+00,6.372433e-01,1.162265e-01,7.591659e+01
3.132601e+00,1.025000e+00,7.150000e+01,1.282560e+00,2.540303e+02,7.763142e+01,2.278061e+00,5.928654e+00,2.501447e+00,5.864736e+00,3.884574e+00,5.151452e+00,1.268371e+01,4.191913e+00,5.312876e+01,2.864483e+00,3.027402e+00,6.536513e-01,1.192192e-01,7.534511e+01
3.132601e+00,1.100000e+00,7.150000e+01,1.253287e+00,2.535609e+02,7.532667e+01,2.277861e+00,6.020510e+00,2.550381e+00,6.001721e+00,3.975307e+00,5.271776e+00,1.297996e+01,4.289825e+00,5.209009e+01,2.931390e+00,3.098114e+00,6.689189e-01,1.220038e-01,7.481586e+01
3.132601e+00,1.175000e+00,7.150000e+01,1.226927e+00,2.531243e+02,7.325270e+01,2.277668e+00,6.105565e+00,2.596097e+00,6.130665e+00,4.060715e+00,5.385039e+00,1.325883e+01,4.381991e+00,5.111413e+01,2.994370e+00,3.164676e+00,6.832903e-01,1.246250e-01,7.431908e+01
3.132601e+00,1.250000e+00,7.150000e+01,1.202838e+00,2.527210e+02,7.135789e+01,2.277482e+00,6.186102e+00,2.639483e+00,6.253439e+00,4.142036e+00,5.492880e+00,1.352436e+01,4.469745e+00,5.018547e+01,3.054336e+00,3.228053e+00,6.969740e-01,1.271208e-01,7.384652e+01
3.132601e+00,1.325000e+00,7.150000e+01,1.180810e+00,2.520477e+02,6.959713e+01,2.277301e+00,6.267137e+00,2.681544e+00,6.371763e+00,4.219863e+00,5.592401e+00,1.377725e+01,4.554638e+00,4.928472e+01,3.117532e+00,3.289587e+00,7.134698e-01,1.300985e-01,7.338306e+01
3.132601e+00,1.400000e+00,7.150000e+01,1.159593e+00,2.520127e+02,6.795464e+01,2.277140e+00,6.340766e+00,2.722122e+00,6.486650e+00,4.296506e+00,5.697728e+00,1.402873e+01,4.636436e+00,4.841956e+01,3.168242e+00,3.348438e+00,7.229664e-01,1.318615e-01,7.294721e+01
3.132601e+00,1.475000e+00,7.150000e+01,1.139741e+00,2.517047e+02,6.639063e+01,2.276985e+00,6.417569e+00,2.762498e+00,6.599635e+00,4.371343e+00,5.796971e+00,1.427308e+01,4.717194e+00,4.756181e+01,3.223427e+00,3.406761e+00,7.355591e-01,1.341583e-01,7.250964e+01
3.132601e+00,1.550000e+00,7.150000e+01,1.120736e+00,2.513575e+02,6.489858e+01,2.276805e+00,6.487621e+00,2.801196e+00,6.711534e+00,4.445460e+00,5.895274e+00,1.451512e+01,4.797326e+00,4.671906e+01,3.278174e+00,3.464775e+00,7.480324e-01,1.364333e-01,7.208204e+01
3.132601e+00,1.625000e+00,7.150000e+01,1.102377e+00,2.510992e+02,6.344958e+01,2.276669e+00,6.566501e+00,2.841693e+00,6.823304e+00,4.519492e+00,5.993451e+00,1.475684e+01,4.877218e+00,4.586706e+01,3.332767e+00,3.522476e+00,7.604897e-01,1.387054e-01,7.164627e+01
3.132601e+00,1.700000e+00,7.150000e+01,1.084533e+00,2.508603e+02,6.203993e+01,2.276540e+00,6.647116e+00,2.882643e+00,6.935572e+00,4.593854e+00,6.092065e+00,1.499965e+01,4.957467e+00,4.500961e+01,3.387603e+00,3.580434e+00,7.730026e-01,1.409876e-01,7.120717e+01
3.132601e+00,1.775000e+00,7.150000e+01,1.067090e+00,2.507054e+02,6.065421e+01,2.276456e+00,6.737915e+00,2.925972e+00,7.048954e+00,4.668954e+00,6.191643e+00,1.524482e+01,5.038352e+00,4.413287e+01,3.442886e+00,3.638703e+00,7.856377e-01,1.432921e-01,7.075461e+01
3.132601e+00,1.850000e+00,7.150000e+01,1.049994e+00,2.504903e+02,5.930224e+01,2.276338e+00,6.822135e+00,2.968191e+00,7.163731e+00,4.744978e+00,6.292460e+00,1.549305e+01,5.120391e+00,4.325411e+01,3.498946e+00,3.697951e+00,7.984300e-01,1.456253e-01,7.030391e+01
3.132601e+00,1.925000e+00,7.150000e+01,1.033188e+00,2.502785e+02,5.797333e+01,2.276219e+00,6.907578e+00,3.011026e+00,7.280256e+00,4.822160e+00,6.394813e+00,1.574506e+01,5.203679e+00,4.236205e+01,3.555860e+00,3.758102e+00,8.114173e-01,1.479940e-01,6.984640e+01
3.132601e+00,2.000000e+00,7.150000e+01,1.016647e+00,2.500638e+02,5.666603e+01,2.276096e+00,6.993677e+00,3.054390e+00,7.398702e+00,4.900614e+00,6.498854e+00,1.600123e+01,5.288340e+00,4.145622e+01,3.613712e+00,3.819245e+00,8.246187e-01,1.504018e-01,6.938210e+01
3.340711e+00,5.000000e-01,7.625000e+01,1.688950e+00,2.639883e+02,1.182967e+02,2.278399e+00,4.502291e+00,1.901361e+00,4.440823e+00,2.947669e+00,3.574051e+00,9.573217e+00,3.170508e+00,6.496378e+01,2.096339e+00,2.285278e+00,4.603908e-01,8.429445e-02,8.175560e+01
3.340711e+00,5.750000e-01,7.625000e+01,1.584971e+00,2.639883e+02,1.093886e+02,2.278399e+00,4.797656e+00,2.026096e+00,4.732154e+00,3.141046e+00,3.808520e+00,1.020125e+01,3.378503e+00,6.266529e+01,2.233865e+00,2.435199e+00,4.905939e-01,8.982443e-02,8.055871e+01
3.340711e+00,6.500000e-01,7.625000e+01,1.512437e+00,2.639883e+02,1.031745e+02,2.278399e+00,5.039333e+00,2.128159e+00,4.970532e+00,3.299273e+00,4.000370e+00,1.071513e+01,3.548692e+00,6.078459e+01,2.346394e+00,2.557870e+00,5.153071e-01,9.434925e-02,7.957937e+01
3.340711e+00,7.250000e-01,7.625000e+01,1.439903e+00,2.639883e+02,9.696038e+01,2.278399e+00,5.281010e+00,2.230221e+00,5.208910e+00,3.457500e+00,4.192220e+00,1.122901e+01,3.718881e+00,5.890389e+01,2.458923e+00,2.680541e+00,5.400203e-01,9.887407e-02,7.860004e+01
3.340711e+00,8.000000e-01,7.625000e+01,1.387057e+00,2.639883e+02,9.243294e+01,2.278399e+00,5.482214e+00,2.315192e+00,5.407367e+00,3.589229e+00,4.351942e+00,1.165683e+01,3.860569e+00,5.733815e+01,2.552607e+00,2.782669e+00,5.605948e-01,1.026411e-01,7.778471e+01
3.340711e+00,8.750000e-01,7.625000e+01,1.342756e+00,2.639882e+02,8.863759e+01,2.278399e+00,5.663085e+00,2.391576e+00,5.585770e+00,3.707647e+00,4.495524e+00,1.204142e+01,3.987939e+00,5.593062e+01,2.636824e+00,2.874477e+00,5.790903e-01,1.060275e-01,7.705177e+01
3.340711e+00,9.500000e-01,7.625000e+01,1.304873e+00,2.637445e+02,8.541647e+01,2.278310e+00,5.805689e+00,2.456622e+00,5.747935e+00,3.815287e+00,4.626038e+00,1.239100e+01,4.103716e+00,5.467740e+01,2.713376e+00,2.957928e+00,5.959023e-01,1.091057e-01,7.640734e+01
3.340711e+00,1.025000e+00,7.625000e+01,1.271858e+00,2.632236e+02,8.264012e+01,2.278112e+00,5.908593e+00,2.510725e+00,5.897140e+00,3.914324e+00,4.746120e+00,1.271264e+01,4.210240e+00,5.355839e+01,2.783810e+00,3.034710e+00,6.113707e-01,1.119378e-01,7.584273e+01
3.340711e+00,1.100000e+00,7.625000e+01,1.242831e+00,2.624336e+02,8.017658e+01,2.277914e+00,6.004624e+00,2.560786e+00,6.036174e+00,4.006179e+00,4.854287e+00,1.300994e+01,4.309755e+00,5.251444e+01,2.853784e+00,3.106630e+00,6.283712e-01,1.150245e-01,7.531301e+01
3.340711e+00,1.175000e+00,7.625000e+01,1.217046e+00,2.619886e+02,7.801509e+01,2.277727e+00,6.089945e+00,2.606733e+00,6.165387e+00,4.091936e+00,4.958234e+00,1.328844e+01,4.402012e+00,5.154998e+01,2.914880e+00,3.173133e+00,6.418258e-01,1.174874e-01,7.482772e+01
3.340711e+00,1.250000e+00,7.625000e+01,1.192397e+00,2.615603e+02,7.594319e+01,2.277544e+00,6.173007e+00,2.651515e+00,6.291514e+00,4.175650e+00,5.059471e+00,1.356027e+01,4.492063e+00,5.060917e+01,2.974470e+00,3.238043e+00,6.549364e-01,1.198875e-01,7.435454e+01
3.340711e+00,1.325000e+00,7.625000e+01,1.169851e+00,2.614776e+02,7.407568e+01,2.277376e+00,6.249580e+00,2.693867e+00,6.411344e+00,4.255636e+00,5.159960e+00,1.382113e+01,4.577355e+00,4.971888e+01,3.026546e+00,3.299324e+00,6.646795e-01,1.216983e-01,7.391054e+01
3.340711e+00,1.400000e+00,7.625000e+01,1.149466e+00,2.611416e+02,7.236282e+01,2.277219e+00,6.327679e+00,2.735254e+00,6.527100e+00,4.332471e+00,5.253123e+00,1.407067e+01,4.659998e+00,4.885304e+01,3.081190e+00,3.358894e+00,6.766802e-01,1.238956e-01,7.347423e+01
3.340711e+00,1.475000e+00,7.625000e+01,1.129080e+00,2.608056e+02,7.064996e+01,2.277063e+00,6.405778e+00,2.776641e+00,6.642856e+00,4.409306e+00,5.346286e+00,1.432021e+01,4.742642e+00,4.798721e+01,3.135834e+00,3.418463e+00,6.886809e-01,1.260928e-01,7.303792e+01
3.340711e+00,1.550000e+00,7.625000e+01,1.110073e+00,2.605137e+02,6.905073e+01,2.276922e+00,6.484772e+00,2.817738e+00,6.756601e+00,4.484806e+00,5.437829e+00,1.456541e+01,4.823850e+00,4.713374e+01,3.189529e+00,3.476997e+00,7.004731e-01,1.282519e-01,7.260695e+01
3.340711e+00,1.625000e+00,7.625000e+01,1.091719e+00,2.602463e+02,6.750506e+01,2.276790e+00,6.565204e+00,2.859083e+00,6.870192e+00,4.560204e+00,5.529249e+00,1.481028e+01,4.904947e+00,4.627958e+01,3.243151e+00,3.535452e+00,7.122493e-01,1.304081e-01,7.217501e+01
3.340711e+00,1.700000e+00,7.625000e+01,1.073878e+00,2.599989e+02,6.600138e+01,2.276666e+00,6.647377e+00,2.900893e+00,6.984327e+00,4.635963e+00,5.621107e+00,1.505633e+01,4.986434e+00,4.541970e+01,3.297030e+00,3.594187e+00,7.240819e-01,1.325745e-01,7.173964e+01
3.340711e+00,1.775000e+00,7.625000e+01,1.056448e+00,2.597662e+02,6.453135e+01,2.276547e+00,6.731341e+00,2.943300e+00,7.099562e+00,4.712452e+00,5.713850e+00,1.530474e+01,5.068705e+00,4.455034e+01,3.351428e+00,3.653488e+00,7.360286e-01,1.347619e-01,7.129908e+01
3.340711e+00,1.850000e+00,7.625000e+01,1.039355e+00,2.595425e+02,6.308933e+01,2.276431e+00,6.816924e+00,2.986360e+00,7.216320e+00,4.789951e+00,5.807819e+00,1.555644e+01,5.152064e+00,4.366889e+01,3.406545e+00,3.713572e+00,7.481332e-01,1.369781e-01,7.085220e+01
3.340711e+00,1.925000e+00,7.625000e+01,1.022553e+00,2.593219e+02,6.167192e+01,2.276315e+00,6.903759e+00,3.030058e+00,7.334895e+00,4.868658e+00,5.903250e+00,1.581206e+01,5.236720e+00,4.277384e+01,3.462519e+00,3.774592e+00,7.604261e-01,1.392289e-01,7.039843e+01
3.340711e+00,2.000000e+00,7.625000e+01,1.006016e+00,2.590984e+02,6.027756e+01,2.276195e+00,6.991304e+00,3.074316e+00,7.455463e+00,4.948687e+00,6.000285e+00,1.607197e+01,5.322799e+00,4.186466e+01,3.519435e+00,3.836638e+00,7.729257e-01,1.415175e-01,6.993779e+01
3.548821e+00,5.000000e-01,8.100000e+01,1.678715e+00,2.724949e+02,1.255283e+02,2.278399e+00,4.474245e+00,1.903331e+00,4.456564e+00,2.963676e+00,3.257138e+00,9.572859e+00,3.178504e+00,6.535790e+01,2.038044e+00,2.286888e+00,4.315325e-01,7.931810e-02,8.216397e+01
3.548821e+00,5.750000e-01,8.100000e+01,1.574735e+00,2.724949e+02,1.160653e+02,2.278399e+00,4.769678e+00,2.029007e+00,4.750829e+00,3.159366e+00,3.472205e+00,1.020495e+01,3.388380e+00,6.307050e+01,2.172615e+00,2.437890e+00,4.600264e-01,8.455544e-02,8.098627e+01
3.548821e+00,6.500000e-01,8.100000e+01,1.494115e+00,2.724949e+02,1.087281e+02,2.278399e+00,5.027044e+00,2.138490e+00,5.007178e+00,3.329842e+00,3.659561e+00,1.075560e+01,3.571213e+00,6.107783e+01,2.289847e+00,2.569436e+00,4.848489e-01,8.911795e-02,7.996031e+01
3.548821e+00,7.250000e-01,8.100000e+01,1.429668e+00,2.724949e+02,1.028629e+02,2.278399e+00,5.253653e+00,2.234889e+00,5.232892e+00,3.479945e+00,3.824527e+00,1.124044e+01,3.732196e+00,5.932329e+01,2.393069e+00,2.685261e+00,5.067050e-01,9.313522e-02,7.905696e+01
3.548821e+00,8.000000e-01,8.100000e+01,1.376821e+00,2.724949e+02,9.805342e+01,2.278399e+00,5.455303e+00,2.320670e+00,5.433745e+00,3.613515e+00,3.971323e+00,1.167188e+01,3.875448e+00,5.776200e+01,2.484922e+00,2.788329e+00,5.261537e-01,9.671000e-02,7.825311e+01
3.548821e+00,8.750000e-01,8.100000e+01,1.332520e+00,2.724949e+02,9.402164e+01,2.278399e+00,5.636667e+00,2.397823e+00,5.614395e+00,3.733650e+00,4.103354e+00,1.205992e+01,4.004292e+00,5.635776e+01,2.567536e+00,2.881031e+00,5.436462e-01,9.992523e-02,7.753011e+01
3.548821e+00,9.500000e-01,8.100000e+01,1.294640e+00,2.723535e+02,9.058837e+01,2.278350e+00,5.789589e+00,2.465565e+00,5.778667e+00,3.842893e+00,4.223414e+00,1.241278e+01,4.121453e+00,5.509525e+01,2.642660e+00,2.965327e+00,5.595528e-01,1.028489e-01,7.688466e+01
3.548821e+00,1.025000e+00,8.100000e+01,1.261633e+00,2.718129e+02,8.763851e+01,2.278157e+00,5.893979e+00,2.520549e+00,5.929849e+00,3.943431e+00,4.333907e+00,1.273753e+01,4.229278e+00,5.397705e+01,2.711797e+00,3.042906e+00,5.741918e-01,1.055397e-01,7.632700e+01
3.548821e+00,1.100000e+00,8.100000e+01,1.232376e+00,2.713063e+02,8.502648e+01,2.277967e+00,5.988737e+00,2.571191e+00,6.070627e+00,4.037051e+00,4.436797e+00,1.303993e+01,4.329685e+00,5.293879e+01,2.776177e+00,3.115147e+00,5.878235e-01,1.080453e-01,7.581015e+01
3.548821e+00,1.175000e+00,8.100000e+01,1.207166e+00,2.708530e+02,8.277749e+01,2.277786e+00,6.074325e+00,2.617369e+00,6.200108e+00,4.123157e+00,4.531429e+00,1.331805e+01,4.422032e+00,5.198584e+01,2.835390e+00,3.181590e+00,6.003612e-01,1.103498e-01,7.533635e+01
3.548821e+00,1.250000e+00,8.100000e+01,1.181956e+00,2.703996e+02,8.052850e+01,2.277605e+00,6.159912e+00,2.663547e+00,6.329588e+00,4.209263e+00,4.626062e+00,1.359618e+01,4.514380e+00,5.103288e+01,2.894603e+00,3.248033e+00,6.128988e-01,1.126543e-01,7.486256e+01
3.548821e+00,1.325000e+00,8.100000e+01,1.159654e+00,2.699998e+02,7.853880e+01,2.277437e+00,6.240493e+00,2.706918e+00,6.451317e+00,4.290214e+00,4.715028e+00,1.385766e+01,4.601199e+00,5.013689e+01,2.950271e+00,3.310499e+00,6.246859e-01,1.148208e-01,7.441701e+01
3.548821e+00,1.400000e+00,8.100000e+01,1.138735e+00,2.696347e+02,7.667149e+01,2.277279e+00,6.319901e+00,2.749307e+00,6.569830e+00,4.369027e+00,4.801646e+00,1.411223e+01,4.685725e+00,4.926346e+01,3.004469e+00,3.371314e+00,6.361616e-01,1.169301e-01,7.398227e+01
3.548821e+00,1.475000e+00,8.100000e+01,1.118893e+00,2.693020e+02,7.489899e+01,2.277131e+00,6.399301e+00,2.791225e+00,6.686335e+00,4.446505e+00,4.886795e+00,1.436249e+01,4.768819e+00,4.840324e+01,3.057748e+00,3.431099e+00,6.474429e-01,1.190036e-01,7.355356e+01
3.548821e+00,1.550000e+00,8.100000e+01,1.099889e+00,2.689987e+02,7.319985e+01,2.276993e+00,6.479569e+00,2.833087e+00,6.801858e+00,4.523329e+00,4.971226e+00,1.461063e+01,4.851212e+00,4.754844e+01,3.110579e+00,3.490380e+00,6.586290e-01,1.210597e-01,7.312693e+01
3.548821e+00,1.625000e+00,8.100000e+01,1.081540e+00,2.687209e+02,7.155763e+01,2.276864e+00,6.561285e+00,2.875205e+00,6.917260e+00,4.600073e+00,5.055569e+00,1.485852e+01,4.933519e+00,4.669270e+01,3.163354e+00,3.549599e+00,6.698035e-01,1.231137e-01,7.269921e+01
3.548821e+00,1.700000e+00,8.100000e+01,1.063703e+00,2.684639e+02,6.996004e+01,2.276743e+00,6.644755e+00,2.917801e+00,7.033252e+00,4.677209e+00,5.140344e+00,1.510768e+01,5.016247e+00,4.583098e+01,3.216398e+00,3.609120e+00,6.810351e-01,1.251781e-01,7.226797e+01
3.548821e+00,1.775000e+00,8.100000e+01,1.046276e+00,2.682221e+02,6.839821e+01,2.276626e+00,6.730040e+00,2.961013e+00,7.150399e+00,4.755114e+00,5.225962e+00,1.535931e+01,5.099798e+00,4.495951e+01,3.269971e+00,3.669235e+00,6.923785e-01,1.272631e-01,7.183145e+01
3.548821e+00,1.850000e+00,8.100000e+01,1.029186e+00,2.679897e+02,6.686615e+01,2.276513e+00,6.816978e+00,3.004901e+00,7.269131e+00,4.834072e+00,5.312739e+00,1.561436e+01,5.184480e+00,4.407566e+01,3.324269e+00,3.730163e+00,7.038755e-01,1.293763e-01,7.138853e+01
3.548821e+00,1.925000e+00,8.100000e+01,1.012387e+00,2.677604e+02,6.536024e+01,2.276399e+00,6.905205e+00,3.049451e+00,7.389750e+00,4.914285e+00,5.400894e+00,1.587345e+01,5.270507e+00,4.317789e+01,3.379430e+00,3.792058e+00,7.155550e-01,1.315230e-01,7.093866e+01
3.548821e+00,2.000000e+00,8.100000e+01,9.958540e-01,2.675281e+02,6.387880e+01,2.276282e+00,6.994213e+00,3.094593e+00,7.512435e+00,4.995872e+00,5.490560e+00,1.613698e+01,5.358009e+00,4.226565e+01,3.435535e+00,3.855015e+00,7.274347e-01,1.337066e-01,7.048181e+01
3.756930e+00,5.000000e-01,8.575000e+01,1.668883e+00,2.804015e+02,1.327496e+02,2.278399e+00,4.450966e+00,1.905938e+00,4.472681e+00,2.979379e+00,2.936662e+00,9.570364e+00,3.187092e+00,6.574119e+01,1.985621e+00,2.289190e+00,4.059957e-01,7.491687e-02,8.256098e+01
3.756930e+00,5.750000e-01,8.575000e+01,1.564903e+00,2.804015e+02,1.227316e+02,2.278399e+00,4.746707e+00,2.032577e+00,4.769866e+00,3.177342e+00,3.131787e+00,1.020626e+01,3.398857e+00,6.346489e+01,2.117554e+00,2.441294e+00,4.329718e-01,7.989468e-02,8.140226e+01
3.756930e+00,6.500000e-01,8.575000e+01,1.484283e+00,2.804015e+02,1.149642e+02,2.278399e+00,5.004531e+00,2.142979e+00,5.028947e+00,3.349923e+00,3.301894e+00,1.076063e+01,3.583470e+00,6.148044e+01,2.232572e+00,2.573896e+00,4.564892e-01,8.423426e-02,8.039210e+01
3.756930e+00,7.250000e-01,8.575000e+01,1.419836e+00,2.804015e+02,1.087550e+02,2.278399e+00,5.231688e+00,2.240249e+00,5.257213e+00,3.501977e+00,3.451768e+00,1.124905e+01,3.746125e+00,5.973202e+01,2.333909e+00,2.690726e+00,4.772094e-01,8.805767e-02,7.950209e+01
3.756930e+00,8.000000e-01,8.575000e+01,1.366989e+00,2.804015e+02,1.036635e+02,2.278399e+00,5.433939e+00,2.326855e+00,5.460450e+00,3.637359e+00,3.585209e+00,1.168393e+01,3.890945e+00,5.817531e+01,2.424135e+00,2.794746e+00,4.956577e-01,9.146188e-02,7.870966e+01
3.756930e+00,8.750000e-01,8.575000e+01,1.322688e+00,2.804015e+02,9.939527e+01,2.278399e+00,5.615938e+00,2.404788e+00,5.643338e+00,3.759186e+00,3.705289e+00,1.207526e+01,4.021265e+00,5.677447e+01,2.505327e+00,2.888351e+00,5.122588e-01,9.452523e-02,7.799658e+01
3.756930e+00,9.500000e-01,8.575000e+01,1.284809e+00,2.803602e+02,9.574994e+01,2.278385e+00,5.778176e+00,2.475015e+00,5.809715e+00,3.870015e+00,3.814529e+00,1.243127e+01,4.139821e+00,5.550410e+01,2.579190e+00,2.973506e+00,5.273613e-01,9.731202e-02,7.735121e+01
3.756930e+00,1.025000e+00,8.575000e+01,1.251809e+00,2.797997e+02,9.262660e+01,2.278196e+00,5.884025e+00,2.530863e+00,5.962869e+00,3.972034e+00,3.915086e+00,1.275897e+01,4.248953e+00,5.438698e+01,2.647181e+00,3.051893e+00,5.412634e-01,9.987733e-02,7.680062e+01
3.756930e+00,1.100000e+00,8.575000e+01,1.222558e+00,2.792744e+02,8.986093e+01,2.278010e+00,5.980204e+00,2.582333e+00,6.105537e+00,4.067069e+00,4.008758e+00,1.306425e+01,4.350614e+00,5.334933e+01,2.710518e+00,3.124912e+00,5.542136e-01,1.022670e-01,7.629016e+01
3.756930e+00,1.175000e+00,8.575000e+01,1.196219e+00,2.787856e+02,8.737214e+01,2.277829e+00,6.069468e+00,2.630500e+00,6.239972e+00,4.156621e+00,4.097026e+00,1.335190e+01,4.446408e+00,5.237325e+01,2.770200e+00,3.193719e+00,5.664167e-01,1.045188e-01,7.581051e+01
3.756930e+00,1.250000e+00,8.575000e+01,1.172150e+00,2.783339e+02,8.509835e+01,2.277655e+00,6.154107e+00,2.676269e+00,6.368105e+00,4.241973e+00,4.181155e+00,1.362607e+01,4.537711e+00,5.144351e+01,2.827084e+00,3.259299e+00,5.780475e-01,1.066650e-01,7.535379e+01
3.756930e+00,1.325000e+00,8.575000e+01,1.149853e+00,2.779193e+02,8.299160e+01,2.277491e+00,6.236011e+00,2.720405e+00,6.491589e+00,4.324230e+00,4.262232e+00,1.389030e+01,4.625703e+00,5.054714e+01,2.881904e+00,3.322501e+00,5.892565e-01,1.087333e-01,7.491330e+01
3.756930e+00,1.400000e+00,8.575000e+01,1.128939e+00,2.775404e+02,8.101448e+01,2.277336e+00,6.316708e+00,2.763547e+00,6.611850e+00,4.404339e+00,4.341193e+00,1.414762e+01,4.711397e+00,4.967307e+01,2.935293e+00,3.384053e+00,6.001729e-01,1.107477e-01,7.448339e+01
3.756930e+00,1.475000e+00,8.575000e+01,1.109101e+00,2.771953e+02,7.913774e+01,2.277191e+00,6.397389e+00,2.806218e+00,6.730110e+00,4.483115e+00,4.418839e+00,1.440067e+01,4.795665e+00,4.881198e+01,2.987794e+00,3.444581e+00,6.109076e-01,1.127285e-01,7.405929e+01
3.756930e+00,1.550000e+00,8.575000e+01,1.090102e+00,2.768807e+02,7.733868e+01,2.277056e+00,6.478934e+00,2.848835e+00,6.847409e+00,4.561252e+00,4.495855e+00,1.465166e+01,4.879249e+00,4.795607e+01,3.039869e+00,3.504616e+00,6.215551e-01,1.146933e-01,7.363713e+01
3.756930e+00,1.625000e+00,8.575000e+01,1.071755e+00,2.765925e+02,7.559992e+01,2.276929e+00,6.561932e+00,2.891718e+00,6.964623e+00,4.639331e+00,4.572815e+00,1.490246e+01,4.962772e+00,4.709898e+01,3.091905e+00,3.564608e+00,6.321948e-01,1.166566e-01,7.321376e+01
3.756930e+00,1.700000e+00,8.575000e+01,1.054127e+00,2.763337e+02,7.392735e+01,2.276813e+00,6.647622e+00,2.935410e+00,7.083076e+00,4.718236e+00,4.650589e+00,1.515592e+01,5.047178e+00,4.623065e+01,3.144492e+00,3.625235e+00,6.429471e-01,1.186407e-01,7.278410e+01
3.756930e+00,1.775000e+00,8.575000e+01,1.036498e+00,2.760749e+02,7.225478e+01,2.276696e+00,6.733311e+00,2.979102e+00,7.201530e+00,4.797141e+00,4.728363e+00,1.540938e+01,5.131584e+00,4.536232e+01,3.197079e+00,3.685862e+00,6.536994e-01,1.206247e-01,7.235443e+01
3.756930e+00,1.850000e+00,8.575000e+01,1.019411e+00,2.758337e+02,7.063268e+01,2.276585e+00,6.821611e+00,3.023809e+00,7.322237e+00,4.877548e+00,4.807617e+00,1.566767e+01,5.217596e+00,4.447631e+01,3.250666e+00,3.747642e+00,6.646562e-01,1.226466e-01,7.191562e+01
3.756930e+00,1.925000e+00,8.575000e+01,1.002615e+00,2.755958e+02,6.903826e+01,2.276473e+00,6.911254e+00,3.069208e+00,7.444899e+00,4.959257e+00,4.888154e+00,1.593013e+01,5.305002e+00,4.357606e+01,3.305122e+00,3.810423e+00,6.757906e-01,1.247011e-01,7.146978e+01
3.756930e+00,2.000000e+00,8.575000e+01,9.864010e-01,2.747530e+02,6.745947e+01,2.276350e+00,7.005611e+00,3.115581e+00,7.570091e+00,5.041955e+00,4.959731e+00,1.619331e+01,5.394616e+00,4.265732e+01,3.367883e+00,3.875130e+00,6.912640e-01,1.275092e-01,7.101080e+01
3.965040e+00,5.000000e-01,9.050000e+01,1.659391e+00,2.877088e+02,1.399604e+02,2.278399e+00,4.431742e+00,1.909092e+00,4.489139e+00,2.994838e+00,2.612730e+00,9.566028e+00,3.196196e+00,6.611564e+01,1.938244e+00,2.292100e+00,3.832498e-01,7.099894e-02,8.294870e+01
3.965040e+00,5.750000e-01,9.050000e+01,1.555412e+00,2.877088e+02,1.293876e+02,2.278399e+00,4.728003e+00,2.036715e+00,4.789237e+00,3.195043e+00,2.787390e+00,1.020552e+01,3.409861e+00,6.385048e+01,2.067816e+00,2.445326e+00,4.088700e-01,7.574521e-02,8.180882e+01
3.965040e+00,6.500000e-01,9.050000e+01,1.482878e+00,2.877088e+02,1.220121e+02,2.278399e+00,4.971163e+00,2.141463e+00,5.035546e+00,3.359363e+00,2.930745e+00,1.073038e+01,3.585230e+00,6.199132e+01,2.174163e+00,2.571089e+00,4.298981e-01,7.964077e-02,8.087325e+01
3.965040e+00,7.250000e-01,9.050000e+01,1.410344e+00,2.877088e+02,1.146367e+02,2.278399e+00,5.214324e+00,2.246210e+00,5.281856e+00,3.523683e+00,3.074100e+00,1.125525e+01,3.760598e+00,6.013215e+01,2.280510e+00,2.696852e+00,4.509261e-01,8.353633e-02,7.993769e+01
3.965040e+00,8.000000e-01,9.050000e+01,1.357498e+00,2.877088e+02,1.092632e+02,2.278399e+00,5.417313e+00,2.333653e+00,5.487474e+00,3.660857e+00,3.193772e+00,1.169341e+01,3.906995e+00,5.858013e+01,2.369289e+00,2.801838e+00,4.684803e-01,8.678833e-02,7.915668e+01
3.965040e+00,8.750000e-01,9.050000e+01,1.313197e+00,2.877088e+02,1.047585e+02,2.278399e+00,5.600067e+00,2.412380e+00,5.672595e+00,3.784357e+00,3.301515e+00,1.208789e+01,4.038799e+00,5.718282e+01,2.449217e+00,2.896359e+00,4.842846e-01,8.971615e-02,7.845352e+01
3.965040e+00,9.500000e-01,9.050000e+01,1.275463e+00,2.873890e+02,1.009038e+02,2.278392e+00,5.766876e+00,2.483978e+00,5.841237e+00,3.896612e+00,3.396610e+00,1.244569e+01,4.159016e+00,5.590982e+01,2.524673e+00,2.982702e+00,5.001538e-01,9.263801e-02,7.781143e+01
3.965040e+00,1.025000e+00,9.050000e+01,1.242324e+00,2.871853e+02,9.760437e+01,2.278231e+00,5.878097e+00,2.541618e+00,5.996207e+00,4.000248e+00,3.489860e+00,1.277748e+01,4.269205e+00,5.479000e+01,2.588941e+00,3.061592e+00,5.119122e-01,9.483430e-02,7.726578e+01
3.965040e+00,1.100000e+00,9.050000e+01,1.213079e+00,2.866411e+02,9.468507e+01,2.278048e+00,5.975688e+00,2.593907e+00,6.140765e+00,4.096687e+00,3.573995e+00,1.308552e+01,4.372128e+00,5.375318e+01,2.651356e+00,3.135402e+00,5.242534e-01,9.712058e-02,7.676182e+01
3.965040e+00,1.175000e+00,9.050000e+01,1.187880e+00,2.861540e+02,9.217149e+01,2.277874e+00,6.063995e+00,2.641655e+00,6.273854e+00,4.185475e+00,3.651454e+00,1.336913e+01,4.466886e+00,5.280054e+01,2.708819e+00,3.203356e+00,5.356156e-01,9.922549e-02,7.629938e+01
3.965040e+00,1.250000e+00,9.050000e+01,1.162681e+00,2.856668e+02,8.965791e+01,2.277700e+00,6.152302e+00,2.689403e+00,6.406944e+00,4.274263e+00,3.728914e+00,1.365273e+01,4.561643e+00,5.184790e+01,2.766282e+00,3.271310e+00,5.469779e-01,1.013304e-01,7.583694e+01
3.965040e+00,1.325000e+00,9.050000e+01,1.140388e+00,2.852372e+02,8.743412e+01,2.277538e+00,6.235515e+00,2.734294e+00,6.532187e+00,4.357816e+00,3.801807e+00,1.391961e+01,4.650814e+00,5.095135e+01,2.820358e+00,3.335258e+00,5.576702e-01,1.033112e-01,7.540165e+01
3.965040e+00,1.400000e+00,9.050000e+01,1.119478e+00,2.848446e+02,8.534717e+01,2.277386e+00,6.317501e+00,2.778183e+00,6.654199e+00,4.439214e+00,3.872819e+00,1.417961e+01,4.737685e+00,5.007686e+01,2.873038e+00,3.397556e+00,5.680867e-01,1.052409e-01,7.497667e+01
3.965040e+00,1.475000e+00,9.050000e+01,1.099644e+00,2.844870e+02,8.336619e+01,2.277244e+00,6.399461e+00,2.821599e+00,6.774217e+00,4.519282e+00,3.942671e+00,1.443536e+01,4.823136e+00,4.921511e+01,2.924858e+00,3.458836e+00,5.783329e-01,1.071391e-01,7.455732e+01
3.965040e+00,1.550000e+00,9.050000e+01,1.080648e+00,2.841610e+02,8.146723e+01,2.277111e+00,6.482285e+00,2.864966e+00,6.893296e+00,4.598723e+00,4.011976e+00,1.468911e+01,4.907918e+00,4.835829e+01,2.976272e+00,3.519637e+00,5.884990e-01,1.090224e-01,7.413975e+01
3.965040e+00,1.625000e+00,9.050000e+01,1.062448e+00,2.835621e+02,7.962677e+01,2.276984e+00,6.568329e+00,2.908788e+00,7.012513e+00,4.677964e+00,4.076943e+00,1.494119e+01,4.992970e+00,4.749813e+01,3.030800e+00,3.580779e+00,6.003924e-01,1.112047e-01,7.371805e+01
3.965040e+00,1.700000e+00,9.050000e+01,1.044707e+00,2.833880e+02,7.782509e+01,2.276870e+00,6.654879e+00,2.953351e+00,7.133205e+00,4.758615e+00,4.145628e+00,1.519865e+01,5.078822e+00,4.663023e+01,3.081440e+00,3.642267e+00,6.099281e-01,1.129807e-01,7.329610e+01
3.965040e+00,1.775000e+00,9.050000e+01,1.027053e+00,2.833259e+02,7.610107e+01,2.276758e+00,6.740588e+00,2.997557e+00,7.253009e+00,4.838698e+00,4.221333e+00,1.545563e+01,5.164029e+00,4.576035e+01,3.131583e+00,3.703303e+00,6.192086e-01,1.147115e-01,7.287025e+01
3.965040e+00,1.850000e+00,9.050000e+01,1.009969e+00,2.830759e+02,7.438892e+01,2.276649e+00,6.830261e+00,3.043081e+00,7.375697e+00,4.920547e+00,4.292739e+00,1.571707e+01,5.251380e+00,4.487239e+01,3.184555e+00,3.765946e+00,6.296828e-01,1.166519e-01,7.243569e+01
3.965040e+00,1.925000e+00,9.050000e+01,9.933179e-01,2.825289e+02,7.270086e+01,2.276536e+00,6.923112e+00,3.089502e+00,7.500619e+00,5.003578e+00,4.360382e+00,1.598113e+01,5.340503e+00,4.396835e+01,3.241707e+00,3.830015e+00,6.421596e-01,1.189412e-01,7.199152e+01
3.965040e+00,2.000000e+00,9.050000e+01,9.769481e-01,2.819780e+02,7.104015e+01,2.276419e+00,7.017009e+00,3.136570e+00,7.627748e+00,5.088037e+00,4.428903e+00,1.624963e+01,5.431223e+00,4.304899e+01,3.300231e+00,3.895246e+00,6.550933e-01,1.213118e-01,7.153979e+01
4.173150e+00,5.000000e-01,9.525000e+01,1.650190e+00,2.944178e+02,1.471609e+02,2.278399e+00,4.416002e+00,1.912723e+00,4.505907e+00,3.010104e+00,2.285418e+00,9.560088e+00,3.205756e+00,6.648285e+01,1.895240e+00,2.295550e+00,3.628708e-01,6.749088e-02,8.332881e+01
4.173150e+00,5.750000e-01,9.525000e+01,1.546211e+00,2.944178e+02,1.360331e+02,2.278399e+00,4.712967e+00,2.041349e+00,4.808919e+00,3.212526e+00,2.439107e+00,1.020298e+01,3.421335e+00,6.422890e+01,2.022691e+00,2.449920e+00,3.872730e-01,7.202948e-02,8.220771e+01
4.173150e+00,6.500000e-01,9.525000e+01,1.465590e+00,2.944178e+02,1.274051e+02,2.278399e+00,4.972223e+00,2.153642e+00,5.073453e+00,3.389244e+00,2.573279e+00,1.076424e+01,3.609540e+00,6.226117e+01,2.133957e+00,2.584688e+00,4.085765e-01,7.599175e-02,8.122897e+01
4.173150e+00,7.250000e-01,9.525000e+01,1.401143e+00,2.944178e+02,1.205081e+02,2.278399e+00,5.200925e+00,2.252701e+00,5.306811e+00,3.545135e+00,2.691640e+00,1.125935e+01,3.775563e+00,6.052534e+01,2.232110e+00,2.703573e+00,4.273693e-01,7.948706e-02,8.036558e+01
4.173150e+00,8.000000e-01,9.525000e+01,1.348297e+00,2.944178e+02,1.148525e+02,2.278399e+00,5.404774e+00,2.340995e+00,5.514810e+00,3.684086e+00,2.797138e+00,1.170066e+01,3.923546e+00,5.897814e+01,2.319598e+00,2.809539e+00,4.441199e-01,8.260254e-02,7.959602e+01
4.173150e+00,8.750000e-01,9.525000e+01,1.304121e+00,2.941189e+02,1.101062e+02,2.278399e+00,5.590219e+00,2.420774e+00,5.702323e+00,3.809140e+00,2.889428e+00,1.209714e+01,4.057077e+00,5.758184e+01,2.400717e+00,2.905272e+00,4.604483e-01,8.562357e-02,7.889979e+01
4.173150e+00,9.500000e-01,9.525000e+01,1.266117e+00,2.944177e+02,1.060576e+02,2.278399e+00,5.755577e+00,2.492941e+00,5.872759e+00,3.923209e+00,2.978691e+00,1.246011e+01,4.178211e+00,5.631554e+01,2.470156e+00,2.991898e+00,4.729463e-01,8.796401e-02,7.827166e+01
4.173150e+00,1.025000e+00,9.525000e+01,1.233128e+00,2.939707e+02,1.025718e+02,2.278262e+00,5.875681e+00,2.552777e+00,6.029870e+00,4.028164e+00,3.058379e+00,1.279345e+01,4.289988e+00,5.518760e+01,2.536238e+00,3.071939e+00,4.855988e-01,9.031726e-02,7.772425e+01
4.173150e+00,1.100000e+00,9.525000e+01,1.203888e+00,2.934076e+02,9.949891e+01,2.278082e+00,5.974682e+00,2.605877e+00,6.176323e+00,4.126000e+00,3.132660e+00,1.310417e+01,4.394183e+00,5.415181e+01,2.597838e+00,3.146550e+00,4.973930e-01,9.251088e-02,7.722692e+01
4.173150e+00,1.175000e+00,9.525000e+01,1.178693e+00,2.929034e+02,9.685304e+01,2.277911e+00,6.064337e+00,2.654398e+00,6.311224e+00,4.216119e+00,3.201083e+00,1.339039e+01,4.490159e+00,5.319965e+01,2.654580e+00,3.215276e+00,5.082568e-01,9.453147e-02,7.677036e+01
4.173150e+00,1.250000e+00,9.525000e+01,1.153499e+00,2.923992e+02,9.420717e+01,2.277740e+00,6.153992e+00,2.702919e+00,6.446125e+00,4.306237e+00,3.269505e+00,1.367661e+01,4.586136e+00,5.224748e+01,2.711321e+00,3.284003e+00,5.191207e-01,9.655205e-02,7.631380e+01
4.173150e+00,1.325000e+00,9.525000e+01,1.131211e+00,2.919547e+02,9.186634e+01,2.277581e+00,6.238520e+00,2.748562e+00,6.573133e+00,4.391083e+00,3.333924e+00,1.394608e+01,4.676497e+00,5.135095e+01,2.764742e+00,3.348707e+00,5.293490e-01,9.845442e-02,7.588383e+01
4.173150e+00,1.400000e+00,9.525000e+01,1.110304e+00,2.915484e+02,8.966956e+01,2.277431e+00,6.321797e+00,2.793193e+00,6.696902e+00,4.473765e+00,3.396701e+00,1.420868e+01,4.764553e+00,5.047623e+01,2.816801e+00,3.411762e+00,5.393164e-01,1.003083e-01,7.546393e+01
4.173150e+00,1.475000e+00,9.525000e+01,1.090474e+00,2.911781e+02,8.758435e+01,2.277291e+00,6.405031e+00,2.837348e+00,6.818686e+00,4.555121e+00,3.458470e+00,1.446706e+01,4.851197e+00,4.961400e+01,2.868025e+00,3.473806e+00,5.491239e-01,1.021324e-01,7.504947e+01
4.173150e+00,1.550000e+00,9.525000e+01,1.071481e+00,2.908407e+02,8.558547e+01,2.277161e+00,6.489145e+00,2.881462e+00,6.939553e+00,4.635864e+00,3.519774e+00,1.472350e+01,4.937188e+00,4.875647e+01,2.918863e+00,3.535382e+00,5.588575e-01,1.039428e-01,7.463662e+01
4.173150e+00,1.625000e+00,9.525000e+01,1.053140e+00,2.905316e+02,8.365361e+01,2.277039e+00,6.574725e+00,2.925859e+00,7.060404e+00,4.716597e+00,3.581070e+00,1.497991e+01,5.023168e+00,4.789728e+01,2.969695e+00,3.596950e+00,5.685900e-01,1.057529e-01,7.422235e+01
4.173150e+00,1.700000e+00,9.525000e+01,1.035312e+00,2.902455e+02,8.177429e+01,2.276924e+00,6.662116e+00,2.970779e+00,7.181983e+00,4.797816e+00,3.642736e+00,1.523786e+01,5.109667e+00,4.703136e+01,3.020833e+00,3.658890e+00,5.783810e-01,1.075740e-01,7.380428e+01
4.173150e+00,1.775000e+00,9.525000e+01,1.017893e+00,2.899763e+02,7.993706e+01,2.276813e+00,6.751409e+00,3.016372e+00,7.304885e+00,4.879919e+00,3.705072e+00,1.549862e+01,5.197106e+00,4.615489e+01,3.072527e+00,3.721503e+00,5.882785e-01,1.094148e-01,7.338072e+01
4.173150e+00,1.850000e+00,9.525000e+01,1.000812e+00,2.897173e+02,7.813488e+01,2.276706e+00,6.842461e+00,3.062709e+00,7.429564e+00,4.963209e+00,3.768310e+00,1.576315e+01,5.285809e+00,4.526520e+01,3.124968e+00,3.785021e+00,5.983192e-01,1.112823e-01,7.295057e+01
4.173150e+00,1.925000e+00,9.525000e+01,9.840206e-01,2.894619e+02,7.636345e+01,2.276598e+00,6.934971e+00,3.109796e+00,7.556339e+00,5.047899e+00,3.832611e+00,1.603212e+01,5.376005e+00,4.436065e+01,3.178292e+00,3.849608e+00,6.085287e-01,1.131812e-01,7.251325e+01
4.173150e+00,2.000000e+00,9.525000e+01,9.674952e-01,2.892029e+02,7.462082e+01,2.276487e+00,7.028407e+00,3.157559e+00,7.685405e+00,5.134120e+00,3.898074e+00,1.630596e+01,5.467829e+00,4.344067e+01,3.232579e+00,3.915361e+00,6.189226e-01,1.151144e-01,7.206878e+01
4.381260e+00,5.000000e-01,1.000000e+02,1.641239e+00,3.005290e+02,1.543510e+02,2.278399e+00,4.403279e+00,1.916773e+00,4.522965e+00,3.025217e+00,1.954784e+00,9.552739e+00,3.215722e+00,6.684414e+01,1.856052e+00,2.299483e+00,3.445155e-01,6.433329e-02,8.370268e+01
4.381260e+00,5.750000e-01,1.000000e+02,1.537260e+00,3.005290e+02,1.426683e+02,2.278399e+00,4.701113e+00,2.046422e+00,4.828894e+00,3.229841e+00,2.087004e+00,1.019888e+01,3.433231e+00,6.460150e+01,1.981594e+00,2.455018e+00,3.678182e-01,6.868475e-02,8.260034e+01
4.381260e+00,6.500000e-01,1.000000e+02,1.471288e+00,3.005290e+02,1.352560e+02,2.278399e+00,4.932672e+00,2.147221e+00,5.066748e+00,3.388931e+00,2.189803e+00,1.070124e+01,3.602339e+00,6.285790e+01,2.079200e+00,2.575943e+00,3.859356e-01,7.206790e-02,8.174330e+01
4.381260e+00,7.250000e-01,1.000000e+02,1.405317e+00,3.005290e+02,1.278437e+02,2.278399e+00,5.164232e+00,2.248021e+00,5.304601e+00,3.548021e+00,2.292601e+00,1.120360e+01,3.771448e+00,6.111430e+01,2.176807e+00,2.696869e+00,4.040529e-01,7.545106e-02,8.088626e+01
4.381260e+00,8.000000e-01,1.000000e+02,1.339346e+00,3.005290e+02,1.204314e+02,2.278399e+00,5.395791e+00,2.348820e+00,5.542455e+00,3.707111e+00,2.395399e+00,1.170596e+01,3.940556e+00,5.937070e+01,2.274413e+00,2.817794e+00,4.221703e-01,7.883421e-02,8.002922e+01
4.381260e+00,8.750000e-01,1.000000e+02,1.295045e+00,3.005290e+02,1.154539e+02,2.278399e+00,5.580371e+00,2.429168e+00,5.732052e+00,3.833924e+00,2.477341e+00,1.210639e+01,4.075355e+00,5.798085e+01,2.352216e+00,2.914185e+00,4.366119e-01,8.153098e-02,7.934605e+01
4.381260e+00,9.500000e-01,1.000000e+02,1.257166e+00,3.005289e+02,1.111980e+02,2.278399e+00,5.748506e+00,2.502359e+00,5.904760e+00,3.949441e+00,2.551984e+00,1.247116e+01,4.198146e+00,5.671481e+01,2.423089e+00,3.001991e+00,4.497671e-01,8.398753e-02,7.872375e+01
4.381260e+00,1.025000e+00,1.000000e+02,1.224180e+00,3.001569e+02,1.075290e+02,2.278290e+00,5.876354e+00,2.564308e+00,6.063865e+00,4.055859e+00,2.620747e+00,1.280720e+01,4.311266e+00,5.558100e+01,2.488380e+00,3.082880e+00,4.618862e-01,8.625059e-02,7.817750e+01
4.381260e+00,1.100000e+00,1.000000e+02,1.196400e+00,2.995950e+02,1.044639e+02,2.278115e+00,5.973249e+00,2.616523e+00,6.208013e+00,4.152274e+00,2.683047e+00,1.311165e+01,4.413752e+00,5.457663e+01,2.547533e+00,3.156165e+00,4.728660e-01,8.830090e-02,7.770154e+01
4.381260e+00,1.175000e+00,1.000000e+02,1.168620e+00,2.990331e+02,1.013989e+02,2.277941e+00,6.070144e+00,2.668737e+00,6.352160e+00,4.248688e+00,2.745346e+00,1.341610e+01,4.516238e+00,5.357226e+01,2.606685e+00,3.229451e+00,4.838458e-01,9.035122e-02,7.722558e+01
4.381260e+00,1.250000e+00,1.000000e+02,1.144564e+00,2.985324e+02,9.874612e+01,2.277776e+00,6.158791e+00,2.716800e+00,6.485666e+00,4.337984e+00,2.803046e+00,1.369807e+01,4.611157e+00,5.264343e+01,2.661471e+00,3.297325e+00,4.940149e-01,9.225016e-02,7.678585e+01
4.381260e+00,1.325000e+00,1.000000e+02,1.122970e+00,2.980925e+02,9.636389e+01,2.277624e+00,6.243989e+00,2.762678e+00,6.612826e+00,4.423036e+00,2.858003e+00,1.396664e+01,4.701565e+00,5.175788e+01,2.713653e+00,3.361974e+00,5.037007e-01,9.405884e-02,7.636626e+01
4.381260e+00,1.400000e+00,1.000000e+02,1.101376e+00,2.976525e+02,9.398167e+01,2.277472e+00,6.329187e+00,2.808557e+00,6.739986e+00,4.508088e+00,2.912961e+00,1.423520e+01,4.791973e+00,5.087233e+01,2.765835e+00,3.426623e+00,5.133865e-01,9.586753e-02,7.594667e+01
4.381260e+00,1.475000e+00,1.000000e+02,1.081549e+00,2.972699e+02,9.179221e+01,2.277334e+00,6.413726e+00,2.853455e+00,6.863545e+00,4.590731e+00,2.966362e+00,1.449617e+01,4.879820e+00,5.000979e+01,2.816539e+00,3.489441e+00,5.227981e-01,9.762500e-02,7.553721e+01
4.381260e+00,1.550000e+00,1.000000e+02,1.062558e+00,2.969209e+02,8.969343e+01,2.277205e+00,6.499126e+00,2.898312e+00,6.986211e+00,4.672777e+00,3.019377e+00,1.475525e+01,4.967033e+00,4.915173e+01,2.866876e+00,3.551805e+00,5.321416e-01,9.936976e-02,7.512923e+01
4.381260e+00,1.625000e+00,1.000000e+02,1.044228e+00,2.964830e+02,8.767774e+01,2.277039e+00,6.575672e+00,2.941267e+00,7.108827e+00,4.754790e+00,3.072378e+00,1.501425e+01,5.054372e+00,4.830414e+01,2.917276e+00,3.614429e+00,5.414825e-01,1.011141e-01,7.472999e+01
4.381260e+00,1.700000e+00,1.000000e+02,1.026395e+00,2.963053e+02,8.569180e+01,2.276972e+00,6.674727e+00,2.989154e+00,7.232359e+00,4.837415e+00,3.125760e+00,1.527512e+01,5.142039e+00,4.742483e+01,2.967886e+00,3.676947e+00,5.508907e-01,1.028709e-01,7.430634e+01
4.381260e+00,1.775000e+00,1.000000e+02,1.008978e+00,2.960270e+02,8.376277e+01,2.276863e+00,6.765394e+00,3.035542e+00,7.357201e+00,4.920917e+00,3.179715e+00,1.553880e+01,5.230798e+00,4.654706e+01,3.019117e+00,3.740417e+00,5.603999e-01,1.046466e-01,7.388738e+01
4.381260e+00,1.850000e+00,1.000000e+02,9.918987e-01,2.957592e+02,8.187053e+01,2.276757e+00,6.857862e+00,3.082698e+00,7.483885e+00,5.005650e+00,3.234467e+00,1.580636e+01,5.320868e+00,4.565578e+01,3.071103e+00,3.804824e+00,5.700495e-01,1.064485e-01,7.346177e+01
4.381260e+00,1.925000e+00,1.000000e+02,9.751097e-01,2.954950e+02,8.001061e+01,2.276651e+00,6.951818e+00,3.130627e+00,7.612739e+00,5.091835e+00,3.290156e+00,1.607850e+01,5.412480e+00,4.474938e+01,3.123980e+00,3.870334e+00,5.798643e-01,1.082813e-01,7.302896e+01
4.381260e+00,2.000000e+00,1.000000e+02,9.585864e-01,2.952270e+02,7.818092e+01,2.276541e+00,7.046767e+00,3.179265e+00,7.743960e+00,5.179603e+00,3.346869e+00,1.635565e+01,5.505775e+00,4.382723e+01,3.177828e+00,3.937047e+00,5.898594e-01,1.101477e-01,7.258894e+01
