# toc conc,effluent_toc_limit,flowrate_MGD,LCOW,Total CAPEX (MGD),Total OPEX (MGD/year),SEC,Ozone_CAPEX_frac,Ozone_OPEX_frac,BAF_CAPEX_frac,BAF_OPEX_frac,UF_CAPEX_frac,UF_OPEX_frac,GAC_CAPEX_frac,GAC_OPEX_frac,UV_AOP_CAPEX_frac,UV_AOP_OPEX_frac,Cl_CAPEX_frac,Cl_OPEX_frac,Total_Opex_frac
7.000000e-03,5.000000e-01,2.500000e+01,1.276910e+00,1.212737e+02,2.374003e+01,2.252155e+00,5.092348e+00,2.183194e+00,6.394700e+00,3.989144e+00,9.826849e+00,1.354651e+01,4.714482e+00,4.257211e+01,5.572111e+00,3.508063e+00,2.211194e+00,3.893003e-01,6.618832e+01
7.000000e-03,5.750000e-01,2.500000e+01,1.230822e+00,1.212737e+02,2.244545e+01,2.252155e+00,5.283032e+00,2.264944e+00,6.634150e+00,4.138518e+00,1.019482e+01,1.405376e+01,4.891017e+00,4.042171e+01,5.780759e+00,3.639423e+00,2.293993e+00,4.038777e-01,6.492223e+01
7.000000e-03,6.500000e-01,2.500000e+01,1.194675e+00,1.212737e+02,2.143013e+01,2.252155e+00,5.442875e+00,2.333472e+00,6.834873e+00,4.263734e+00,1.050327e+01,1.447897e+01,5.039000e+00,3.861911e+01,5.955662e+00,3.749538e+00,2.363400e+00,4.160975e-01,6.386092e+01
7.000000e-03,7.250000e-01,2.500000e+01,1.165185e+00,1.212737e+02,2.060177e+01,2.252155e+00,5.580633e+00,2.392532e+00,7.007861e+00,4.371647e+00,1.076911e+01,1.484543e+01,5.166535e+00,3.706558e+01,6.106398e+00,3.844438e+00,2.423216e+00,4.266287e-01,6.294625e+01
7.000000e-03,8.000000e-01,2.500000e+01,1.140255e+00,1.212737e+02,1.990151e+01,2.252155e+00,5.702644e+00,2.444841e+00,7.161077e+00,4.467226e+00,1.100455e+01,1.517000e+01,5.279493e+00,3.568962e+01,6.239905e+00,3.928490e+00,2.476196e+00,4.359563e-01,6.213613e+01
7.000000e-03,8.750000e-01,2.500000e+01,1.118495e+00,1.212745e+02,1.929020e+01,2.252155e+00,5.813589e+00,2.492405e+00,7.300364e+00,4.554115e+00,1.121865e+01,1.546513e+01,5.382345e+00,3.443804e+01,6.361441e+00,4.005110e+00,2.524371e+00,4.444378e-01,6.139924e+01
7.000000e-03,9.500000e-01,2.500000e+01,1.098920e+00,1.212737e+02,1.874044e+01,2.252155e+00,5.917146e+00,2.536802e+00,7.430436e+00,4.635258e+00,1.141848e+01,1.574061e+01,5.478077e+00,3.327063e+01,6.474615e+00,4.076258e+00,2.569337e+00,4.523545e-01,6.071191e+01
7.000000e-03,1.025000e+00,2.500000e+01,1.080880e+00,1.212737e+02,1.823371e+01,2.252155e+00,6.015903e+00,2.579141e+00,7.554451e+00,4.712621e+00,1.160906e+01,1.600332e+01,5.569507e+00,3.215691e+01,6.582677e+00,4.144292e+00,2.612219e+00,4.599043e-01,6.005618e+01
7.000000e-03,1.100000e+00,2.500000e+01,1.063898e+00,1.212737e+02,1.775670e+01,2.252155e+00,6.111928e+00,2.620309e+00,7.675033e+00,4.787842e+00,1.179436e+01,1.625876e+01,5.658406e+00,3.107401e+01,6.687748e+00,4.210442e+00,2.653915e+00,4.672452e-01,5.941861e+01
7.000000e-03,1.175000e+00,2.500000e+01,1.047654e+00,1.212737e+02,1.730044e+01,2.252155e+00,6.206690e+00,2.660935e+00,7.794030e+00,4.862075e+00,1.197723e+01,1.651084e+01,5.746137e+00,3.000535e+01,6.791439e+00,4.275723e+00,2.695062e+00,4.744896e-01,5.878942e+01
7.000000e-03,1.250000e+00,2.500000e+01,1.031943e+00,1.212737e+02,1.685911e+01,2.252155e+00,6.301189e+00,2.701449e+00,7.912698e+00,4.936103e+00,1.215958e+01,1.676223e+01,5.833624e+00,2.893965e+01,6.894841e+00,4.340823e+00,2.736096e+00,4.817139e-01,5.816197e+01
7.000000e-03,1.325000e+00,2.500000e+01,1.016643e+00,1.212737e+02,1.642935e+01,2.252155e+00,6.396019e+00,2.742104e+00,8.031780e+00,5.010388e+00,1.234258e+01,1.701449e+01,5.921417e+00,2.787023e+01,6.998605e+00,4.406150e+00,2.777272e+00,4.889634e-01,5.753233e+01
7.000000e-03,1.400000e+00,2.500000e+01,1.001701e+00,1.212737e+02,1.600964e+01,2.252155e+00,6.491424e+00,2.783007e+00,8.151585e+00,5.085125e+00,1.252669e+01,1.726829e+01,6.009743e+00,2.679431e+01,7.102999e+00,4.471875e+00,2.818699e+00,4.962570e-01,5.689886e+01
7.000000e-03,1.475000e+00,2.500000e+01,9.871120e-01,1.212737e+02,1.559986e+01,2.252155e+00,6.587362e+00,2.824137e+00,8.272058e+00,5.160279e+00,1.271182e+01,1.752350e+01,6.098562e+00,2.571240e+01,7.207975e+00,4.537965e+00,2.860357e+00,5.035912e-01,5.626187e+01
7.000000e-03,1.550000e+00,2.500000e+01,9.729048e-01,1.212737e+02,1.520079e+01,2.252155e+00,6.683556e+00,2.865378e+00,8.392854e+00,5.235634e+00,1.289745e+01,1.777939e+01,6.187618e+00,2.462759e+01,7.313233e+00,4.604233e+00,2.902126e+00,5.109451e-01,5.562316e+01
7.000000e-03,1.625000e+00,2.500000e+01,9.591273e-01,1.212737e+02,1.481379e+01,2.252155e+00,6.779562e+00,2.906537e+00,8.513413e+00,5.310841e+00,1.308271e+01,1.803478e+01,6.276501e+00,2.354490e+01,7.418284e+00,4.670371e+00,2.943814e+00,5.182845e-01,5.498571e+01
7.000000e-03,1.700000e+00,2.500000e+01,9.458370e-01,1.212737e+02,1.444048e+01,2.252155e+00,6.874824e+00,2.947378e+00,8.633037e+00,5.385465e+00,1.326654e+01,1.828819e+01,6.364693e+00,2.247061e+01,7.522520e+00,4.735996e+00,2.985178e+00,5.255671e-01,5.435320e+01
7.000000e-03,1.775000e+00,2.500000e+01,9.330914e-01,1.212737e+02,1.408247e+01,2.252155e+00,6.968730e+00,2.987637e+00,8.750960e+00,5.459028e+00,1.344776e+01,1.853800e+01,6.451632e+00,2.141159e+01,7.625274e+00,4.800687e+00,3.025954e+00,5.327461e-01,5.372969e+01
7.000000e-03,1.850000e+00,2.500000e+01,9.209417e-01,1.212737e+02,1.374119e+01,2.252155e+00,7.060666e+00,3.027052e+00,8.866408e+00,5.531047e+00,1.362517e+01,1.878257e+01,6.536746e+00,2.037481e+01,7.725872e+00,4.864021e+00,3.065874e+00,5.397744e-01,5.311927e+01
7.000000e-03,1.925000e+00,2.500000e+01,9.094286e-01,1.212737e+02,1.341780e+01,2.252155e+00,7.150051e+00,3.065374e+00,8.978653e+00,5.601067e+00,1.379766e+01,1.902034e+01,6.619498e+00,1.936678e+01,7.823678e+00,4.925598e+00,3.104687e+00,5.466077e-01,5.252578e+01
7.000000e-03,2.000000e+00,2.500000e+01,8.985802e-01,1.212737e+02,1.311308e+01,2.252155e+00,7.236372e+00,3.102381e+00,9.087050e+00,5.668688e+00,1.396423e+01,1.924997e+01,6.699414e+00,1.839332e+01,7.918132e+00,4.985064e+00,3.142169e+00,5.532067e-01,5.195263e+01
7.650000e-03,5.000000e-01,2.500000e+01,1.365833e+00,1.216089e+02,2.620428e+01,2.259319e+00,4.848169e+00,2.102683e+00,5.978373e+00,3.729432e+00,9.187072e+00,1.266456e+01,4.407546e+00,4.616197e+01,5.209338e+00,3.279669e+00,2.067235e+00,3.639550e-01,6.830227e+01
7.650000e-03,5.750000e-01,2.500000e+01,1.310902e+00,1.216089e+02,2.466132e+01,2.259319e+00,5.051322e+00,2.190792e+00,6.228886e+00,3.885706e+00,9.572038e+00,1.319524e+01,4.592235e+00,4.390599e+01,5.427625e+00,3.417098e+00,2.153858e+00,3.792058e-01,6.697404e+01
7.650000e-03,6.500000e-01,2.500000e+01,1.268064e+00,1.216097e+02,2.345796e+01,2.259319e+00,5.221966e+00,2.264801e+00,6.439293e+00,4.016962e+00,9.895401e+00,1.364101e+01,4.747494e+00,4.201064e+01,5.611104e+00,3.532702e+00,2.226620e+00,3.920162e-01,6.585812e+01
7.650000e-03,7.250000e-01,2.500000e+01,1.233404e+00,1.216089e+02,2.248445e+01,2.259319e+00,5.368711e+00,2.328446e+00,6.620265e+00,4.129857e+00,1.017348e+01,1.402434e+01,4.880779e+00,4.038143e+01,5.768660e+00,3.631805e+00,2.289192e+00,4.030325e-01,6.489892e+01
7.650000e-03,8.000000e-01,2.500000e+01,1.204460e+00,1.216089e+02,2.167144e+01,2.259319e+00,5.497723e+00,2.384399e+00,6.779352e+00,4.229099e+00,1.041795e+01,1.436135e+01,4.998066e+00,3.894878e+01,5.907283e+00,3.719078e+00,2.344202e+00,4.127175e-01,6.405542e+01
7.650000e-03,8.750000e-01,2.500000e+01,1.179566e+00,1.216089e+02,2.097219e+01,2.259319e+00,5.613749e+00,2.434720e+00,6.922426e+00,4.318351e+00,1.063781e+01,1.466444e+01,5.103547e+00,3.766033e+01,6.031952e+00,3.797567e+00,2.393674e+00,4.214276e-01,6.329684e+01
7.650000e-03,9.500000e-01,2.500000e+01,1.157570e+00,1.216089e+02,2.035435e+01,2.259319e+00,5.720419e+00,2.480984e+00,7.053963e+00,4.400406e+00,1.083995e+01,1.494308e+01,5.200522e+00,3.647578e+01,6.146568e+00,3.869727e+00,2.439158e+00,4.294354e-01,6.259942e+01
7.650000e-03,1.025000e+00,2.500000e+01,1.137662e+00,1.216097e+02,1.979506e+01,2.259319e+00,5.820523e+00,2.524399e+00,7.177377e+00,4.477393e+00,1.102964e+01,1.520458e+01,5.291666e+00,3.536373e+01,6.254266e+00,3.937632e+00,2.481842e+00,4.369502e-01,6.194468e+01
7.650000e-03,1.100000e+00,2.500000e+01,1.119229e+00,1.216089e+02,1.927737e+01,2.259319e+00,5.916384e+00,2.565975e+00,7.295611e+00,4.551152e+00,1.121129e+01,1.545499e+01,5.378677e+00,3.429963e+01,6.357133e+00,4.002293e+00,2.522716e+00,4.441466e-01,6.131818e+01
7.650000e-03,1.175000e+00,2.500000e+01,1.101868e+00,1.216089e+02,1.878971e+01,2.259320e+00,6.009602e+00,2.606404e+00,7.410560e+00,4.622859e+00,1.138794e+01,1.569850e+01,5.463423e+00,3.326446e+01,6.457295e+00,4.065353e+00,2.562464e+00,4.511445e-01,6.070872e+01
7.650000e-03,1.250000e+00,2.500000e+01,1.085270e+00,1.216089e+02,1.832350e+01,2.259320e+00,6.101510e+00,2.646265e+00,7.523894e+00,4.693559e+00,1.156210e+01,1.593858e+01,5.546978e+00,3.224383e+01,6.556050e+00,4.127527e+00,2.601653e+00,4.580441e-01,6.010781e+01
7.650000e-03,1.325000e+00,2.500000e+01,1.069229e+00,1.216089e+02,1.787292e+01,2.259320e+00,6.193047e+00,2.685966e+00,7.636770e+00,4.763973e+00,1.173556e+01,1.617770e+01,5.630196e+00,3.122733e+01,6.654406e+00,4.189450e+00,2.640684e+00,4.649158e-01,5.950934e+01
7.650000e-03,1.400000e+00,2.500000e+01,1.053620e+00,1.216097e+02,1.743441e+01,2.259320e+00,6.284792e+00,2.725756e+00,7.749871e+00,4.834526e+00,1.190941e+01,1.641736e+01,5.713752e+00,3.020807e+01,6.753134e+00,4.251716e+00,2.679804e+00,4.718032e-01,5.890924e+01
7.650000e-03,1.475000e+00,2.500000e+01,1.038348e+00,1.216089e+02,1.700552e+01,2.259320e+00,6.377227e+00,2.765845e+00,7.863885e+00,4.905652e+00,1.208457e+01,1.665882e+01,5.797636e+00,2.918205e+01,6.852307e+00,4.314044e+00,2.719217e+00,4.787423e-01,5.830516e+01
7.650000e-03,1.550000e+00,2.500000e+01,1.023408e+00,1.216089e+02,1.658585e+01,2.259320e+00,6.470327e+00,2.806224e+00,7.978689e+00,4.977269e+00,1.226099e+01,1.690202e+01,5.882275e+00,2.814819e+01,6.952343e+00,4.377024e+00,2.758915e+00,4.857314e-01,5.769646e+01
7.650000e-03,1.625000e+00,2.500000e+01,1.008796e+00,1.216089e+02,1.617542e+01,2.259320e+00,6.564045e+00,2.846870e+00,8.094255e+00,5.049362e+00,1.243858e+01,1.714683e+01,5.967476e+00,2.710747e+01,7.053043e+00,4.440422e+00,2.798875e+00,4.927668e-01,5.708372e+01
7.650000e-03,1.700000e+00,2.500000e+01,9.945489e-01,1.216097e+02,1.577515e+01,2.259320e+00,6.658076e+00,2.887652e+00,8.210169e+00,5.121670e+00,1.261677e+01,1.739247e+01,6.053118e+00,2.606281e+01,7.154235e+00,4.504246e+00,2.838970e+00,4.998258e-01,5.646866e+01
7.650000e-03,1.775000e+00,2.500000e+01,9.806940e-01,1.216097e+02,1.538598e+01,2.259320e+00,6.752139e+00,2.928447e+00,8.326158e+00,5.194026e+00,1.279501e+01,1.763818e+01,6.138634e+00,2.501825e+01,7.255307e+00,4.567881e+00,2.879078e+00,5.068871e-01,5.585367e+01
7.650000e-03,1.850000e+00,2.500000e+01,9.672798e-01,1.216089e+02,1.500927e+01,2.259320e+00,6.845776e+00,2.969058e+00,8.441663e+00,5.266082e+00,1.297245e+01,1.788278e+01,6.223602e+00,2.397890e+01,7.355762e+00,4.631008e+00,2.919004e+00,5.139165e-01,5.524174e+01
7.650000e-03,1.925000e+00,2.500000e+01,9.543773e-01,1.216096e+02,1.464677e+01,2.259320e+00,6.938326e+00,3.009198e+00,8.555745e+00,5.337247e+00,1.314783e+01,1.812454e+01,6.307904e+00,2.295067e+01,7.455369e+00,4.693839e+00,2.958467e+00,5.208643e-01,5.463636e+01
7.650000e-03,2.000000e+00,2.500000e+01,9.420012e-01,1.216089e+02,1.429921e+01,2.259320e+00,7.029482e+00,3.048733e+00,8.668194e+00,5.407397e+00,1.332057e+01,1.836266e+01,6.390611e+00,2.193888e+01,7.553154e+00,4.755281e+00,2.997335e+00,5.277074e-01,5.404066e+01
8.300000e-03,5.000000e-01,2.500000e+01,1.466794e+00,1.219440e+02,2.900663e+01,2.266484e+00,4.595813e+00,2.015339e+00,5.566882e+00,3.472735e+00,8.554724e+00,1.179286e+01,4.104173e+00,4.972892e+01,4.850778e+00,3.053928e+00,1.924947e+00,3.389040e-01,7.040268e+01
8.300000e-03,5.750000e-01,2.500000e+01,1.401635e+00,1.219440e+02,2.717640e+01,2.266484e+00,4.809460e+00,2.109026e+00,5.825670e+00,3.634172e+00,8.952409e+00,1.234107e+01,4.294965e+00,4.739196e+01,5.076277e+00,3.195897e+00,2.014433e+00,3.546587e-01,6.902679e+01
8.300000e-03,6.500000e-01,2.500000e+01,1.350972e+00,1.219440e+02,2.575330e+01,2.266484e+00,4.989822e+00,2.188118e+00,6.044142e+00,3.770460e+00,9.288138e+00,1.280388e+01,4.456033e+00,4.541908e+01,5.266646e+00,3.315748e+00,2.089977e+00,3.679589e-01,6.786524e+01
8.300000e-03,7.250000e-01,2.500000e+01,1.310215e+00,1.219440e+02,2.460847e+01,2.266484e+00,5.145040e+00,2.256184e+00,6.232157e+00,3.887747e+00,9.577064e+00,1.320217e+01,4.594647e+00,4.372123e+01,5.430475e+00,3.418891e+00,2.154990e+00,3.794050e-01,6.686563e+01
8.300000e-03,8.000000e-01,2.500000e+01,1.276442e+00,1.219440e+02,2.365983e+01,2.266484e+00,5.281170e+00,2.315879e+00,6.397050e+00,3.990611e+00,9.830458e+00,1.355148e+01,4.716214e+00,4.223218e+01,5.574157e+00,3.509350e+00,2.212007e+00,3.894435e-01,6.598894e+01
8.300000e-03,8.750000e-01,2.500000e+01,1.247699e+00,1.219440e+02,2.285245e+01,2.266484e+00,5.402833e+00,2.369230e+00,6.544420e+00,4.082543e+00,1.005692e+01,1.386367e+01,4.824861e+00,4.090138e+01,5.702570e+00,3.590195e+00,2.262966e+00,3.984151e-01,6.520543e+01
8.300000e-03,9.500000e-01,2.500000e+01,1.222633e+00,1.219448e+02,2.214829e+01,2.266484e+00,5.513598e+00,2.417802e+00,6.678571e+00,4.166228e+00,1.026310e+01,1.414789e+01,4.923906e+00,3.968938e+01,5.819607e+00,3.663973e+00,2.309359e+00,4.065832e-01,6.449186e+01
8.300000e-03,1.025000e+00,2.500000e+01,1.200250e+00,1.219440e+02,2.151966e+01,2.266484e+00,5.616418e+00,2.462890e+00,6.803134e+00,4.243934e+00,1.045449e+01,1.441173e+01,5.015598e+00,3.856509e+01,5.928004e+00,3.732123e+00,2.352425e+00,4.141653e-01,6.382993e+01
8.300000e-03,1.100000e+00,2.500000e+01,1.179862e+00,1.219440e+02,2.094697e+01,2.266484e+00,5.713471e+00,2.505450e+00,6.920694e+00,4.317270e+00,1.063515e+01,1.466076e+01,5.102269e+00,3.750348e+01,6.030442e+00,3.796616e+00,2.393076e+00,4.213221e-01,6.320490e+01
8.300000e-03,1.175000e+00,2.500000e+01,1.160935e+00,1.219440e+02,2.041533e+01,2.266484e+00,5.806618e+00,2.546296e+00,7.033522e+00,4.387655e+00,1.080854e+01,1.489978e+01,5.185452e+00,3.648459e+01,6.128757e+00,3.858512e+00,2.432090e+00,4.281910e-01,6.260503e+01
8.300000e-03,1.250000e+00,2.500000e+01,1.143081e+00,1.219440e+02,1.991382e+01,2.266484e+00,5.897314e+00,2.586068e+00,7.143382e+00,4.456188e+00,1.097736e+01,1.513251e+01,5.266445e+00,3.549252e+01,6.224484e+00,3.918780e+00,2.470078e+00,4.348791e-01,6.202094e+01
8.300000e-03,1.325000e+00,2.500000e+01,1.126014e+00,1.219440e+02,1.943443e+01,2.266484e+00,5.986697e+00,2.625264e+00,7.251651e+00,4.523728e+00,1.114374e+01,1.536186e+01,5.346267e+00,3.451480e+01,6.318827e+00,3.978176e+00,2.507516e+00,4.414704e-01,6.144530e+01
8.300000e-03,1.400000e+00,2.500000e+01,1.109531e+00,1.219440e+02,1.897146e+01,2.266484e+00,6.075631e+00,2.664263e+00,7.359376e+00,4.590930e+00,1.130928e+01,1.559007e+01,5.425687e+00,3.354200e+01,6.412694e+00,4.037273e+00,2.544766e+00,4.480285e-01,6.087256e+01
8.300000e-03,1.475000e+00,2.500000e+01,1.093495e+00,1.219440e+02,1.852100e+01,2.266484e+00,6.164734e+00,2.703336e+00,7.467306e+00,4.658258e+00,1.147514e+01,1.581871e+01,5.505258e+00,3.256735e+01,6.506741e+00,4.096482e+00,2.582086e+00,4.545991e-01,6.029874e+01
8.300000e-03,1.550000e+00,2.500000e+01,1.077817e+00,1.219440e+02,1.808062e+01,2.266484e+00,6.254405e+00,2.742658e+00,7.575924e+00,4.726016e+00,1.164205e+01,1.604880e+01,5.585336e+00,3.158649e+01,6.601387e+00,4.156069e+00,2.619645e+00,4.612116e-01,5.972125e+01
8.300000e-03,1.625000e+00,2.500000e+01,1.062453e+00,1.219440e+02,1.764907e+01,2.266484e+00,6.344848e+00,2.782319e+00,7.685477e+00,4.794358e+00,1.181041e+01,1.628088e+01,5.666104e+00,3.059718e+01,6.696848e+00,4.216169e+00,2.657526e+00,4.678811e-01,5.913879e+01
8.300000e-03,1.700000e+00,2.500000e+01,1.083122e+00,1.213306e+02,1.829098e+01,2.266485e+00,6.223771e+00,2.729225e+00,7.102097e+00,4.414106e+00,1.158503e+01,1.597020e+01,5.619084e+00,3.216206e+01,6.743061e+00,4.385602e+00,2.606814e+00,4.589526e-01,6.012014e+01
8.300000e-03,1.775000e+00,2.500000e+01,1.032638e+00,1.219440e+02,1.681160e+01,2.266484e+00,6.528038e+00,2.862651e+00,7.907374e+00,4.932782e+00,1.215140e+01,1.675094e+01,5.829697e+00,2.859337e+01,6.890201e+00,4.337900e+00,2.734255e+00,4.813898e-01,5.795904e+01
8.300000e-03,1.850000e+00,2.500000e+01,1.018226e+00,1.219440e+02,1.640676e+01,2.266484e+00,6.620440e+00,2.903170e+00,8.019300e+00,5.002603e+00,1.232340e+01,1.698805e+01,5.912214e+00,2.758264e+01,6.987729e+00,4.399301e+00,2.772957e+00,4.882037e-01,5.736396e+01
8.300000e-03,1.925000e+00,2.500000e+01,1.004189e+00,1.219440e+02,1.601249e+01,2.266484e+00,6.712978e+00,2.943750e+00,8.131391e+00,5.072528e+00,1.249565e+01,1.722550e+01,5.994853e+00,2.657041e+01,7.085401e+00,4.460794e+00,2.811717e+00,4.950277e-01,5.676801e+01
8.300000e-03,2.000000e+00,2.500000e+01,9.905712e-01,1.219440e+02,1.562998e+01,2.266484e+00,6.805265e+00,2.984219e+00,8.243177e+00,5.142263e+00,1.266743e+01,1.746231e+01,6.077267e+00,2.556094e+01,7.182808e+00,4.522119e+00,2.850371e+00,5.018330e-01,5.617368e+01
8.950000e-03,5.000000e-01,2.500000e+01,1.581366e+00,1.222800e+02,3.219125e+01,2.273648e+00,4.338294e+00,1.922552e+00,5.163550e+00,3.221128e+00,7.934926e+00,1.093845e+01,3.806921e+00,5.324211e+01,4.499432e+00,2.832802e+00,1.785483e+00,3.143502e-01,7.247139e+01
8.950000e-03,5.750000e-01,2.500000e+01,1.504443e+00,1.222791e+02,3.003063e+01,2.273648e+00,4.560113e+00,2.020853e+00,5.427572e+00,3.385830e+00,8.340642e+00,1.149774e+01,4.001466e+00,5.085170e+01,4.729387e+00,2.977503e+00,1.876776e+00,3.304230e-01,7.106404e+01
8.950000e-03,6.500000e-01,2.500000e+01,1.444739e+00,1.222791e+02,2.835361e+01,2.273648e+00,4.748558e+00,2.104364e+00,5.651865e+00,3.525749e+00,8.685317e+00,1.197288e+01,4.166826e+00,4.882065e+01,4.924828e+00,3.100547e+00,1.954333e+00,3.440777e-01,6.986827e+01
8.950000e-03,7.250000e-01,2.500000e+01,1.396868e+00,1.222791e+02,2.700896e+01,2.273648e+00,4.911292e+00,2.176481e+00,5.845555e+00,3.646576e+00,8.982963e+00,1.238319e+01,4.309624e+00,4.706673e+01,5.093603e+00,3.206804e+00,2.021308e+00,3.558692e-01,6.883566e+01
8.950000e-03,8.000000e-01,2.500000e+01,1.357405e+00,1.222791e+02,2.590048e+01,2.273648e+00,5.054074e+00,2.239756e+00,6.015498e+00,3.752591e+00,9.244119e+00,1.274320e+01,4.434914e+00,4.552784e+01,5.241685e+00,3.300033e+00,2.080072e+00,3.662152e-01,6.792964e+01
8.950000e-03,8.750000e-01,2.500000e+01,1.324060e+00,1.222791e+02,2.496385e+01,2.273649e+00,5.181355e+00,2.296162e+00,6.166992e+00,3.847095e+00,9.476921e+00,1.306412e+01,4.546602e+00,4.415602e+01,5.373691e+00,3.383141e+00,2.132457e+00,3.754379e-01,6.712198e+01
8.950000e-03,9.500000e-01,2.500000e+01,1.295241e+00,1.222791e+02,2.415434e+01,2.273649e+00,5.296640e+00,2.347252e+00,6.304207e+00,3.932693e+00,9.687783e+00,1.335480e+01,4.647764e+00,4.291349e+01,5.493256e+00,3.458416e+00,2.179904e+00,3.837913e-01,6.639045e+01
8.950000e-03,1.025000e+00,2.500000e+01,1.269805e+00,1.222791e+02,2.343988e+01,2.273649e+00,5.402738e+00,2.394270e+00,6.430488e+00,4.011470e+00,9.881840e+00,1.362231e+01,4.740864e+00,4.176999e+01,5.603293e+00,3.527692e+00,2.223570e+00,3.914791e-01,6.571721e+01
8.950000e-03,1.100000e+00,2.500000e+01,1.246913e+00,1.222791e+02,2.279686e+01,2.273649e+00,5.501927e+00,2.438226e+00,6.548544e+00,4.085116e+00,1.006326e+01,1.387240e+01,4.827901e+00,4.070095e+01,5.706163e+00,3.592457e+00,2.264392e+00,3.986662e-01,6.508781e+01
8.950000e-03,1.175000e+00,2.500000e+01,1.225937e+00,1.222791e+02,2.220766e+01,2.273649e+00,5.596066e+00,2.479945e+00,6.660592e+00,4.155014e+00,1.023545e+01,1.410976e+01,4.910509e+00,3.968632e+01,5.803798e+00,3.653925e+00,2.303136e+00,4.054876e-01,6.449045e+01
8.950000e-03,1.250000e+00,2.500000e+01,1.206402e+00,1.222791e+02,2.165893e+01,2.273649e+00,5.686682e+00,2.520102e+00,6.768446e+00,4.222295e+00,1.040119e+01,1.433824e+01,4.990023e+00,3.870967e+01,5.897777e+00,3.713092e+00,2.340431e+00,4.120535e-01,6.391546e+01
8.950000e-03,1.325000e+00,2.500000e+01,1.187949e+00,1.222791e+02,2.114060e+01,2.273649e+00,5.775016e+00,2.559248e+00,6.873583e+00,4.287882e+00,1.056275e+01,1.456096e+01,5.067536e+00,3.775762e+01,5.989390e+00,3.770770e+00,2.376786e+00,4.184541e-01,6.335494e+01
8.950000e-03,1.400000e+00,2.500000e+01,1.170308e+00,1.222791e+02,2.064508e+01,2.273649e+00,5.862067e+00,2.597825e+00,6.977194e+00,4.352516e+00,1.072197e+01,1.478045e+01,5.143923e+00,3.681939e+01,6.079673e+00,3.827610e+00,2.412613e+00,4.247618e-01,6.280256e+01
8.950000e-03,1.475000e+00,2.500000e+01,1.153279e+00,1.222792e+02,2.016677e+01,2.273649e+00,5.948622e+00,2.636183e+00,7.080213e+00,4.416782e+00,1.088028e+01,1.499869e+01,5.219873e+00,3.588652e+01,6.169440e+00,3.884125e+00,2.448235e+00,4.310335e-01,6.225333e+01
8.950000e-03,1.550000e+00,2.500000e+01,1.136721e+00,1.222792e+02,1.970168e+01,2.273649e+00,6.035271e+00,2.674582e+00,7.183346e+00,4.481118e+00,1.103877e+01,1.521716e+01,5.295907e+00,3.495263e+01,6.259307e+00,3.940703e+00,2.483897e+00,4.373120e-01,6.170350e+01
8.950000e-03,1.625000e+00,2.500000e+01,1.120546e+00,1.222800e+02,1.924723e+01,2.273649e+00,6.122394e+00,2.713191e+00,7.287020e+00,4.545791e+00,1.119812e+01,1.543683e+01,5.372497e+00,3.401320e+01,6.349802e+00,3.997780e+00,2.519753e+00,4.436249e-01,6.115041e+01
8.950000e-03,1.700000e+00,2.500000e+01,1.104672e+00,1.222792e+02,1.880143e+01,2.273649e+00,6.210370e+00,2.752179e+00,7.391753e+00,4.611127e+00,1.135903e+01,1.565865e+01,5.449555e+00,3.306543e+01,6.440905e+00,4.055033e+00,2.555961e+00,4.499996e-01,6.059242e+01
8.950000e-03,1.775000e+00,2.500000e+01,1.089095e+00,1.222792e+02,1.836389e+01,2.273649e+00,6.299195e+00,2.791542e+00,7.497475e+00,4.677078e+00,1.152150e+01,1.588261e+01,5.527499e+00,3.210808e+01,6.533028e+00,4.113032e+00,2.592518e+00,4.564358e-01,6.002879e+01
8.950000e-03,1.850000e+00,2.500000e+01,1.073803e+00,1.222792e+02,1.793435e+01,2.273649e+00,6.388901e+00,2.831296e+00,7.604246e+00,4.743684e+00,1.168557e+01,1.610879e+01,5.606215e+00,3.114125e+01,6.626064e+00,4.171605e+00,2.629438e+00,4.629358e-01,5.945956e+01
8.950000e-03,1.925000e+00,2.500000e+01,1.058810e+00,1.222792e+02,1.751321e+01,2.273649e+00,6.479368e+00,2.871388e+00,7.711922e+00,4.810855e+00,1.185104e+01,1.633690e+01,5.685600e+00,3.016620e+01,6.719890e+00,4.230676e+00,2.666671e+00,4.694910e-01,5.888551e+01
8.950000e-03,2.000000e+00,2.500000e+01,1.044142e+00,1.222792e+02,1.710120e+01,2.273649e+00,6.570390e+00,2.911725e+00,7.820259e+00,4.878437e+00,1.201752e+01,1.656639e+01,5.765470e+00,2.918518e+01,6.814290e+00,4.290108e+00,2.704132e+00,4.760864e-01,5.830793e+01
9.600000e-03,5.000000e-01,2.500000e+01,1.711267e+00,1.226143e+02,3.580661e+01,2.280813e+00,4.078703e+00,1.825799e+00,4.771597e+00,2.976620e+00,7.332593e+00,1.010812e+01,3.517850e+00,5.667284e+01,4.157794e+00,2.617641e+00,1.649950e+00,2.904882e-01,7.449151e+01
9.600000e-03,5.750000e-01,2.500000e+01,1.620891e+00,1.226143e+02,3.326801e+01,2.280813e+00,4.306120e+00,1.927601e+00,5.037648e+00,3.142588e+00,7.741439e+00,1.067173e+01,3.713996e+00,5.425704e+01,4.389621e+00,2.763594e+00,1.741946e+00,3.066850e-01,7.306923e+01
9.600000e-03,6.500000e-01,2.500000e+01,1.550797e+00,1.226143e+02,3.129914e+01,2.280813e+00,4.500750e+00,2.014725e+00,5.265342e+00,3.284628e+00,8.091340e+00,1.115407e+01,3.881863e+00,5.218952e+01,4.588026e+00,2.888504e+00,1.820680e+00,3.205467e-01,7.185200e+01
9.600000e-03,7.250000e-01,2.500000e+01,1.494706e+00,1.226143e+02,2.972361e+01,2.280813e+00,4.669645e+00,2.090330e+00,5.462929e+00,3.407887e+00,8.394975e+00,1.157264e+01,4.027533e+00,5.039539e+01,4.760196e+00,2.996898e+00,1.889002e+00,3.325756e-01,7.079572e+01
9.600000e-03,8.000000e-01,2.500000e+01,1.448622e+00,1.226143e+02,2.842915e+01,2.280813e+00,4.818197e+00,2.156828e+00,5.636718e+00,3.516300e+00,8.662039e+00,1.194079e+01,4.155658e+00,4.881735e+01,4.911629e+00,3.092237e+00,1.949096e+00,3.431556e-01,6.986666e+01
9.600000e-03,8.750000e-01,2.500000e+01,1.409873e+00,1.226143e+02,2.734072e+01,2.280813e+00,4.950621e+00,2.216107e+00,5.791638e+00,3.612942e+00,8.900107e+00,1.226897e+01,4.269873e+00,4.741064e+01,5.046621e+00,3.177224e+00,2.002665e+00,3.525869e-01,6.903848e+01
9.600000e-03,9.500000e-01,2.500000e+01,1.376602e+00,1.226143e+02,2.640617e+01,2.280813e+00,5.070271e+00,2.269667e+00,5.931615e+00,3.700263e+00,9.115212e+00,1.256550e+01,4.373070e+00,4.613962e+01,5.168592e+00,3.254014e+00,2.051067e+00,3.611085e-01,6.829017e+01
9.600000e-03,1.025000e+00,2.500000e+01,1.347484e+00,1.226151e+02,2.558819e+01,2.280813e+00,5.179835e+00,2.318713e+00,6.059780e+00,3.780214e+00,9.312184e+00,1.283703e+01,4.467685e+00,4.497538e+01,5.280396e+00,3.324489e+00,2.095389e+00,3.689117e-01,6.760473e+01
9.600000e-03,1.100000e+00,2.500000e+01,1.321515e+00,1.226143e+02,2.485882e+01,2.280813e+00,5.281624e+00,2.364278e+00,6.178872e+00,3.854507e+00,9.495177e+00,1.308929e+01,4.555361e+00,4.389447e+01,5.384043e+00,3.389657e+00,2.136565e+00,3.761612e-01,6.696836e+01
9.600000e-03,1.175000e+00,2.500000e+01,1.297986e+00,1.226151e+02,2.419783e+01,2.280813e+00,5.377366e+00,2.407136e+00,6.290866e+00,3.924370e+00,9.667299e+00,1.332656e+01,4.638058e+00,4.287704e+01,5.481761e+00,3.451267e+00,2.175295e+00,3.829800e-01,6.636936e+01
9.600000e-03,1.250000e+00,2.500000e+01,1.276304e+00,1.226143e+02,2.358889e+01,2.280813e+00,5.468716e+00,2.448028e+00,6.397747e+00,3.991046e+00,9.831525e+00,1.355295e+01,4.716726e+00,4.190703e+01,5.574763e+00,3.509730e+00,2.212249e+00,3.894860e-01,6.579827e+01
9.600000e-03,1.325000e+00,2.500000e+01,1.256058e+00,1.226143e+02,2.302020e+01,2.280813e+00,5.556864e+00,2.487487e+00,6.500870e+00,4.055376e+00,9.989996e+00,1.377141e+01,4.792753e+00,4.097066e+01,5.664621e+00,3.566302e+00,2.247907e+00,3.957639e-01,6.524699e+01
9.600000e-03,1.400000e+00,2.500000e+01,1.236906e+00,1.226143e+02,2.248223e+01,2.280813e+00,5.642906e+00,2.526003e+00,6.601530e+00,4.118169e+00,1.014468e+01,1.398464e+01,4.866964e+00,4.005664e+01,5.752332e+00,3.621523e+00,2.282714e+00,4.018919e-01,6.470887e+01
9.600000e-03,1.475000e+00,2.500000e+01,1.218590e+00,1.226143e+02,2.196776e+01,2.280813e+00,5.727721e+00,2.563969e+00,6.700752e+00,4.180066e+00,1.029716e+01,1.419483e+01,4.940115e+00,3.915568e+01,5.838791e+00,3.675955e+00,2.317023e+00,4.079325e-01,6.417844e+01
9.600000e-03,1.550000e+00,2.500000e+01,1.200916e+00,1.226143e+02,2.147131e+01,2.280813e+00,5.812016e+00,2.601703e+00,6.799367e+00,4.241584e+00,1.044870e+01,1.440374e+01,5.012819e+00,3.826023e+01,5.924721e+00,3.730055e+00,2.351123e+00,4.139360e-01,6.365125e+01
9.600000e-03,1.625000e+00,2.500000e+01,1.183740e+00,1.226143e+02,2.098885e+01,2.280813e+00,5.896348e+00,2.639454e+00,6.898027e+00,4.303130e+00,1.060031e+01,1.461274e+01,5.085556e+00,3.736439e+01,6.010689e+00,3.784178e+00,2.385238e+00,4.199422e-01,6.312383e+01
9.600000e-03,1.700000e+00,2.500000e+01,1.166959e+00,1.226143e+02,2.051750e+01,2.280813e+00,5.981136e+00,2.677409e+00,6.997218e+00,4.365008e+00,1.075274e+01,1.482287e+01,5.158684e+00,3.646371e+01,6.097121e+00,3.838594e+00,2.419537e+00,4.259809e-01,6.259356e+01
9.600000e-03,1.775000e+00,2.500000e+01,1.150507e+00,1.226143e+02,2.005537e+01,2.280813e+00,6.066666e+00,2.715696e+00,7.097278e+00,4.427427e+00,1.090651e+01,1.503483e+01,5.232454e+00,3.555513e+01,6.184310e+00,3.893486e+00,2.454136e+00,4.320724e-01,6.205865e+01
9.600000e-03,1.850000e+00,2.500000e+01,1.134343e+00,1.226143e+02,1.960135e+01,2.280813e+00,6.153110e+00,2.754392e+00,7.198407e+00,4.490514e+00,1.106191e+01,1.524906e+01,5.307011e+00,3.463686e+01,6.272430e+00,3.948964e+00,2.489105e+00,4.382290e-01,6.151802e+01
9.600000e-03,1.925000e+00,2.500000e+01,1.118453e+00,1.226143e+02,1.915501e+01,2.280813e+00,6.240530e+00,2.793524e+00,7.300678e+00,4.554312e+00,1.121908e+01,1.546571e+01,5.382410e+00,3.370822e+01,6.361546e+00,4.005069e+00,2.524469e+00,4.444551e-01,6.097129e+01
9.600000e-03,2.000000e+00,2.500000e+01,1.102837e+00,1.226143e+02,1.871637e+01,2.280813e+00,6.328894e+00,2.833080e+00,7.404053e+00,4.618800e+00,1.137793e+01,1.568470e+01,5.458623e+00,3.276955e+01,6.451623e+00,4.061780e+00,2.560214e+00,4.507484e-01,6.041866e+01
1.025000e-02,5.000000e-01,2.500000e+01,1.858458e+00,1.229494e+02,3.990753e+01,2.287977e+00,3.819871e+00,1.726486e+00,4.393687e+00,2.740872e+00,6.751851e+00,9.307558e+00,3.239236e+00,5.999487e+01,3.828496e+00,2.410323e+00,1.519274e+00,2.674816e-01,7.644759e+01
1.025000e-02,5.750000e-01,2.500000e+01,1.752716e+00,1.229494e+02,3.693733e+01,2.287978e+00,4.050325e+00,1.830646e+00,4.658760e+00,2.906229e+00,7.159193e+00,9.869087e+00,3.434660e+00,5.758134e+01,4.059471e+00,2.555738e+00,1.610932e+00,2.836188e-01,7.502666e+01
1.025000e-02,6.500000e-01,2.500000e+01,1.670729e+00,1.229494e+02,3.463439e+01,2.287978e+00,4.249084e+00,1.920480e+00,4.887376e+00,3.048845e+00,7.510511e+00,1.035339e+01,3.603207e+00,5.549976e+01,4.258679e+00,2.681155e+00,1.689984e+00,2.975367e-01,7.380116e+01
1.025000e-02,7.250000e-01,2.500000e+01,1.605197e+00,1.229494e+02,3.279364e+01,2.287978e+00,4.422554e+00,1.998884e+00,5.086904e+00,3.173315e+00,7.817129e+00,1.077607e+01,3.750309e+00,5.368302e+01,4.432540e+00,2.790614e+00,1.758978e+00,3.096837e-01,7.273159e+01
1.025000e-02,8.000000e-01,2.500000e+01,1.551470e+00,1.229494e+02,3.128451e+01,2.287978e+00,4.575704e+00,2.068104e+00,5.263060e+00,3.283205e+00,8.087832e+00,1.114923e+01,3.880179e+00,5.207910e+01,4.586037e+00,2.887251e+00,1.819891e+00,3.204078e-01,7.178730e+01
1.025000e-02,8.750000e-01,2.500000e+01,1.506444e+00,1.229494e+02,3.001978e+01,2.287978e+00,4.712465e+00,2.129917e+00,5.420366e+00,3.381335e+00,8.329565e+00,1.148247e+01,3.996152e+00,5.064681e+01,4.723107e+00,2.973547e+00,1.874284e+00,3.299844e-01,7.094406e+01
1.025000e-02,9.500000e-01,2.500000e+01,1.467963e+00,1.229494e+02,2.893887e+01,2.287978e+00,4.836000e+00,2.185751e+00,5.562457e+00,3.469975e+00,8.547920e+00,1.178347e+01,4.100909e+00,4.935304e+01,4.846920e+00,3.051497e+00,1.923418e+00,3.386347e-01,7.018238e+01
1.025000e-02,1.025000e+00,2.500000e+01,1.434476e+00,1.229494e+02,2.799826e+01,2.287978e+00,4.948891e+00,2.236775e+00,5.692307e+00,3.550977e+00,8.747462e+00,1.205855e+01,4.196640e+00,4.817075e+01,4.960066e+00,3.122731e+00,1.968318e+00,3.465398e-01,6.948632e+01
1.025000e-02,1.100000e+00,2.500000e+01,1.404844e+00,1.229494e+02,2.716592e+01,2.287978e+00,5.053277e+00,2.283955e+00,5.812374e+00,3.625878e+00,8.931971e+00,1.231290e+01,4.285160e+00,4.707752e+01,5.064689e+00,3.188599e+00,2.009835e+00,3.538493e-01,6.884270e+01
1.025000e-02,1.175000e+00,2.500000e+01,1.378206e+00,1.229494e+02,2.641768e+01,2.287978e+00,5.150947e+00,2.328100e+00,5.924716e+00,3.695959e+00,9.104608e+00,1.255088e+01,4.367983e+00,4.605463e+01,5.162579e+00,3.250228e+00,2.048681e+00,3.606885e-01,6.824049e+01
1.025000e-02,1.250000e+00,2.500000e+01,1.353902e+00,1.229494e+02,2.573503e+01,2.287978e+00,5.243409e+00,2.369890e+00,6.031067e+00,3.762303e+00,9.268041e+00,1.277617e+01,4.446391e+00,4.508628e+01,5.255250e+00,3.308572e+00,2.085456e+00,3.671630e-01,6.767039e+01
1.025000e-02,1.325000e+00,2.500000e+01,1.331422e+00,1.229494e+02,2.510357e+01,2.287978e+00,5.331941e+00,2.409905e+00,6.132899e+00,3.825828e+00,9.424527e+00,1.299189e+01,4.521466e+00,4.415909e+01,5.343983e+00,3.364435e+00,2.120668e+00,3.733624e-01,6.712452e+01
1.025000e-02,1.400000e+00,2.500000e+01,1.310364e+00,1.229494e+02,2.451207e+01,2.287978e+00,5.417628e+00,2.448633e+00,6.231457e+00,3.887310e+00,9.575983e+00,1.320068e+01,4.594128e+00,4.326170e+01,5.429863e+00,3.418504e+00,2.154748e+00,3.793625e-01,6.659619e+01
1.025000e-02,1.475000e+00,2.500000e+01,1.290413e+00,1.229494e+02,2.395168e+01,2.287978e+00,5.501387e+00,2.486490e+00,6.327798e+00,3.947410e+00,9.724032e+00,1.340477e+01,4.665155e+00,4.238451e+01,5.513811e+00,3.471355e+00,2.188061e+00,3.852276e-01,6.607976e+01
1.025000e-02,1.550000e+00,2.500000e+01,1.271325e+00,1.229494e+02,2.341550e+01,2.287978e+00,5.583988e+00,2.523823e+00,6.422807e+00,4.006678e+00,9.870034e+00,1.360603e+01,4.735200e+00,4.151944e+01,5.596598e+00,3.523476e+00,2.220914e+00,3.910116e-01,6.557046e+01
1.025000e-02,1.625000e+00,2.500000e+01,1.252908e+00,1.229494e+02,2.289819e+01,2.287978e+00,5.666069e+00,2.560922e+00,6.517218e+00,4.065574e+00,1.001512e+01,1.380603e+01,4.804804e+00,4.065981e+01,5.678865e+00,3.575269e+00,2.253560e+00,3.967592e-01,6.506437e+01
1.025000e-02,1.700000e+00,2.500000e+01,1.235017e+00,1.229494e+02,2.239567e+01,2.287978e+00,5.748146e+00,2.598019e+00,6.611625e+00,4.124467e+00,1.016019e+01,1.400603e+01,4.874406e+00,3.980022e+01,5.761128e+00,3.627060e+00,2.286205e+00,4.025066e-01,6.455830e+01
1.025000e-02,1.775000e+00,2.500000e+01,1.217547e+00,1.229494e+02,2.190494e+01,2.287978e+00,5.830624e+00,2.635297e+00,6.706493e+00,4.183647e+00,1.030598e+01,1.420699e+01,4.944347e+00,3.893643e+01,5.843792e+00,3.679104e+00,2.319008e+00,4.082820e-01,6.404976e+01
1.025000e-02,1.850000e+00,2.500000e+01,1.200422e+00,1.229494e+02,2.142392e+01,2.287978e+00,5.913802e+00,2.672891e+00,6.802166e+00,4.243330e+00,1.045300e+01,1.440967e+01,5.014882e+00,3.806532e+01,5.927158e+00,3.731589e+00,2.352091e+00,4.141064e-01,6.353690e+01
1.025000e-02,1.925000e+00,2.500000e+01,1.183594e+00,1.229494e+02,2.095124e+01,2.287978e+00,5.997883e+00,2.710894e+00,6.898877e+00,4.303660e+00,1.060162e+01,1.461454e+01,5.086182e+00,3.718475e+01,6.011429e+00,3.784644e+00,2.385532e+00,4.199940e-01,6.301848e+01
1.025000e-02,2.000000e+00,2.500000e+01,1.167037e+00,1.229494e+02,2.048615e+01,2.287978e+00,6.082978e+00,2.749354e+00,6.996755e+00,4.364719e+00,1.075203e+01,1.482188e+01,5.158342e+00,3.629356e+01,6.096716e+00,3.838339e+00,2.419377e+00,4.259527e-01,6.249380e+01
1.090000e-02,5.000000e-01,2.500000e+01,2.025096e+00,1.232845e+02,4.455468e+01,2.295142e+00,3.564469e+00,1.625985e+00,4.032149e+00,2.515337e+00,6.196269e+00,8.541678e+00,2.972693e+00,6.318624e+01,3.513465e+00,2.211987e+00,1.394259e+00,2.454717e-01,7.832670e+01
1.090000e-02,5.750000e-01,2.500000e+01,1.901854e+00,1.232845e+02,4.109294e+01,2.295142e+00,3.795449e+00,1.731350e+00,4.293435e+00,2.678333e+00,6.597792e+00,9.095184e+00,3.165325e+00,6.080068e+01,3.741140e+00,2.355325e+00,1.484608e+00,2.613784e-01,7.692225e+01
1.090000e-02,6.500000e-01,2.500000e+01,1.806295e+00,1.232845e+02,3.840878e+01,2.295142e+00,3.996240e+00,1.822944e+00,4.520572e+00,2.820025e+00,6.946836e+00,9.576348e+00,3.332781e+00,5.872691e+01,3.939058e+00,2.479929e+00,1.563149e+00,2.752062e-01,7.570137e+01
1.090000e-02,7.250000e-01,2.500000e+01,1.729959e+00,1.232845e+02,3.626457e+01,2.295142e+00,4.172577e+00,1.903383e+00,4.720046e+00,2.944461e+00,7.253371e+00,9.998913e+00,3.479842e+00,5.690570e+01,4.112873e+00,2.589358e+00,1.632124e+00,2.873499e-01,7.462917e+01
1.090000e-02,8.000000e-01,2.500000e+01,1.667459e+00,1.232845e+02,3.450901e+01,2.295142e+00,4.328974e+00,1.974725e+00,4.896962e+00,3.054825e+00,7.525241e+00,1.037369e+01,3.610274e+00,5.529045e+01,4.267031e+00,2.686412e+00,1.693299e+00,2.981203e-01,7.367822e+01
1.090000e-02,8.750000e-01,2.500000e+01,1.615198e+00,1.232845e+02,3.304104e+01,2.295142e+00,4.469041e+00,2.038619e+00,5.055407e+00,3.153666e+00,7.768727e+00,1.070934e+01,3.727087e+00,5.384383e+01,4.405095e+00,2.773334e+00,1.748087e+00,3.077662e-01,7.282656e+01
1.090000e-02,9.500000e-01,2.500000e+01,1.570676e+00,1.232846e+02,3.179047e+01,2.295142e+00,4.595718e+00,2.096405e+00,5.198705e+00,3.243059e+00,7.988935e+00,1.101290e+01,3.832733e+00,5.253551e+01,4.529959e+00,2.851945e+00,1.797638e+00,3.164900e-01,7.205631e+01
1.090000e-02,1.025000e+00,2.500000e+01,1.532102e+00,1.232846e+02,3.070694e+01,2.295142e+00,4.711428e+00,2.149187e+00,5.329597e+00,3.324711e+00,8.190078e+00,1.129018e+01,3.929232e+00,5.134047e+01,4.644013e+00,2.923751e+00,1.842898e+00,3.244585e-01,7.135275e+01
1.090000e-02,1.100000e+00,2.500000e+01,1.498152e+00,1.232846e+02,2.975333e+01,2.295142e+00,4.818193e+00,2.197889e+00,5.450370e+00,3.400052e+00,8.375671e+00,1.154603e+01,4.018272e+00,5.023780e+01,4.749250e+00,2.990006e+00,1.884659e+00,3.318110e-01,7.070358e+01
1.090000e-02,1.175000e+00,2.500000e+01,1.467832e+00,1.232846e+02,2.890166e+01,2.295142e+00,4.917720e+00,2.243290e+00,5.562955e+00,3.470285e+00,8.548684e+00,1.178453e+01,4.101276e+00,4.920988e+01,4.847354e+00,3.051769e+00,1.923590e+00,3.386650e-01,7.009842e+01
1.090000e-02,1.250000e+00,2.500000e+01,1.440375e+00,1.232846e+02,2.813042e+01,2.295142e+00,5.011463e+00,2.286053e+00,5.668998e+00,3.536437e+00,8.711642e+00,1.200917e+01,4.179456e+00,4.824171e+01,4.939756e+00,3.109943e+00,1.960258e+00,3.451208e-01,6.952843e+01
1.090000e-02,1.325000e+00,2.500000e+01,1.415184e+00,1.232846e+02,2.742284e+01,2.295142e+00,5.100667e+00,2.326744e+00,5.769907e+00,3.599386e+00,8.866709e+00,1.222293e+01,4.253850e+00,4.732041e+01,5.027684e+00,3.165300e+00,1.995151e+00,3.512639e-01,6.898603e+01
1.090000e-02,1.400000e+00,2.500000e+01,1.391790e+00,1.232846e+02,2.676572e+01,2.295142e+00,5.186404e+00,2.365854e+00,5.866892e+00,3.659887e+00,9.015748e+00,1.242838e+01,4.325352e+00,4.643492e+01,5.112193e+00,3.218506e+00,2.028687e+00,3.571683e-01,6.846472e+01
1.090000e-02,1.475000e+00,2.500000e+01,1.369818e+00,1.232846e+02,2.614854e+01,2.295142e+00,5.269594e+00,2.403803e+00,5.960998e+00,3.718592e+00,9.160363e+00,1.262774e+01,4.394732e+00,4.557573e+01,5.194194e+00,3.270131e+00,2.061227e+00,3.628973e-01,6.795889e+01
1.090000e-02,1.550000e+00,2.500000e+01,1.348970e+00,1.232846e+02,2.556295e+01,2.295142e+00,5.351032e+00,2.440952e+00,6.053121e+00,3.776061e+00,9.301929e+00,1.282289e+01,4.462649e+00,4.473464e+01,5.274466e+00,3.320669e+00,2.093082e+00,3.685056e-01,6.746372e+01
1.090000e-02,1.625000e+00,2.500000e+01,1.329011e+00,1.232846e+02,2.500232e+01,2.295142e+00,5.431394e+00,2.477610e+00,6.144026e+00,3.832769e+00,9.441625e+00,1.301546e+01,4.529669e+00,4.390467e+01,5.353678e+00,3.370539e+00,2.124516e+00,3.740398e-01,6.697509e+01
1.090000e-02,1.700000e+00,2.500000e+01,1.309754e+00,1.232846e+02,2.446141e+01,2.295142e+00,5.511251e+00,2.514038e+00,6.234361e+00,3.889122e+00,9.580444e+00,1.320683e+01,4.596268e+00,4.307991e+01,5.432393e+00,3.420096e+00,2.155752e+00,3.795393e-01,6.648953e+01
1.090000e-02,1.775000e+00,2.500000e+01,1.291054e+00,1.232846e+02,2.393614e+01,2.295142e+00,5.591078e+00,2.550452e+00,6.324662e+00,3.945454e+00,9.719211e+00,1.339812e+01,4.662842e+00,4.225545e+01,5.511078e+00,3.469634e+00,2.186977e+00,3.850367e-01,6.600415e+01
1.090000e-02,1.850000e+00,2.500000e+01,1.272800e+00,1.232846e+02,2.342342e+01,2.295142e+00,5.671259e+00,2.587028e+00,6.415364e+00,4.002035e+00,9.858594e+00,1.359026e+01,4.729712e+00,4.142734e+01,5.590112e+00,3.519392e+00,2.218340e+00,3.905585e-01,6.551662e+01
1.090000e-02,1.925000e+00,2.500000e+01,1.254913e+00,1.232846e+02,2.292099e+01,2.295142e+00,5.752094e+00,2.623902e+00,6.506805e+00,4.059078e+00,9.999113e+00,1.378397e+01,4.797126e+00,4.059248e+01,5.669790e+00,3.569556e+00,2.249959e+00,3.961253e-01,6.502511e+01
1.090000e-02,2.000000e+00,2.500000e+01,1.237337e+00,1.232846e+02,2.242729e+01,2.295142e+00,5.833802e+00,2.661175e+00,6.599233e+00,4.116736e+00,1.014115e+01,1.397977e+01,4.865269e+00,3.974861e+01,5.750329e+00,3.620261e+00,2.281920e+00,4.017522e-01,6.452830e+01
1.155000e-02,5.000000e-01,2.500000e+01,2.213598e+00,1.236197e+02,4.981599e+01,2.302307e+00,3.314834e+00,1.525547e+00,3.688788e+00,2.301141e+00,5.668619e+00,7.814302e+00,2.719550e+00,6.622923e+01,3.214272e+00,2.023622e+00,1.275530e+00,2.245684e-01,8.011841e+01
1.155000e-02,5.750000e-01,2.500000e+01,2.070464e+00,1.236197e+02,4.579550e+01,2.302307e+00,3.543992e+00,1.631009e+00,3.943797e+00,2.460221e+00,6.060497e+00,8.354512e+00,2.907555e+00,6.389462e+01,3.436478e+00,2.163517e+00,1.363709e+00,2.400930e-01,7.874397e+01
1.155000e-02,6.500000e-01,2.500000e+01,1.959453e+00,1.236197e+02,4.267729e+01,2.302307e+00,3.744774e+00,1.723413e+00,4.167230e+00,2.599604e+00,6.403850e+00,8.827831e+00,3.072280e+00,6.184910e+01,3.631169e+00,2.286089e+00,1.440969e+00,2.536953e-01,7.753973e+01
1.155000e-02,7.250000e-01,2.500000e+01,1.870793e+00,1.236197e+02,4.018692e+01,2.302307e+00,3.922245e+00,1.805088e+00,4.364722e+00,2.722803e+00,6.707338e+00,9.246195e+00,3.217880e+00,6.004107e+01,3.803256e+00,2.394431e+00,1.509258e+00,2.657183e-01,7.647530e+01
1.155000e-02,8.000000e-01,2.500000e+01,1.798261e+00,1.236197e+02,3.814958e+01,2.302307e+00,4.080446e+00,1.877895e+00,4.540769e+00,2.832625e+00,6.977873e+00,9.619133e+00,3.347671e+00,5.842935e+01,3.956657e+00,2.491008e+00,1.570133e+00,2.764358e-01,7.552645e+01
1.155000e-02,8.750000e-01,2.500000e+01,1.737701e+00,1.236197e+02,3.644850e+01,2.302307e+00,4.222652e+00,1.943341e+00,4.699018e+00,2.931344e+00,7.221057e+00,9.954366e+00,3.464339e+00,5.698059e+01,4.094550e+00,2.577822e+00,1.624853e+00,2.860698e-01,7.467353e+01
1.155000e-02,9.500000e-01,2.500000e+01,1.686226e+00,1.236197e+02,3.500261e+01,2.302307e+00,4.351556e+00,2.002665e+00,4.842465e+00,3.020829e+00,7.441493e+00,1.025824e+01,3.570095e+00,5.566734e+01,4.219544e+00,2.656515e+00,1.674455e+00,2.948026e-01,7.390039e+01
1.155000e-02,1.025000e+00,2.500000e+01,1.641765e+00,1.236197e+02,3.375375e+01,2.302307e+00,4.469401e+00,2.056899e+00,4.973603e+00,3.102635e+00,7.643016e+00,1.053604e+01,3.666776e+00,5.446677e+01,4.333813e+00,2.728456e+00,1.719801e+00,3.027861e-01,7.319359e+01
1.155000e-02,1.100000e+00,2.500000e+01,1.602794e+00,1.236197e+02,3.265908e+01,2.302307e+00,4.578072e+00,2.106912e+00,5.094535e+00,3.178075e+00,7.828853e+00,1.079222e+01,3.755933e+00,5.335965e+01,4.439188e+00,2.794798e+00,1.761617e+00,3.101483e-01,7.254180e+01
1.155000e-02,1.175000e+00,2.500000e+01,1.568161e+00,1.236197e+02,3.168629e+01,2.302307e+00,4.679178e+00,2.153442e+00,5.207046e+00,3.248262e+00,8.001751e+00,1.103057e+01,3.838881e+00,5.232961e+01,4.537226e+00,2.856520e+00,1.800522e+00,3.169978e-01,7.193540e+01
1.155000e-02,1.250000e+00,2.500000e+01,1.536983e+00,1.236197e+02,3.081053e+01,2.302307e+00,4.774095e+00,2.197125e+00,5.312671e+00,3.314153e+00,8.164067e+00,1.125432e+01,3.916754e+00,5.136261e+01,4.629264e+00,2.914465e+00,1.837046e+00,3.234281e-01,7.136610e+01
1.155000e-02,1.325000e+00,2.500000e+01,1.508569e+00,1.236197e+02,3.001240e+01,2.302307e+00,4.864017e+00,2.238509e+00,5.412737e+00,3.376576e+00,8.317839e+00,1.146630e+01,3.990527e+00,5.044651e+01,4.716458e+00,2.969360e+00,1.871647e+00,3.295200e-01,7.082678e+01
1.155000e-02,1.400000e+00,2.500000e+01,1.482371e+00,1.236197e+02,2.927653e+01,2.302307e+00,4.949978e+00,2.278069e+00,5.508395e+00,3.436249e+00,8.464839e+00,1.166894e+01,4.061050e+00,4.957076e+01,4.799811e+00,3.021837e+00,1.904724e+00,3.353435e-01,7.031120e+01
1.155000e-02,1.475000e+00,2.500000e+01,1.457953e+00,1.236197e+02,2.859065e+01,2.302307e+00,5.032881e+00,2.316223e+00,5.600651e+00,3.493800e+00,8.606609e+00,1.186438e+01,4.129066e+00,4.872616e+01,4.880199e+00,3.072447e+00,1.936625e+00,3.409599e-01,6.981397e+01
1.155000e-02,1.550000e+00,2.500000e+01,1.434963e+00,1.236197e+02,2.794488e+01,2.302307e+00,5.113514e+00,2.353332e+00,5.690380e+00,3.549776e+00,8.744498e+00,1.205446e+01,4.195219e+00,4.790469e+01,4.958387e+00,3.121672e+00,1.967652e+00,3.464225e-01,6.933035e+01
1.155000e-02,1.625000e+00,2.500000e+01,1.413117e+00,1.236197e+02,2.733126e+01,2.302307e+00,5.192564e+00,2.389712e+00,5.778348e+00,3.604652e+00,8.879680e+00,1.224081e+01,4.260073e+00,4.709934e+01,5.035039e+00,3.169931e+00,1.998070e+00,3.517779e-01,6.885623e+01
1.155000e-02,1.700000e+00,2.500000e+01,1.392188e+00,1.236197e+02,2.674338e+01,2.302307e+00,5.270626e+00,2.425637e+00,5.865216e+00,3.658842e+00,9.013171e+00,1.242483e+01,4.324116e+00,4.630407e+01,5.110732e+00,3.217585e+00,2.028107e+00,3.570663e-01,6.838803e+01
1.155000e-02,1.775000e+00,2.500000e+01,1.371992e+00,1.236197e+02,2.617609e+01,2.302307e+00,5.348210e+00,2.461343e+00,5.951553e+00,3.712700e+00,9.145846e+00,1.260773e+01,4.387767e+00,4.551366e+01,5.185963e+00,3.264949e+00,2.057961e+00,3.623223e-01,6.792270e+01
1.155000e-02,1.850000e+00,2.500000e+01,1.352384e+00,1.236197e+02,2.562533e+01,2.302307e+00,5.425751e+00,2.497029e+00,6.037841e+00,3.766529e+00,9.278447e+00,1.279052e+01,4.451383e+00,4.472369e+01,5.261151e+00,3.312286e+00,2.087799e+00,3.675754e-01,6.745763e+01
1.155000e-02,1.925000e+00,2.500000e+01,1.333253e+00,1.236197e+02,2.508794e+01,2.302307e+00,5.503608e+00,2.532860e+00,6.124482e+00,3.820577e+00,9.411589e+00,1.297406e+01,4.515259e+00,4.393050e+01,5.336647e+00,3.359816e+00,2.117758e+00,3.728500e-01,6.699066e+01
1.155000e-02,2.000000e+00,2.500000e+01,1.314511e+00,1.236197e+02,2.456152e+01,2.302307e+00,5.582074e+00,2.568971e+00,6.211799e+00,3.875047e+00,9.545771e+00,1.315903e+01,4.579633e+00,4.313111e+01,5.412732e+00,3.407717e+00,2.147951e+00,3.781658e-01,6.652004e+01
1.220000e-02,5.000000e-01,2.500000e+01,2.426667e+00,1.239548e+02,5.576736e+01,2.309471e+00,3.072951e+00,1.426285e+00,3.364902e+00,2.099095e+00,5.170898e+00,7.128182e+00,2.480765e+00,6.911055e+01,2.932049e+00,1.845941e+00,1.163535e+00,2.048506e-01,8.181490e+01
1.220000e-02,5.750000e-01,2.500000e+01,2.260959e+00,1.239548e+02,5.111276e+01,2.309471e+00,3.298172e+00,1.530819e+00,3.611520e+00,2.252940e+00,5.549879e+00,7.650616e+00,2.662584e+00,6.684662e+01,3.146943e+00,1.981233e+00,1.248812e+00,2.198644e-01,8.048209e+01
1.220000e-02,6.500000e-01,2.500000e+01,2.132387e+00,1.239548e+02,4.750130e+01,2.309471e+00,3.497034e+00,1.623120e+00,3.829276e+00,2.388781e+00,5.884508e+00,8.111908e+00,2.823123e+00,6.484764e+01,3.336687e+00,2.100691e+00,1.324109e+00,2.331211e-01,7.930526e+01
1.220000e-02,7.250000e-01,2.500000e+01,2.029701e+00,1.239548e+02,4.461695e+01,2.309471e+00,3.673955e+00,1.705236e+00,4.023005e+00,2.509633e+00,6.182214e+00,8.522302e+00,2.965949e+00,6.306923e+01,3.505495e+00,2.206968e+00,1.391098e+00,2.449150e-01,7.825828e+01
1.220000e-02,8.000000e-01,2.500000e+01,1.945732e+00,1.239548e+02,4.225833e+01,2.309471e+00,3.832506e+00,1.778826e+00,4.196620e+00,2.617937e+00,6.449012e+00,8.890087e+00,3.093947e+00,6.147546e+01,3.656777e+00,2.302211e+00,1.451131e+00,2.554845e-01,7.732001e+01
1.220000e-02,8.750000e-01,2.500000e+01,1.875688e+00,1.239548e+02,4.029089e+01,2.309471e+00,3.975622e+00,1.845252e+00,4.353333e+00,2.715698e+00,6.689835e+00,9.222066e+00,3.209483e+00,6.003685e+01,3.793331e+00,2.388182e+00,1.505320e+00,2.650249e-01,7.647308e+01
1.220000e-02,9.500000e-01,2.500000e+01,1.816245e+00,1.239548e+02,3.862119e+01,2.309471e+00,4.105738e+00,1.905645e+00,4.495810e+00,2.804578e+00,6.908783e+00,9.523890e+00,3.314524e+00,5.872892e+01,3.917481e+00,2.466343e+00,1.554587e+00,2.736988e-01,7.570308e+01
1.220000e-02,1.025000e+00,2.500000e+01,1.765018e+00,1.239548e+02,3.718226e+01,2.309471e+00,4.224902e+00,1.960953e+00,4.626295e+00,2.885978e+00,7.109301e+00,9.800308e+00,3.410724e+00,5.753108e+01,4.031181e+00,2.537926e+00,1.599707e+00,2.816425e-01,7.499789e+01
1.220000e-02,1.100000e+00,2.500000e+01,1.720249e+00,1.239548e+02,3.592476e+01,2.309471e+00,4.334852e+00,2.011986e+00,4.746692e+00,2.961083e+00,7.294316e+00,1.005535e+01,3.499486e+00,5.642586e+01,4.136090e+00,2.603974e+00,1.641338e+00,2.889721e-01,7.434723e+01
1.220000e-02,1.175000e+00,2.500000e+01,1.680615e+00,1.239548e+02,3.481148e+01,2.309471e+00,4.437081e+00,2.059435e+00,4.858633e+00,3.030914e+00,7.466337e+00,1.029249e+01,3.582014e+00,5.539825e+01,4.233631e+00,2.665384e+00,1.680046e+00,2.957869e-01,7.374226e+01
1.220000e-02,1.250000e+00,2.500000e+01,1.645098e+00,1.239548e+02,3.381382e+01,2.309471e+00,4.532877e+00,2.103898e+00,4.963531e+00,3.096352e+00,7.627536e+00,1.051470e+01,3.659350e+00,5.443530e+01,4.325035e+00,2.722929e+00,1.716318e+00,3.021729e-01,7.317535e+01
1.220000e-02,1.325000e+00,2.500000e+01,1.612900e+00,1.239548e+02,3.290942e+01,2.309471e+00,4.623365e+00,2.145897e+00,5.062616e+00,3.158163e+00,7.779801e+00,1.072461e+01,3.732400e+00,5.352570e+01,4.411375e+00,2.777286e+00,1.750580e+00,3.082051e-01,7.263986e+01
1.220000e-02,1.400000e+00,2.500000e+01,1.583390e+00,1.239548e+02,3.208053e+01,2.309471e+00,4.709530e+00,2.185890e+00,5.156966e+00,3.217021e+00,7.924791e+00,1.092448e+01,3.801960e+00,5.265958e+01,4.493588e+00,2.829046e+00,1.783205e+00,3.139490e-01,7.212996e+01
1.220000e-02,1.475000e+00,2.500000e+01,1.556063e+00,1.239548e+02,3.131294e+01,2.309471e+00,4.792237e+00,2.224278e+00,5.247531e+00,3.273517e+00,8.063964e+00,1.111633e+01,3.868729e+00,5.182820e+01,4.572503e+00,2.878729e+00,1.814521e+00,3.194625e-01,7.164051e+01
1.220000e-02,1.550000e+00,2.500000e+01,1.530509e+00,1.239548e+02,3.059513e+01,2.309471e+00,4.872252e+00,2.261416e+00,5.335148e+00,3.328175e+00,8.198606e+00,1.130194e+01,3.933324e+00,5.102388e+01,4.648849e+00,2.926795e+00,1.844818e+00,3.247965e-01,7.116700e+01
1.220000e-02,1.625000e+00,2.500000e+01,1.506393e+00,1.239548e+02,2.991775e+01,2.309471e+00,4.950250e+00,2.297618e+00,5.420557e+00,3.381454e+00,8.329855e+00,1.148287e+01,3.996291e+00,5.023984e+01,4.723271e+00,2.973649e+00,1.874351e+00,3.299960e-01,7.070543e+01
1.220000e-02,1.700000e+00,2.500000e+01,1.483445e+00,1.239548e+02,2.927317e+01,2.309471e+00,5.026827e+00,2.333161e+00,5.504409e+00,3.433763e+00,8.458712e+00,1.166050e+01,4.058111e+00,4.947009e+01,4.796337e+00,3.019649e+00,1.903346e+00,3.351009e-01,7.025226e+01
1.220000e-02,1.775000e+00,2.500000e+01,1.461443e+00,1.239548e+02,2.865515e+01,2.309471e+00,5.102506e+00,2.368286e+00,5.587278e+00,3.485458e+00,8.586058e+00,1.183605e+01,4.119206e+00,4.870936e+01,4.868547e+00,3.065111e+00,1.932001e+00,3.401458e-01,6.980440e+01
1.220000e-02,1.850000e+00,2.500000e+01,1.440207e+00,1.239548e+02,2.805864e+01,2.309471e+00,5.177744e+00,2.403207e+00,5.669664e+00,3.536852e+00,8.712662e+00,1.201057e+01,4.179945e+00,4.795306e+01,4.940335e+00,3.110307e+00,1.960489e+00,3.451613e-01,6.935916e+01
1.220000e-02,1.925000e+00,2.500000e+01,1.419591e+00,1.239548e+02,2.747958e+01,2.309471e+00,5.252934e+00,2.438106e+00,5.751998e+00,3.588214e+00,8.839186e+00,1.218499e+01,4.240645e+00,4.719725e+01,5.012077e+00,3.155474e+00,1.988958e+00,3.501737e-01,6.891420e+01
1.220000e-02,2.000000e+00,2.500000e+01,1.399483e+00,1.239548e+02,2.691475e+01,2.309471e+00,5.328412e+00,2.473139e+00,5.834647e+00,3.639772e+00,8.966193e+00,1.236007e+01,4.301578e+00,4.643854e+01,5.084094e+00,3.200814e+00,2.017537e+00,3.552052e-01,6.846754e+01
1.285000e-02,5.000000e-01,2.500000e+01,2.667325e+00,1.242900e+02,6.249365e+01,2.316636e+00,2.840431e+00,1.329156e+00,3.061308e+00,1.909706e+00,4.704359e+00,6.485049e+00,2.256941e+00,7.182122e+01,2.667508e+00,1.679392e+00,1.058557e+00,1.863683e-01,8.341090e+01
1.285000e-02,5.750000e-01,2.500000e+01,2.476031e+00,1.242900e+02,5.712039e+01,2.316636e+00,3.059877e+00,1.431845e+00,3.297819e+00,2.057247e+00,5.067810e+00,6.986073e+00,2.431308e+00,6.964418e+01,2.873595e+00,1.809139e+00,1.140339e+00,2.007667e-01,8.212925e+01
1.285000e-02,6.500000e-01,2.500000e+01,2.327535e+00,1.242900e+02,5.294928e+01,2.316636e+00,3.255096e+00,1.523196e+00,3.508219e+00,2.188498e+00,5.391134e+00,7.431781e+00,2.586424e+00,6.770749e+01,3.056929e+00,1.924562e+00,1.213092e+00,2.135756e-01,8.098911e+01
1.285000e-02,7.250000e-01,2.500000e+01,2.220316e+00,1.242900e+02,4.993761e+01,2.316636e+00,3.432972e+00,1.605328e+00,3.704936e+00,2.311215e+00,5.693433e+00,7.848506e+00,2.731454e+00,6.590467e+01,3.228342e+00,2.032479e+00,1.281114e+00,2.255515e-01,7.992775e+01
1.285000e-02,8.000000e-01,2.500000e+01,2.111936e+00,1.242900e+02,4.689331e+01,2.316636e+00,3.587396e+00,1.678693e+00,3.866359e+00,2.411914e+00,5.941493e+00,8.190462e+00,2.850462e+00,6.441088e+01,3.368999e+00,2.121033e+00,1.336932e+00,2.353786e-01,7.904836e+01
1.285000e-02,8.750000e-01,2.500000e+01,2.031087e+00,1.242900e+02,4.462234e+01,2.316636e+00,3.730194e+00,1.745514e+00,4.020261e+00,2.507921e+00,6.177998e+00,8.516489e+00,2.963927e+00,6.299423e+01,3.503105e+00,2.205462e+00,1.390149e+00,2.447480e-01,7.821437e+01
1.285000e-02,9.500000e-01,2.500000e+01,1.962547e+00,1.242900e+02,4.269711e+01,2.316636e+00,3.860468e+00,1.806475e+00,4.160666e+00,2.595508e+00,6.393759e+00,8.813919e+00,3.067439e+00,6.170184e+01,3.625448e+00,2.282486e+00,1.438699e+00,2.532956e-01,7.745352e+01
1.285000e-02,1.025000e+00,2.500000e+01,1.903574e+00,1.242900e+02,4.104063e+01,2.316636e+00,3.980065e+00,1.862439e+00,4.289563e+00,2.675917e+00,6.591837e+00,9.086974e+00,3.162468e+00,6.051536e+01,3.737764e+00,2.353198e+00,1.483270e+00,2.611427e-01,7.675503e+01
1.285000e-02,1.100000e+00,2.500000e+01,1.852150e+00,1.242900e+02,3.959619e+01,2.316636e+00,4.090568e+00,1.914148e+00,4.408659e+00,2.750212e+00,6.774854e+00,9.339267e+00,3.250272e+00,5.941910e+01,3.841540e+00,2.418532e+00,1.524451e+00,2.683931e-01,7.610966e+01
1.285000e-02,1.175000e+00,2.500000e+01,1.806754e+00,1.242900e+02,3.832106e+01,2.316636e+00,4.193346e+00,1.962242e+00,4.519429e+00,2.819312e+00,6.945077e+00,9.573921e+00,3.331937e+00,5.839948e+01,3.938061e+00,2.479300e+00,1.562754e+00,2.751367e-01,7.550940e+01
1.285000e-02,1.250000e+00,2.500000e+01,1.766217e+00,1.242900e+02,3.718240e+01,2.316636e+00,4.289591e+00,2.007279e+00,4.623158e+00,2.884020e+00,7.104478e+00,9.793659e+00,3.408410e+00,5.744468e+01,4.028446e+00,2.536204e+00,1.598622e+00,2.814515e-01,7.494729e+01
1.285000e-02,1.325000e+00,2.500000e+01,1.729622e+00,1.242900e+02,3.615449e+01,2.316636e+00,4.380348e+00,2.049748e+00,4.720972e+00,2.945039e+00,7.254791e+00,1.000087e+01,3.480523e+00,5.654432e+01,4.113678e+00,2.589864e+00,1.632445e+00,2.874063e-01,7.441724e+01
1.285000e-02,1.400000e+00,2.500000e+01,1.696245e+00,1.242900e+02,3.521696e+01,2.316636e+00,4.466540e+00,2.090081e+00,4.813867e+00,3.002988e+00,7.397543e+00,1.019765e+01,3.549010e+00,5.568924e+01,4.194623e+00,2.640824e+00,1.664566e+00,2.930616e-01,7.391385e+01
1.285000e-02,1.475000e+00,2.500000e+01,1.665502e+00,1.242900e+02,3.435342e+01,2.316636e+00,4.548986e+00,2.128661e+00,4.902724e+00,3.058419e+00,7.534092e+00,1.038589e+01,3.614520e+00,5.487132e+01,4.272050e+00,2.689571e+00,1.695292e+00,2.984711e-01,7.343234e+01
1.285000e-02,1.550000e+00,2.500000e+01,1.636920e+00,1.242900e+02,3.355058e+01,2.316636e+00,4.628415e+00,2.165830e+00,4.988330e+00,3.111822e+00,7.665644e+00,1.056724e+01,3.677632e+00,5.408334e+01,4.346644e+00,2.736533e+00,1.724893e+00,3.036827e-01,7.296844e+01
1.285000e-02,1.625000e+00,2.500000e+01,1.610111e+00,1.242900e+02,3.279755e+01,2.316636e+00,4.705479e+00,2.201891e+00,5.071386e+00,3.163634e+00,7.793277e+00,1.074318e+01,3.738865e+00,5.331882e+01,4.419016e+00,2.782097e+00,1.753613e+00,3.087390e-01,7.251836e+01
1.285000e-02,1.700000e+00,2.500000e+01,1.584758e+00,1.242900e+02,3.208542e+01,2.316636e+00,4.780756e+00,2.237116e+00,5.152517e+00,3.214246e+00,7.917953e+00,1.091505e+01,3.798679e+00,5.257202e+01,4.489711e+00,2.826605e+00,1.781667e+00,3.136782e-01,7.207872e+01
1.285000e-02,1.775000e+00,2.500000e+01,1.560599e+00,1.242900e+02,3.140680e+01,2.316636e+00,4.854766e+00,2.271749e+00,5.232283e+00,3.264005e+00,8.040529e+00,1.108402e+01,3.857486e+00,5.183780e+01,4.559216e+00,2.870363e+00,1.809248e+00,3.185342e-01,7.164647e+01
1.285000e-02,1.850000e+00,2.500000e+01,1.537417e+00,1.242900e+02,3.075564e+01,2.316636e+00,4.927969e+00,2.306003e+00,5.311178e+00,3.313221e+00,8.161769e+00,1.125116e+01,3.915651e+00,5.111158e+01,4.627962e+00,2.913644e+00,1.836529e+00,3.233372e-01,7.121894e+01
1.285000e-02,1.925000e+00,2.500000e+01,1.515034e+00,1.242900e+02,3.012695e+01,2.316636e+00,5.000772e+00,2.340071e+00,5.389642e+00,3.362169e+00,8.282345e+00,1.141737e+01,3.973498e+00,5.038934e+01,4.696333e+00,2.956688e+00,1.863661e+00,3.281140e-01,7.079375e+01
1.285000e-02,2.000000e+00,2.500000e+01,1.493307e+00,1.242900e+02,2.951666e+01,2.316636e+00,5.073531e+00,2.374118e+00,5.468058e+00,3.411087e+00,8.402850e+00,1.158349e+01,4.031311e+00,4.966752e+01,4.764662e+00,2.999707e+00,1.890776e+00,3.328879e-01,7.036881e+01
1.350000e-02,5.000000e-01,2.500000e+01,2.938946e+00,1.246251e+02,7.008966e+01,2.323800e+00,2.618514e+00,1.234955e+00,2.778380e+00,1.733210e+00,4.269579e+00,5.885695e+00,2.048352e+00,7.435629e+01,2.420975e+00,1.524181e+00,9.607243e-01,1.691440e-01,8.490348e+01
1.350000e-02,5.750000e-01,2.500000e+01,2.718692e+00,1.246251e+02,6.390294e+01,2.323800e+00,2.830653e+00,1.335004e+00,3.003470e+00,1.873626e+00,4.615477e+00,6.362524e+00,2.214299e+00,7.227877e+01,2.617110e+00,1.647662e+00,1.038557e+00,1.828472e-01,8.368043e+01
1.350000e-02,6.500000e-01,2.500000e+01,2.547621e+00,1.246251e+02,5.909774e+01,2.323800e+00,3.020728e+00,1.424648e+00,3.205150e+00,1.999438e+00,4.925402e+00,6.789761e+00,2.362987e+00,7.041732e+01,2.792846e+00,1.758301e+00,1.108295e+00,1.951252e-01,8.258459e+01
1.350000e-02,7.250000e-01,2.500000e+01,2.410932e+00,1.246251e+02,5.525826e+01,2.323800e+00,3.191990e+00,1.505420e+00,3.386868e+00,2.112797e+00,5.204651e+00,7.174711e+00,2.496958e+00,6.874011e+01,2.951188e+00,1.857990e+00,1.171131e+00,2.061879e-01,8.159721e+01
1.350000e-02,8.000000e-01,2.500000e+01,2.299177e+00,1.246251e+02,5.211919e+01,2.323800e+00,3.347141e+00,1.578593e+00,3.551491e+00,2.215492e+00,5.457630e+00,7.523446e+00,2.618326e+00,6.722068e+01,3.094635e+00,1.948300e+00,1.228055e+00,2.162099e-01,8.070272e+01
1.350000e-02,8.750000e-01,2.500000e+01,2.206050e+00,1.246260e+02,4.950326e+01,2.323800e+00,3.488438e+00,1.645232e+00,3.701412e+00,2.309016e+00,5.688019e+00,7.841043e+00,2.728928e+00,6.583670e+01,3.225342e+00,2.030642e+00,1.279896e+00,2.253371e-01,7.988796e+01
1.350000e-02,9.500000e-01,2.500000e+01,2.127144e+00,1.246251e+02,4.728693e+01,2.323800e+00,3.617842e+00,1.706262e+00,3.838718e+00,2.394671e+00,5.899017e+00,8.131907e+00,2.830084e+00,6.456964e+01,3.344914e+00,2.105869e+00,1.327374e+00,2.336960e-01,7.914205e+01
1.350000e-02,1.025000e+00,2.500000e+01,2.063723e+00,1.246251e+02,4.550551e+01,2.323800e+00,3.732547e+00,1.760360e+00,3.960427e+00,2.470595e+00,6.086048e+00,8.389733e+00,2.919813e+00,6.344631e+01,3.450966e+00,2.172637e+00,1.369459e+00,2.411054e-01,7.848074e+01
1.350000e-02,1.100000e+00,2.500000e+01,2.000302e+00,1.246251e+02,4.372409e+01,2.323800e+00,3.847253e+00,1.814457e+00,4.082135e+00,2.546519e+00,6.273079e+00,8.647559e+00,3.009542e+00,6.232297e+01,3.557019e+00,2.239405e+00,1.411544e+00,2.485148e-01,7.781943e+01
1.350000e-02,1.175000e+00,2.500000e+01,1.948309e+00,1.246260e+02,4.226355e+01,2.323800e+00,3.949922e+00,1.862879e+00,4.191070e+00,2.614475e+00,6.440486e+00,8.878332e+00,3.089937e+00,6.131724e+01,3.652023e+00,2.299276e+00,1.449213e+00,2.551468e-01,7.722735e+01
1.350000e-02,1.250000e+00,2.500000e+01,1.901991e+00,1.246251e+02,4.096263e+01,2.323800e+00,4.046111e+00,1.908244e+00,4.293134e+00,2.678145e+00,6.597324e+00,9.094537e+00,3.165100e+00,6.037551e+01,3.740875e+00,2.355156e+00,1.484505e+00,2.613601e-01,7.667295e+01
1.350000e-02,1.325000e+00,2.500000e+01,1.860324e+00,1.246251e+02,3.979224e+01,2.323800e+00,4.136735e+00,1.950984e+00,4.389291e+00,2.738129e+00,6.745090e+00,9.298235e+00,3.235992e+00,5.948801e+01,3.824663e+00,2.407906e+00,1.517754e+00,2.672140e-01,7.615048e+01
1.350000e-02,1.400000e+00,2.500000e+01,1.822467e+00,1.246251e+02,3.872888e+01,2.323800e+00,4.222664e+00,1.991511e+00,4.480466e+00,2.795007e+00,6.885201e+00,9.491381e+00,3.303211e+00,5.864648e+01,3.904110e+00,2.457924e+00,1.549281e+00,2.727647e-01,7.565507e+01
1.350000e-02,1.475000e+00,2.500000e+01,1.787751e+00,1.246251e+02,3.775374e+01,2.323800e+00,4.304663e+00,2.030183e+00,4.567471e+00,2.849282e+00,7.018902e+00,9.675691e+00,3.367355e+00,5.784345e+01,3.979923e+00,2.505654e+00,1.579366e+00,2.780614e-01,7.518232e+01
1.350000e-02,1.550000e+00,2.500000e+01,1.755632e+00,1.246251e+02,3.685156e+01,2.323800e+00,4.383415e+00,2.067325e+00,4.651031e+00,2.901409e+00,7.147311e+00,9.852704e+00,3.428959e+00,5.707221e+01,4.052734e+00,2.551494e+00,1.608260e+00,2.831485e-01,7.472829e+01
1.350000e-02,1.625000e+00,2.500000e+01,1.725664e+00,1.246251e+02,3.600980e+01,2.323800e+00,4.459537e+00,2.103225e+00,4.731801e+00,2.951794e+00,7.271430e+00,1.002381e+01,3.488506e+00,5.632673e+01,4.123113e+00,2.595803e+00,1.636189e+00,2.880656e-01,7.428942e+01
1.350000e-02,1.700000e+00,2.500000e+01,1.697479e+00,1.246251e+02,3.521810e+01,2.323800e+00,4.533584e+00,2.138148e+00,4.810368e+00,3.000806e+00,7.392166e+00,1.019024e+01,3.546430e+00,5.560157e+01,4.191574e+00,2.638904e+00,1.663357e+00,2.928486e-01,7.386252e+01
1.350000e-02,1.775000e+00,2.500000e+01,1.670771e+00,1.246251e+02,3.446789e+01,2.323800e+00,4.606056e+00,2.172327e+00,4.887264e+00,3.048776e+00,7.510334e+00,1.035314e+01,3.603121e+00,5.489184e+01,4.258579e+00,2.681089e+00,1.689946e+00,2.975300e-01,7.344470e+01
1.350000e-02,1.850000e+00,2.500000e+01,1.645285e+00,1.246251e+02,3.375203e+01,2.323800e+00,4.677404e+00,2.205977e+00,4.962968e+00,3.096001e+00,7.626669e+00,1.051351e+01,3.658934e+00,5.419311e+01,4.324544e+00,2.722619e+00,1.716124e+00,3.021387e-01,7.303336e+01
1.350000e-02,1.925000e+00,2.500000e+01,1.620818e+00,1.246259e+02,3.306468e+01,2.323800e+00,4.748011e+00,2.239277e+00,5.037882e+00,3.142734e+00,7.741797e+00,1.067222e+01,3.714264e+00,5.350132e+01,4.389921e+00,2.763850e+00,1.742029e+00,3.066997e-01,7.262609e+01
1.350000e-02,2.000000e+00,2.500000e+01,1.597172e+00,1.246251e+02,3.240057e+01,2.323800e+00,4.818306e+00,2.272429e+00,5.112473e+00,3.189265e+00,7.856415e+00,1.083022e+01,3.769156e+00,5.281322e+01,4.454817e+00,2.804636e+00,1.767820e+00,3.112404e-01,7.222101e+01
1.415000e-02,5.000000e-01,2.500000e+01,3.264775e+00,1.249602e+02,7.920830e+01,2.330965e+00,2.414129e+00,1.146331e+00,2.526258e+00,1.575931e+00,3.882138e+00,5.351601e+00,1.862476e+00,7.662664e+01,2.201285e+00,1.385870e+00,8.735441e-01,1.537952e-01,8.624017e+01
1.415000e-02,5.750000e-01,2.500000e+01,2.992303e+00,1.249602e+02,7.155485e+01,2.330965e+00,2.611698e+00,1.241063e+00,2.728839e+00,1.702305e+00,4.193447e+00,5.780747e+00,2.011828e+00,7.474554e+01,2.377806e+00,1.497003e+00,9.435938e-01,1.661280e-01,8.513279e+01
1.415000e-02,6.500000e-01,2.500000e+01,2.795687e+00,1.249602e+02,6.603208e+01,2.330965e+00,2.795375e+00,1.328345e+00,2.920754e+00,1.822026e+00,4.488367e+00,6.187299e+00,2.153317e+00,7.296943e+01,2.545034e+00,1.602285e+00,1.009955e+00,1.778116e-01,8.408720e+01
1.415000e-02,7.250000e-01,2.500000e+01,2.638529e+00,1.249602e+02,6.161769e+01,2.330965e+00,2.961875e+00,1.407465e+00,3.094722e+00,1.930551e+00,4.755705e+00,6.555829e+00,2.281574e+00,7.135942e+01,2.696623e+00,1.697721e+00,1.070111e+00,1.884025e-01,8.313939e+01
1.415000e-02,8.000000e-01,2.500000e+01,2.510026e+00,1.249602e+02,5.800815e+01,2.330965e+00,3.113511e+00,1.479522e+00,3.253159e+00,2.029387e+00,4.999178e+00,6.891462e+00,2.398381e+00,6.989314e+01,2.834679e+00,1.784638e+00,1.124896e+00,1.980479e-01,8.227620e+01
1.415000e-02,8.750000e-01,2.500000e+01,2.402949e+00,1.249602e+02,5.500048e+01,2.330965e+00,3.252250e+00,1.545450e+00,3.398121e+00,2.119817e+00,5.221943e+00,7.198548e+00,2.505254e+00,6.855156e+01,2.960994e+00,1.864162e+00,1.175022e+00,2.068730e-01,8.148642e+01
1.415000e-02,9.500000e-01,2.500000e+01,2.312279e+00,1.249602e+02,5.245364e+01,2.330965e+00,3.379779e+00,1.606051e+00,3.531370e+00,2.202941e+00,5.426709e+00,7.480821e+00,2.603492e+00,6.731839e+01,3.077102e+00,1.937261e+00,1.221098e+00,2.149850e-01,8.076045e+01
1.415000e-02,1.025000e+00,2.500000e+01,2.234416e+00,1.249602e+02,5.026655e+01,2.330965e+00,3.497554e+00,1.662017e+00,3.654428e+00,2.279707e+00,5.615814e+00,7.741506e+00,2.694216e+00,6.617954e+01,3.184330e+00,2.004769e+00,1.263649e+00,2.224766e-01,8.009001e+01
1.415000e-02,1.100000e+00,2.500000e+01,2.166710e+00,1.249602e+02,4.836477e+01,2.330965e+00,3.606846e+00,1.713952e+00,3.768621e+00,2.350943e+00,5.791297e+00,7.983412e+00,2.778404e+00,6.512271e+01,3.283834e+00,2.067414e+00,1.303136e+00,2.294286e-01,7.946786e+01
1.415000e-02,1.175000e+00,2.500000e+01,2.107166e+00,1.249602e+02,4.669223e+01,2.330965e+00,3.708768e+00,1.762384e+00,3.875115e+00,2.417376e+00,5.954947e+00,8.209007e+00,2.856917e+00,6.413715e+01,3.376628e+00,2.125835e+00,1.339960e+00,2.359117e-01,7.888767e+01
1.415000e-02,1.250000e+00,2.500000e+01,2.054248e+00,1.249602e+02,4.520585e+01,2.330965e+00,3.804305e+00,1.807783e+00,3.974937e+00,2.479647e+00,6.108345e+00,8.420470e+00,2.930510e+00,6.321333e+01,3.463609e+00,2.180596e+00,1.374477e+00,2.419888e-01,7.834382e+01
1.415000e-02,1.325000e+00,2.500000e+01,2.006759e+00,1.249602e+02,4.387192e+01,2.330965e+00,3.894333e+00,1.850563e+00,4.069002e+00,2.538327e+00,6.252897e+00,8.619737e+00,2.999860e+00,6.234279e+01,3.545575e+00,2.232199e+00,1.407003e+00,2.477153e-01,7.783133e+01
1.415000e-02,1.400000e+00,2.500000e+01,1.963746e+00,1.249602e+02,4.266371e+01,2.330965e+00,3.979633e+00,1.891098e+00,4.158129e+00,2.593926e+00,6.389859e+00,8.808542e+00,3.065568e+00,6.151795e+01,3.623236e+00,2.281093e+00,1.437822e+00,2.531412e-01,7.734575e+01
1.415000e-02,1.475000e+00,2.500000e+01,1.924442e+00,1.249602e+02,4.155971e+01,2.330965e+00,4.060911e+00,1.929720e+00,4.243052e+00,2.646902e+00,6.520361e+00,8.988442e+00,3.128177e+00,6.073202e+01,3.697235e+00,2.327681e+00,1.467187e+00,2.583112e-01,7.688308e+01
1.415000e-02,1.550000e+00,2.500000e+01,1.888225e+00,1.249602e+02,4.054242e+01,2.330965e+00,4.138800e+00,1.966733e+00,4.324434e+00,2.697671e+00,6.645423e+00,9.160842e+00,3.188176e+00,5.997885e+01,3.768149e+00,2.372326e+00,1.495328e+00,2.632657e-01,7.643969e+01
1.415000e-02,1.625000e+00,2.500000e+01,1.854584e+00,1.249602e+02,3.959747e+01,2.330965e+00,4.213876e+00,2.002409e+00,4.402878e+00,2.746605e+00,6.765968e+00,9.327016e+00,3.246008e+00,5.925289e+01,3.836502e+00,2.415359e+00,1.522453e+00,2.680412e-01,7.601232e+01
1.415000e-02,1.700000e+00,2.500000e+01,1.823093e+00,1.249602e+02,3.871295e+01,2.330965e+00,4.286661e+00,2.036996e+00,4.478928e+00,2.794047e+00,6.882836e+00,9.488120e+00,3.302076e+00,5.854907e+01,3.902769e+00,2.457080e+00,1.548750e+00,2.726710e-01,7.559798e+01
1.415000e-02,1.775000e+00,2.500000e+01,1.793402e+00,1.249602e+02,3.787894e+01,2.330965e+00,4.357631e+00,2.070720e+00,4.553081e+00,2.840305e+00,6.996788e+00,9.645205e+00,3.356745e+00,5.786281e+01,3.967383e+00,2.497759e+00,1.574391e+00,2.771854e-01,7.519398e+01
1.415000e-02,1.850000e+00,2.500000e+01,1.765213e+00,1.249602e+02,3.708715e+01,2.330965e+00,4.427218e+00,2.103787e+00,4.625789e+00,2.885661e+00,7.108518e+00,9.799228e+00,3.410348e+00,5.718992e+01,4.030738e+00,2.537646e+00,1.599532e+00,2.816117e-01,7.479786e+01
1.415000e-02,1.925000e+00,2.500000e+01,1.738280e+00,1.249602e+02,3.633063e+01,2.330965e+00,4.495814e+00,2.136384e+00,4.697461e+00,2.930372e+00,7.218659e+00,9.951058e+00,3.463189e+00,5.652662e+01,4.093191e+00,2.576964e+00,1.624315e+00,2.859751e-01,7.440737e+01
1.415000e-02,2.000000e+00,2.500000e+01,1.712394e+00,1.249602e+02,3.560352e+01,2.330965e+00,4.563776e+00,2.168679e+00,4.768472e+00,2.974670e+00,7.327782e+00,1.010149e+01,3.515541e+00,5.586944e+01,4.155067e+00,2.615920e+00,1.648870e+00,2.902981e-01,7.402049e+01
1.480000e-02,5.000000e-01,2.500000e+01,3.590604e+00,1.252954e+02,8.832694e+01,2.338129e+00,2.209744e+00,1.057708e+00,2.274136e+00,1.418652e+00,3.494697e+00,4.817507e+00,1.676599e+00,7.889699e+01,1.981595e+00,1.247558e+00,7.863639e-01,1.384463e-01,8.757687e+01
1.480000e-02,5.750000e-01,2.500000e+01,3.300622e+00,1.252954e+02,8.018164e+01,2.338129e+00,2.403885e+00,1.150635e+00,2.473934e+00,1.543290e+00,3.801730e+00,5.240757e+00,1.823900e+00,7.704295e+01,2.155691e+00,1.357165e+00,8.554512e-01,1.506097e-01,8.648541e+01
1.480000e-02,6.500000e-01,2.500000e+01,3.075127e+00,1.252954e+02,7.384772e+01,2.338129e+00,2.580158e+00,1.235009e+00,2.655343e+00,1.656458e+00,4.080505e+00,5.625054e+00,1.957643e+00,7.535955e+01,2.313765e+00,1.456684e+00,9.181802e-01,1.616537e-01,8.549440e+01
1.480000e-02,7.250000e-01,2.500000e+01,2.894814e+00,1.252954e+02,6.878293e+01,2.338129e+00,2.740871e+00,1.311936e+00,2.820740e+00,1.759635e+00,4.334672e+00,5.975427e+00,2.079581e+00,7.382474e+01,2.457885e+00,1.547418e+00,9.753718e-01,1.717228e-01,8.459088e+01
1.480000e-02,8.000000e-01,2.500000e+01,2.747348e+00,1.252954e+02,6.464075e+01,2.338129e+00,2.887990e+00,1.382355e+00,2.972145e+00,1.854085e+00,4.567339e+00,6.296164e+00,2.191205e+00,7.241976e+01,2.589814e+00,1.630477e+00,1.027726e+00,1.809402e-01,8.376378e+01
1.480000e-02,8.750000e-01,2.500000e+01,2.624472e+00,1.252954e+02,6.118929e+01,2.338129e+00,3.023203e+00,1.447076e+00,3.111299e+00,1.940892e+00,4.781178e+00,6.590945e+00,2.293795e+00,7.112848e+01,2.711067e+00,1.706815e+00,1.075843e+00,1.894117e-01,8.300361e+01
1.480000e-02,9.500000e-01,2.500000e+01,2.520450e+00,1.252954e+02,5.826743e+01,2.338129e+00,3.147974e+00,1.506798e+00,3.239705e+00,2.020994e+00,4.978502e+00,6.862959e+00,2.388462e+00,6.993692e+01,2.822955e+00,1.777256e+00,1.120244e+00,1.972289e-01,8.230216e+01
1.480000e-02,1.025000e+00,2.500000e+01,2.431170e+00,1.252954e+02,5.575965e+01,2.338129e+00,3.263577e+00,1.562132e+00,3.358677e+00,2.095211e+00,5.161328e+00,7.114988e+00,2.476174e+00,6.883291e+01,2.926623e+00,1.842523e+00,1.161383e+00,2.044717e-01,8.165224e+01
1.480000e-02,1.100000e+00,2.500000e+01,2.353604e+00,1.252954e+02,5.358088e+01,2.338129e+00,3.371133e+00,1.613615e+00,3.469367e+00,2.164262e+00,5.331427e+00,7.349473e+00,2.557780e+00,6.780575e+01,3.023074e+00,1.903246e+00,1.199658e+00,2.112104e-01,8.104756e+01
1.480000e-02,1.175000e+00,2.500000e+01,2.285469e+00,1.252954e+02,5.166705e+01,2.338129e+00,3.471633e+00,1.661720e+00,3.572796e+00,2.228783e+00,5.490367e+00,7.568575e+00,2.634032e+00,6.684598e+01,3.113198e+00,1.959986e+00,1.235422e+00,2.175070e-01,8.048255e+01
1.480000e-02,1.250000e+00,2.500000e+01,2.225015e+00,1.252954e+02,4.996895e+01,2.338129e+00,3.565958e+00,1.706869e+00,3.669869e+00,2.289340e+00,5.639542e+00,7.774216e+00,2.705600e+00,6.594518e+01,3.197785e+00,2.013239e+00,1.268989e+00,2.234167e-01,7.995226e+01
1.480000e-02,1.325000e+00,2.500000e+01,2.170870e+00,1.252954e+02,4.844810e+01,2.338129e+00,3.654897e+00,1.749440e+00,3.761400e+00,2.346438e+00,5.780199e+00,7.968114e+00,2.773080e+00,6.509581e+01,3.277541e+00,2.063452e+00,1.300639e+00,2.289890e-01,7.945224e+01
1.480000e-02,1.400000e+00,2.500000e+01,2.121949e+00,1.252954e+02,4.707395e+01,2.338129e+00,3.739160e+00,1.789773e+00,3.848119e+00,2.400535e+00,5.913460e+00,8.151817e+00,2.837013e+00,6.429110e+01,3.353104e+00,2.111024e+00,1.330625e+00,2.342683e-01,7.897852e+01
1.480000e-02,1.475000e+00,2.500000e+01,2.077376e+00,1.252954e+02,4.582195e+01,2.338129e+00,3.819388e+00,1.828175e+00,3.930685e+00,2.452041e+00,6.040341e+00,8.326724e+00,2.897885e+00,6.352492e+01,3.425049e+00,2.156319e+00,1.359175e+00,2.392948e-01,7.852748e+01
1.480000e-02,1.550000e+00,2.500000e+01,2.036441e+00,1.252954e+02,4.467210e+01,2.338129e+00,3.896164e+00,1.864924e+00,4.009698e+00,2.501331e+00,6.161761e+00,8.494105e+00,2.956137e+00,6.279172e+01,3.493898e+00,2.199665e+00,1.386497e+00,2.441050e-01,7.809584e+01
1.480000e-02,1.625000e+00,2.500000e+01,1.998556e+00,1.252954e+02,4.360798e+01,2.338129e+00,3.970019e+00,1.900275e+00,4.085705e+00,2.548746e+00,6.278562e+00,8.655116e+00,3.012173e+00,6.208640e+01,3.560128e+00,2.241361e+00,1.412779e+00,2.487322e-01,7.768064e+01
1.480000e-02,1.700000e+00,2.500000e+01,1.963239e+00,1.252954e+02,4.261594e+01,2.338129e+00,4.041437e+00,1.934460e+00,4.159204e+00,2.594597e+00,6.391510e+00,8.810817e+00,3.066360e+00,6.140436e+01,3.624173e+00,2.281682e+00,1.438194e+00,2.532067e-01,7.727912e+01
1.480000e-02,1.775000e+00,2.500000e+01,1.930082e+00,1.252954e+02,4.168461e+01,2.338129e+00,4.110864e+00,1.967692e+00,4.230654e+00,2.639168e+00,6.501308e+00,8.962175e+00,3.119036e+00,6.074134e+01,3.686431e+00,2.320879e+00,1.462900e+00,2.575565e-01,7.688881e+01
1.480000e-02,1.850000e+00,2.500000e+01,1.898747e+00,1.252954e+02,4.080443e+01,2.338129e+00,4.178706e+00,2.000165e+00,4.300473e+00,2.682723e+00,6.608600e+00,9.110080e+00,3.170510e+00,6.009344e+01,3.747269e+00,2.359181e+00,1.487042e+00,2.618070e-01,7.650740e+01
1.480000e-02,1.925000e+00,2.500000e+01,1.868945e+00,1.252954e+02,3.996734e+01,2.338129e+00,4.245338e+00,2.032058e+00,4.369046e+00,2.725500e+00,6.713978e+00,9.255345e+00,3.221066e+00,5.945711e+01,3.807022e+00,2.396799e+00,1.510754e+00,2.659816e-01,7.613280e+01
1.480000e-02,2.000000e+00,2.500000e+01,1.840435e+00,1.252954e+02,3.916652e+01,2.338129e+00,4.311102e+00,2.063537e+00,4.436727e+00,2.767721e+00,6.817983e+00,9.398719e+00,3.270963e+00,5.882906e+01,3.865996e+00,2.433928e+00,1.534157e+00,2.701019e-01,7.576307e+01
1.545000e-02,5.000000e-01,2.500000e+01,3.979556e+00,1.256305e+02,9.921862e+01,2.345294e+00,2.023753e+00,9.754819e-01,2.051869e+00,1.279998e+00,3.153136e+00,4.346657e+00,1.512733e+00,8.090841e+01,1.787919e+00,1.125625e+00,7.095072e-01,1.249150e-01,8.876108e+01
1.545000e-02,5.750000e-01,2.500000e+01,3.647841e+00,1.256305e+02,8.990110e+01,2.345294e+00,2.207782e+00,1.064187e+00,2.238454e+00,1.396393e+00,3.439865e+00,4.741918e+00,1.650293e+00,7.917232e+01,1.950503e+00,1.227983e+00,7.740258e-01,1.362741e-01,8.773908e+01
1.545000e-02,6.500000e-01,2.500000e+01,3.389735e+00,1.256305e+02,8.265118e+01,2.345294e+00,2.375889e+00,1.145217e+00,2.408897e+00,1.502719e+00,3.701787e+00,5.102983e+00,1.775951e+00,7.758644e+01,2.099020e+00,1.321486e+00,8.329626e-01,1.466504e-01,8.680549e+01
1.545000e-02,7.250000e-01,2.500000e+01,3.183256e+00,1.256305e+02,7.685139e+01,2.345294e+00,2.529999e+00,1.219501e+00,2.565148e+00,1.600192e+00,3.941900e+00,5.433983e+00,1.891147e+00,7.613260e+01,2.235172e+00,1.407203e+00,8.869920e-01,1.561628e-01,8.594964e+01
1.545000e-02,8.000000e-01,2.500000e+01,3.014345e+00,1.256305e+02,7.210686e+01,2.345294e+00,2.671769e+00,1.287836e+00,2.708888e+00,1.689860e+00,4.162787e+00,5.738480e+00,1.997119e+00,7.479517e+01,2.360421e+00,1.486057e+00,9.366952e-01,1.649135e-01,8.516232e+01
1.545000e-02,8.750000e-01,2.500000e+01,2.873589e+00,1.256305e+02,6.815318e+01,2.345294e+00,2.802639e+00,1.350918e+00,2.841576e+00,1.772633e+00,4.366691e+00,6.019565e+00,2.094942e+00,7.356058e+01,2.476040e+00,1.558848e+00,9.825768e-01,1.729913e-01,8.443554e+01
1.545000e-02,9.500000e-01,2.500000e+01,2.754446e+00,1.256305e+02,6.480657e+01,2.345294e+00,2.923867e+00,1.409351e+00,2.964488e+00,1.849308e+00,4.555571e+00,6.279940e+00,2.185559e+00,7.241695e+01,2.583141e+00,1.626275e+00,1.025078e+00,1.804740e-01,8.376230e+01
1.545000e-02,1.025000e+00,2.500000e+01,2.652223e+00,1.256305e+02,6.193524e+01,2.345294e+00,3.036559e+00,1.463671e+00,3.078746e+00,1.920585e+00,4.731153e+00,6.521983e+00,2.269795e+00,7.135383e+01,2.682701e+00,1.688956e+00,1.064587e+00,1.874299e-01,8.313646e+01
1.545000e-02,1.100000e+00,2.500000e+01,2.563466e+00,1.256305e+02,5.944214e+01,2.345294e+00,3.141697e+00,1.514349e+00,3.185344e+00,1.987083e+00,4.894964e+00,6.747800e+00,2.348384e+00,7.036199e+01,2.775587e+00,1.747434e+00,1.101447e+00,1.939195e-01,8.255258e+01
1.545000e-02,1.175000e+00,2.500000e+01,2.485572e+00,1.256305e+02,5.725418e+01,2.345294e+00,3.240152e+00,1.561806e+00,3.285168e+00,2.049355e+00,5.048364e+00,6.959265e+00,2.421979e+00,6.943318e+01,2.862569e+00,1.802196e+00,1.135964e+00,1.999966e-01,8.200580e+01
1.545000e-02,1.250000e+00,2.500000e+01,2.416542e+00,1.256305e+02,5.531521e+01,2.345294e+00,3.332708e+00,1.606420e+00,3.379010e+00,2.107895e+00,5.192573e+00,7.158059e+00,2.491164e+00,6.856003e+01,2.944340e+00,1.853677e+00,1.168414e+00,2.057096e-01,8.149179e+01
1.545000e-02,1.325000e+00,2.500000e+01,2.357846e+00,1.256305e+02,5.366650e+01,2.345294e+00,3.417790e+00,1.647431e+00,3.465273e+00,2.161708e+00,5.325136e+00,7.340800e+00,2.554761e+00,6.775739e+01,3.019507e+00,1.901000e+00,1.198243e+00,2.109612e-01,8.101929e+01
1.545000e-02,1.400000e+00,2.500000e+01,2.299150e+00,1.256305e+02,5.201780e+01,2.345294e+00,3.502872e+00,1.688442e+00,3.551537e+00,2.215522e+00,5.457698e+00,7.523540e+00,2.618359e+00,6.695475e+01,3.094674e+00,1.948323e+00,1.228071e+00,2.162128e-01,8.054679e+01
1.545000e-02,1.475000e+00,2.500000e+01,2.248551e+00,1.256305e+02,5.059653e+01,2.345294e+00,3.581697e+00,1.726436e+00,3.631457e+00,2.265377e+00,5.580512e+00,7.692841e+00,2.677280e+00,6.621114e+01,3.164313e+00,1.992166e+00,1.255706e+00,2.210782e-01,8.010903e+01
1.545000e-02,1.550000e+00,2.500000e+01,2.202206e+00,1.256305e+02,4.929475e+01,2.345294e+00,3.657072e+00,1.762769e+00,3.707880e+00,2.313051e+00,5.697952e+00,7.854734e+00,2.733622e+00,6.550006e+01,3.230905e+00,2.034091e+00,1.282132e+00,2.257307e-01,7.969044e+01
1.545000e-02,1.625000e+00,2.500000e+01,2.159448e+00,1.256305e+02,4.809373e+01,2.345294e+00,3.729484e+00,1.797672e+00,3.781297e+00,2.358850e+00,5.810774e+00,8.010261e+00,2.787749e+00,6.481695e+01,3.294878e+00,2.074366e+00,1.307519e+00,2.302003e-01,7.928830e+01
1.545000e-02,1.700000e+00,2.500000e+01,2.119723e+00,1.256305e+02,4.697790e+01,2.345294e+00,3.799376e+00,1.831361e+00,3.852161e+00,2.403057e+00,5.919671e+00,8.160378e+00,2.839993e+00,6.415760e+01,3.356626e+00,2.113241e+00,1.332023e+00,2.345143e-01,7.890015e+01
1.545000e-02,1.775000e+00,2.500000e+01,2.082568e+00,1.256305e+02,4.593425e+01,2.345294e+00,3.867161e+00,1.864035e+00,3.920887e+00,2.445930e+00,6.025284e+00,8.305967e+00,2.890661e+00,6.351814e+01,3.416512e+00,2.150944e+00,1.355787e+00,2.386983e-01,7.852371e+01
1.545000e-02,1.850000e+00,2.500000e+01,2.047593e+00,1.256305e+02,4.495182e+01,2.345294e+00,3.933217e+00,1.895875e+00,3.987861e+00,2.487709e+00,6.128203e+00,8.447843e+00,2.940037e+00,6.289498e+01,3.474870e+00,2.187685e+00,1.378946e+00,2.427756e-01,7.815687e+01
1.545000e-02,1.925000e+00,2.500000e+01,2.014467e+00,1.256305e+02,4.402136e+01,2.345294e+00,3.997894e+00,1.927050e+00,4.053436e+00,2.528616e+00,6.228974e+00,8.586757e+00,2.988382e+00,6.228483e+01,3.532010e+00,2.223658e+00,1.401621e+00,2.467677e-01,7.779768e+01
1.545000e-02,2.000000e+00,2.500000e+01,1.982911e+00,1.256305e+02,4.313499e+01,2.345294e+00,4.061516e+00,1.957717e+00,4.117942e+00,2.568857e+00,6.328101e+00,8.723406e+00,3.035939e+00,6.168464e+01,3.588218e+00,2.259046e+00,1.423926e+00,2.506948e-01,7.744436e+01
1.610000e-02,5.000000e-01,2.500000e+01,4.444788e+00,1.259656e+02,1.122529e+02,2.352458e+00,1.856301e+00,9.001966e-01,1.857452e+00,1.158716e+00,2.854373e+00,3.934806e+00,1.369400e+00,8.267591e+01,1.618512e+00,1.018970e+00,6.422807e-01,1.130792e-01,8.980168e+01
1.610000e-02,5.750000e-01,2.500000e+01,4.038643e+00,1.259656e+02,1.008448e+02,2.352458e+00,2.023689e+00,9.820518e-01,2.021850e+00,1.261271e+00,3.107005e+00,4.283064e+00,1.490602e+00,8.113734e+01,1.761762e+00,1.109157e+00,6.991271e-01,1.230875e-01,8.889597e+01
1.610000e-02,6.500000e-01,2.500000e+01,3.743745e+00,1.259656e+02,9.256139e+01,2.352458e+00,2.183096e+00,1.059409e+00,2.181112e+00,1.360622e+00,3.351746e+00,4.620445e+00,1.608017e+00,7.965151e+01,1.900537e+00,1.196526e+00,7.541979e-01,1.327832e-01,8.802129e+01
1.610000e-02,7.250000e-01,2.500000e+01,3.507725e+00,1.259656e+02,8.593182e+01,2.352458e+00,2.329988e+00,1.130692e+00,2.327870e+00,1.452173e+00,3.577271e+00,4.931335e+00,1.716214e+00,7.828234e+01,2.028416e+00,1.277035e+00,8.049448e-01,1.417176e-01,8.721530e+01
1.610000e-02,8.000000e-01,2.500000e+01,3.314588e+00,1.259656e+02,8.050682e+01,2.352458e+00,2.465753e+00,1.196576e+00,2.463512e+00,1.536789e+00,3.785714e+00,5.218677e+00,1.816216e+00,7.701689e+01,2.146609e+00,1.351446e+00,8.518477e-01,1.499753e-01,8.647035e+01
1.610000e-02,8.750000e-01,2.500000e+01,3.153621e+00,1.259656e+02,7.598543e+01,2.352458e+00,2.591609e+00,1.257651e+00,2.589254e+00,1.615230e+00,3.978943e+00,5.485048e+00,1.908919e+00,7.584378e+01,2.256176e+00,1.420427e+00,8.953276e-01,1.576303e-01,8.577977e+01
1.610000e-02,9.500000e-01,2.500000e+01,3.017373e+00,1.259656e+02,7.215836e+01,2.352458e+00,2.708632e+00,1.314440e+00,2.706171e+00,1.688165e+00,4.158611e+00,5.732723e+00,1.995115e+00,7.475302e+01,2.358053e+00,1.484565e+00,9.357557e-01,1.647480e-01,8.513766e+01
1.610000e-02,1.025000e+00,2.500000e+01,2.900499e+00,1.259656e+02,6.887549e+01,2.352458e+00,2.817775e+00,1.367405e+00,2.815214e+00,1.756188e+00,4.326180e+00,5.963720e+00,2.075507e+00,7.373571e+01,2.453069e+00,1.544385e+00,9.734614e-01,1.713865e-01,8.453879e+01
1.610000e-02,1.100000e+00,2.500000e+01,2.799063e+00,1.259656e+02,6.602627e+01,2.352458e+00,2.919889e+00,1.416958e+00,2.917235e+00,1.819831e+00,4.482957e+00,6.179840e+00,2.150722e+00,7.278391e+01,2.541967e+00,1.600353e+00,1.008739e+00,1.775974e-01,8.397849e+01
1.610000e-02,1.175000e+00,2.500000e+01,2.710101e+00,1.259656e+02,6.352743e+01,2.352458e+00,3.015737e+00,1.463471e+00,3.012996e+00,1.879569e+00,4.630114e+00,6.382698e+00,2.221321e+00,7.189052e+01,2.625409e+00,1.652886e+00,1.041852e+00,1.834272e-01,8.345257e+01
1.610000e-02,1.250000e+00,2.500000e+01,2.631337e+00,1.259656e+02,6.131502e+01,2.352458e+00,3.106008e+00,1.507277e+00,3.103185e+00,1.935830e+00,4.768708e+00,6.573753e+00,2.287812e+00,7.104911e+01,2.703996e+00,1.702362e+00,1.073037e+00,1.889177e-01,8.295725e+01
1.610000e-02,1.325000e+00,2.500000e+01,2.560990e+00,1.259656e+02,5.933906e+01,2.352458e+00,3.191325e+00,1.548680e+00,3.188424e+00,1.989004e+00,4.899697e+00,6.754324e+00,2.350655e+00,7.025388e+01,2.778270e+00,1.749123e+00,1.102512e+00,1.941070e-01,8.248912e+01
1.610000e-02,1.400000e+00,2.500000e+01,2.497650e+00,1.259656e+02,5.755991e+01,2.352458e+00,3.272256e+00,1.587954e+00,3.269282e+00,2.039445e+00,5.023952e+00,6.925612e+00,2.410267e+00,6.949952e+01,2.848727e+00,1.793481e+00,1.130472e+00,1.990295e-01,8.204504e+01
1.610000e-02,1.475000e+00,2.500000e+01,2.440181e+00,1.259656e+02,5.594567e+01,2.352458e+00,3.349321e+00,1.625352e+00,3.346277e+00,2.087476e+00,5.142271e+00,7.088716e+00,2.467031e+00,6.878121e+01,2.915817e+00,1.835719e+00,1.157095e+00,2.037168e-01,8.162219e+01
1.610000e-02,1.550000e+00,2.500000e+01,2.387660e+00,1.259656e+02,5.447042e+01,2.352458e+00,3.422995e+00,1.661104e+00,3.419884e+00,2.133394e+00,5.255384e+00,7.244646e+00,2.521298e+00,6.809450e+01,2.979956e+00,1.876099e+00,1.182548e+00,2.081979e-01,8.121794e+01
1.610000e-02,1.625000e+00,2.500000e+01,2.339327e+00,1.259656e+02,5.311279e+01,2.352458e+00,3.493718e+00,1.695425e+00,3.490543e+00,2.177472e+00,5.363966e+00,7.394328e+00,2.573390e+00,6.743529e+01,3.041525e+00,1.914861e+00,1.206980e+00,2.124995e-01,8.082988e+01
1.610000e-02,1.700000e+00,2.500000e+01,2.294551e+00,1.259656e+02,5.185508e+01,2.352458e+00,3.561894e+00,1.728509e+00,3.558657e+00,2.219963e+00,5.468639e+00,7.538621e+00,2.623608e+00,6.679982e+01,3.100878e+00,1.952228e+00,1.230533e+00,2.166463e-01,8.045579e+01
1.610000e-02,1.775000e+00,2.500000e+01,2.252804e+00,1.259656e+02,5.068244e+01,2.352458e+00,3.627900e+00,1.760541e+00,3.624603e+00,2.261102e+00,5.569979e+00,7.678320e+00,2.672226e+00,6.618459e+01,3.158340e+00,1.988405e+00,1.253337e+00,2.206610e-01,8.009361e+01
1.610000e-02,1.850000e+00,2.500000e+01,2.213640e+00,1.259656e+02,4.958239e+01,2.352458e+00,3.692084e+00,1.791688e+00,3.688729e+00,2.301104e+00,5.668522e+00,7.814163e+00,2.719502e+00,6.558633e+01,3.214217e+00,2.023584e+00,1.275510e+00,2.245648e-01,7.974144e+01
1.610000e-02,1.925000e+00,2.500000e+01,2.176683e+00,1.259656e+02,4.854431e+01,2.352458e+00,3.754770e+00,1.822108e+00,3.751358e+00,2.340174e+00,5.764765e+00,7.946836e+00,2.765675e+00,6.500204e+01,3.268790e+00,2.057941e+00,1.297166e+00,2.283776e-01,7.939748e+01
1.610000e-02,2.000000e+00,2.500000e+01,2.141611e+00,1.259656e+02,4.755917e+01,2.352458e+00,3.816260e+00,1.851947e+00,3.812792e+00,2.378497e+00,5.859171e+00,8.076977e+00,2.810967e+00,6.442890e+01,3.322321e+00,2.091643e+00,1.318409e+00,2.321176e-01,7.906008e+01
1.675000e-02,5.000000e-01,2.500000e+01,4.910020e+00,1.263008e+02,1.252872e+02,2.359623e+00,1.688848e+00,8.249113e-01,1.663035e+00,1.037435e+00,2.555609e+00,3.522955e+00,1.226067e+00,8.444342e+01,1.449104e+00,9.123158e-01,5.750542e-01,1.012434e-01,9.084228e+01
1.675000e-02,5.750000e-01,2.500000e+01,4.478256e+00,1.263008e+02,1.131594e+02,2.359623e+00,1.851676e+00,9.044438e-01,1.823374e+00,1.137458e+00,2.802004e+00,3.862615e+00,1.344276e+00,8.294356e+01,1.588817e+00,1.000275e+00,6.304971e-01,1.110046e-01,8.995936e+01
1.675000e-02,6.500000e-01,2.500000e+01,4.141883e+00,1.263008e+02,1.037111e+02,2.359623e+00,2.002055e+00,9.778958e-01,1.971455e+00,1.229834e+00,3.029562e+00,4.176307e+00,1.453448e+00,8.155836e+01,1.717849e+00,1.081510e+00,6.817013e-01,1.200195e-01,8.914393e+01
1.675000e-02,7.250000e-01,2.500000e+01,3.872541e+00,1.263008e+02,9.614555e+01,2.359623e+00,2.141301e+00,1.045910e+00,2.108572e+00,1.315371e+00,3.240272e+00,4.466776e+00,1.554537e+00,8.027572e+01,1.837328e+00,1.156731e+00,7.291147e-01,1.283671e-01,8.838887e+01
1.675000e-02,8.000000e-01,2.500000e+01,3.672904e+00,1.263008e+02,9.053796e+01,2.359623e+00,2.276183e+00,1.111098e+00,2.244543e+00,1.400192e+00,3.449221e+00,4.754816e+00,1.654782e+00,7.900926e+01,1.955808e+00,1.231323e+00,7.761315e-01,1.366448e-01,8.764333e+01
1.675000e-02,8.750000e-01,2.500000e+01,3.468274e+00,1.263008e+02,8.479012e+01,2.359623e+00,2.390894e+00,1.167823e+00,2.354351e+00,1.468692e+00,3.617963e+00,4.987430e+00,1.735736e+00,7.797663e+01,2.051490e+00,1.291561e+00,8.141013e-01,1.433297e-01,8.703546e+01
1.675000e-02,9.500000e-01,2.500000e+01,3.312699e+00,1.263008e+02,8.042018e+01,2.359623e+00,2.503179e+00,1.222668e+00,2.464918e+00,1.537667e+00,3.787874e+00,5.221655e+00,1.817252e+00,7.694234e+01,2.147835e+00,1.352217e+00,8.523341e-01,1.500609e-01,8.642661e+01
1.675000e-02,1.025000e+00,2.500000e+01,3.179259e+00,1.263008e+02,7.667202e+01,2.359623e+00,2.608241e+00,1.273985e+00,2.568375e+00,1.602205e+00,3.946858e+00,5.440817e+00,1.893525e+00,7.597457e+01,2.237983e+00,1.408972e+00,8.881080e-01,1.563593e-01,8.585691e+01
1.675000e-02,1.100000e+00,2.500000e+01,3.063479e+00,1.263008e+02,7.341988e+01,2.359623e+00,2.706816e+00,1.322133e+00,2.665443e+00,1.662758e+00,4.096024e+00,5.646445e+00,1.965089e+00,7.506656e+01,2.322564e+00,1.462223e+00,9.216728e-01,1.622686e-01,8.532239e+01
1.675000e-02,1.175000e+00,2.500000e+01,2.961986e+00,1.263008e+02,7.056904e+01,2.359623e+00,2.799566e+00,1.367437e+00,2.756776e+00,1.719733e+00,4.236375e+00,5.839922e+00,2.032423e+00,7.421221e+01,2.402148e+00,1.512326e+00,9.532542e-01,1.678288e-01,8.481946e+01
1.675000e-02,1.250000e+00,2.500000e+01,2.872189e+00,1.263008e+02,6.804675e+01,2.359623e+00,2.887092e+00,1.410188e+00,2.842964e+00,1.773499e+00,4.368822e+00,6.022502e+00,2.095965e+00,7.340598e+01,2.477249e+00,1.559608e+00,9.830568e-01,1.730758e-01,8.434485e+01
1.675000e-02,1.325000e+00,2.500000e+01,2.792065e+00,1.263008e+02,6.579616e+01,2.359623e+00,2.969942e+00,1.450656e+00,2.924548e+00,1.824393e+00,4.494193e+00,6.195329e+00,2.156112e+00,7.264281e+01,2.548338e+00,1.604364e+00,1.011268e+00,1.780426e-01,8.389560e+01
1.675000e-02,1.400000e+00,2.500000e+01,2.720009e+00,1.263008e+02,6.377218e+01,2.359623e+00,3.048619e+00,1.489086e+00,3.002023e+00,1.872723e+00,4.613250e+00,6.359451e+00,2.213230e+00,7.191809e+01,2.615847e+00,1.646865e+00,1.038057e+00,1.827591e-01,8.346897e+01
1.675000e-02,1.475000e+00,2.500000e+01,2.654730e+00,1.263008e+02,6.193855e+01,2.359623e+00,3.123584e+00,1.525702e+00,3.075842e+00,1.918773e+00,4.726688e+00,6.515828e+00,2.267653e+00,7.122756e+01,2.680170e+00,1.687361e+00,1.063583e+00,1.872531e-01,8.306248e+01
1.675000e-02,1.550000e+00,2.500000e+01,2.595177e+00,1.263008e+02,6.026579e+01,2.359623e+00,3.195262e+00,1.560713e+00,3.146424e+00,1.962804e+00,4.835153e+00,6.665349e+00,2.319690e+00,7.056731e+01,2.741673e+00,1.726082e+00,1.087989e+00,1.915501e-01,8.267381e+01
1.675000e-02,1.625000e+00,2.500000e+01,2.540487e+00,1.263008e+02,5.872961e+01,2.359623e+00,3.264047e+00,1.594311e+00,3.214158e+00,2.005057e+00,4.939241e+00,6.808835e+00,2.369626e+00,6.993371e+01,2.800693e+00,1.763240e+00,1.111410e+00,1.956736e-01,8.230082e+01
1.675000e-02,1.700000e+00,2.500000e+01,2.489943e+00,1.263008e+02,5.730989e+01,2.359623e+00,3.330305e+00,1.626674e+00,3.279403e+00,2.045758e+00,5.039503e+00,6.947049e+00,2.417728e+00,6.932339e+01,2.857545e+00,1.799032e+00,1.133971e+00,1.996456e-01,8.194155e+01
1.675000e-02,1.775000e+00,2.500000e+01,2.442944e+00,1.263008e+02,5.598974e+01,2.359623e+00,3.394375e+00,1.657969e+00,3.342494e+00,2.085116e+00,5.136456e+00,7.080701e+00,2.464241e+00,6.873321e+01,2.912520e+00,1.833643e+00,1.155787e+00,2.034865e-01,8.159413e+01
1.675000e-02,1.850000e+00,2.500000e+01,2.398983e+00,1.263008e+02,5.475493e+01,2.359623e+00,3.456576e+00,1.688351e+00,3.403744e+00,2.123325e+00,5.230580e+00,7.210452e+00,2.509398e+00,6.816026e+01,2.965891e+00,1.867244e+00,1.176967e+00,2.072154e-01,8.125684e+01
1.675000e-02,1.925000e+00,2.500000e+01,2.357631e+00,1.263008e+02,5.359338e+01,2.359623e+00,3.517204e+00,1.717964e+00,3.463445e+00,2.160568e+00,5.322324e+00,7.336923e+00,2.553412e+00,6.760179e+01,3.017913e+00,1.899996e+00,1.197610e+00,2.108499e-01,8.092809e+01
1.675000e-02,2.000000e+00,2.500000e+01,2.318519e+00,1.263008e+02,5.249477e+01,2.359623e+00,3.576536e+00,1.746945e+00,3.521871e+00,2.197015e+00,5.412107e+00,7.460691e+00,2.596486e+00,6.705526e+01,3.068823e+00,1.932047e+00,1.217813e+00,2.144068e-01,8.060636e+01
1.740000e-02,5.000000e-01,2.500000e+01,5.463931e+00,1.266359e+02,1.408124e+02,2.366787e+00,1.539478e+00,7.566904e-01,1.494444e+00,9.322650e-01,2.296533e+00,3.165813e+00,1.101774e+00,8.598323e+01,1.302201e+00,8.198291e-01,5.167579e-01,9.097979e-02,9.174881e+01
1.740000e-02,5.750000e-01,2.500000e+01,4.972510e+00,1.266359e+02,1.270089e+02,2.366787e+00,1.691621e+00,8.314723e-01,1.642137e+00,1.024398e+00,2.523494e+00,3.478683e+00,1.210659e+00,8.459799e+01,1.430894e+00,9.008508e-01,5.678278e-01,9.997110e-02,9.093337e+01
1.740000e-02,6.500000e-01,2.500000e+01,4.589422e+00,1.266359e+02,1.162484e+02,2.366787e+00,1.832823e+00,9.008767e-01,1.779209e+00,1.109907e+00,2.734134e+00,3.769055e+00,1.311715e+00,8.331236e+01,1.550333e+00,9.760465e-01,6.152254e-01,1.083159e-01,9.017656e+01
1.740000e-02,7.250000e-01,2.500000e+01,4.282527e+00,1.266359e+02,1.076280e+02,2.366787e+00,1.964167e+00,9.654354e-01,1.906710e+00,1.189445e+00,2.930068e+00,4.039153e+00,1.405715e+00,8.211649e+01,1.661433e+00,1.045992e+00,6.593137e-01,1.160780e-01,8.947259e+01
1.740000e-02,8.000000e-01,2.500000e+01,4.031220e+00,1.266359e+02,1.005691e+02,2.366787e+00,2.086614e+00,1.025621e+00,2.025575e+00,1.263595e+00,3.112729e+00,4.290954e+00,1.493348e+00,8.100163e+01,1.765007e+00,1.111199e+00,7.004154e-01,1.233143e-01,8.881631e+01
1.740000e-02,8.750000e-01,2.500000e+01,3.821681e+00,1.266359e+02,9.468336e+01,2.366787e+00,2.201021e+00,1.081855e+00,2.136635e+00,1.332877e+00,3.283396e+00,4.526223e+00,1.575226e+00,7.995997e+01,1.861781e+00,1.172125e+00,7.388185e-01,1.300755e-01,8.820312e+01
1.740000e-02,9.500000e-01,2.500000e+01,3.644289e+00,1.266359e+02,8.970064e+01,2.366787e+00,2.308159e+00,1.134515e+00,2.240639e+00,1.397756e+00,3.443221e+00,4.746543e+00,1.651903e+00,7.898449e+01,1.952406e+00,1.229180e+00,7.747816e-01,1.364071e-01,8.762889e+01
1.740000e-02,1.025000e+00,2.500000e+01,3.492142e+00,1.266359e+02,8.542698e+01,2.366787e+00,2.408722e+00,1.183945e+00,2.338260e+00,1.458655e+00,3.593236e+00,4.953343e+00,1.723874e+00,7.806887e+01,2.037469e+00,1.282734e+00,8.085376e-01,1.423502e-01,8.708990e+01
1.740000e-02,1.100000e+00,2.500000e+01,3.378196e+00,1.266359e+02,8.222637e+01,2.366787e+00,2.508447e+00,1.232252e+00,2.438291e+00,1.521056e+00,3.746955e+00,5.165247e+00,1.797621e+00,7.713632e+01,2.124632e+00,1.337609e+00,8.431267e-01,1.484399e-01,8.654093e+01
1.740000e-02,1.175000e+00,2.500000e+01,3.244488e+00,1.266359e+02,7.847066e+01,2.366787e+00,2.592580e+00,1.274316e+00,2.516741e+00,1.569994e+00,3.867510e+00,5.331434e+00,1.855458e+00,7.639486e+01,2.192990e+00,1.380646e+00,8.702536e-01,1.532158e-01,8.610447e+01
1.740000e-02,1.250000e+00,2.500000e+01,3.142207e+00,1.266359e+02,7.559772e+01,2.366787e+00,2.676970e+00,1.315795e+00,2.598662e+00,1.621098e+00,3.993399e+00,5.504975e+00,1.915854e+00,7.562650e+01,2.264373e+00,1.425587e+00,8.985808e-01,1.582031e-01,8.565216e+01
1.740000e-02,1.325000e+00,2.500000e+01,3.051011e+00,1.266359e+02,7.303611e+01,2.366787e+00,2.756986e+00,1.355125e+00,2.676337e+00,1.669554e+00,4.112764e+00,5.669521e+00,1.973119e+00,7.489797e+01,2.332056e+00,1.468198e+00,9.254397e-01,1.629318e-01,8.522330e+01
1.740000e-02,1.400000e+00,2.500000e+01,2.969075e+00,1.266359e+02,7.073463e+01,2.366787e+00,2.833069e+00,1.392521e+00,2.750194e+00,1.715627e+00,4.226261e+00,5.825979e+00,2.027570e+00,7.420524e+01,2.396413e+00,1.508715e+00,9.509785e-01,1.674282e-01,8.481552e+01
1.740000e-02,1.475000e+00,2.500000e+01,2.894934e+00,1.266359e+02,6.865209e+01,2.366787e+00,2.905625e+00,1.428184e+00,2.820628e+00,1.759565e+00,4.334497e+00,5.975185e+00,2.079497e+00,7.354463e+01,2.457786e+00,1.547354e+00,9.753335e-01,1.717161e-01,8.442663e+01
1.740000e-02,1.550000e+00,2.500000e+01,2.827395e+00,1.266359e+02,6.675500e+01,2.366787e+00,2.975032e+00,1.462300e+00,2.888005e+00,1.801597e+00,4.438037e+00,6.117916e+00,2.129171e+00,7.291268e+01,2.516496e+00,1.584316e+00,9.986316e-01,1.758179e-01,8.405463e+01
1.740000e-02,1.625000e+00,2.500000e+01,2.765478e+00,1.266359e+02,6.501580e+01,2.366787e+00,3.041642e+00,1.495040e+00,2.952666e+00,1.841933e+00,4.537402e+00,6.254893e+00,2.176842e+00,7.230621e+01,2.572839e+00,1.619788e+00,1.020990e+00,1.797544e-01,8.369762e+01
1.740000e-02,1.700000e+00,2.500000e+01,2.708367e+00,1.266359e+02,6.341162e+01,2.366787e+00,3.105780e+00,1.526565e+00,3.014928e+00,1.880774e+00,4.633081e+00,6.386788e+00,2.222744e+00,7.172224e+01,2.627092e+00,1.653945e+00,1.042520e+00,1.835448e-01,8.335386e+01
1.740000e-02,1.775000e+00,2.500000e+01,2.655381e+00,1.266359e+02,6.192331e+01,2.366787e+00,3.167753e+00,1.557027e+00,3.075088e+00,1.918303e+00,4.725530e+00,6.514231e+00,2.267097e+00,7.115798e+01,2.679513e+00,1.686948e+00,1.063322e+00,1.872073e-01,8.302170e+01
1.740000e-02,1.850000e+00,2.500000e+01,2.605944e+00,1.266359e+02,6.053468e+01,2.366787e+00,3.227848e+00,1.586565e+00,3.133425e+00,1.954695e+00,4.815177e+00,6.637811e+00,2.310106e+00,7.061083e+01,2.730345e+00,1.718950e+00,1.083494e+00,1.907587e-01,8.269961e+01
1.740000e-02,1.925000e+00,2.500000e+01,2.559567e+00,1.266359e+02,5.923200e+01,2.366787e+00,3.286333e+00,1.615312e+00,3.190200e+00,1.990112e+00,4.902423e+00,6.758081e+00,2.351963e+00,7.007832e+01,2.779817e+00,1.750096e+00,1.103126e+00,1.942151e-01,8.238614e+01
1.740000e-02,2.000000e+00,2.500000e+01,2.515832e+00,1.266359e+02,5.800354e+01,2.366787e+00,3.343462e+00,1.643392e+00,3.245658e+00,2.024708e+00,4.987646e+00,6.875563e+00,2.392849e+00,6.955817e+01,2.828141e+00,1.780520e+00,1.122303e+00,1.975913e-01,8.207994e+01
1.805000e-02,5.000000e-01,2.500000e+01,6.086433e+00,1.269710e+02,1.582642e+02,2.373952e+00,1.401629e+00,6.931281e-01,1.341598e+00,8.369162e-01,2.061651e+00,2.842024e+00,9.890878e-01,8.738339e+01,1.169016e+00,7.359795e-01,4.639058e-01,8.167471e-02,9.257311e+01
1.805000e-02,5.750000e-01,2.500000e+01,5.527912e+00,1.269710e+02,1.425759e+02,2.373952e+00,1.543245e+00,7.631594e-01,1.477148e+00,9.214753e-01,2.269954e+00,3.129173e+00,1.089022e+00,8.610865e+01,1.287129e+00,8.103404e-01,5.107772e-01,8.992684e-02,9.182272e+01
1.805000e-02,6.500000e-01,2.500000e+01,5.092246e+00,1.269710e+02,1.303386e+02,2.373952e+00,1.675277e+00,8.284512e-01,1.603525e+00,1.000312e+00,2.464159e+00,3.396888e+00,1.182193e+00,8.492018e+01,1.397249e+00,8.796688e-01,5.544766e-01,9.762050e-02,9.112312e+01
1.805000e-02,7.250000e-01,2.500000e+01,4.743061e+00,1.269710e+02,1.205303e+02,2.373952e+00,1.798611e+00,8.894419e-01,1.721577e+00,1.073955e+00,2.645570e+00,3.646968e+00,1.269226e+00,8.381000e+01,1.500115e+00,9.444303e-01,5.952973e-01,1.048073e-01,9.046960e+01
1.805000e-02,8.000000e-01,2.500000e+01,4.457018e+00,1.269710e+02,1.124957e+02,2.373952e+00,1.914042e+00,9.465245e-01,1.832064e+00,1.142879e+00,2.815358e+00,3.881023e+00,1.350682e+00,8.277096e+01,1.596389e+00,1.005042e+00,6.335023e-01,1.115337e-01,8.985796e+01
1.805000e-02,8.750000e-01,2.500000e+01,4.218453e+00,1.269710e+02,1.057947e+02,2.373952e+00,2.022287e+00,1.000053e+00,1.935673e+00,1.207512e+00,2.974574e+00,4.100505e+00,1.427067e+00,8.179661e+01,1.686669e+00,1.061880e+00,6.693284e-01,1.178412e-01,8.928440e+01
1.805000e-02,9.500000e-01,2.500000e+01,4.016458e+00,1.269710e+02,1.001209e+02,2.373952e+00,2.123991e+00,1.050347e+00,2.033021e+00,1.268240e+00,3.124170e+00,4.306726e+00,1.498837e+00,8.088113e+01,1.771495e+00,1.115284e+00,7.029901e-01,1.237676e-01,8.874550e+01
1.805000e-02,1.025000e+00,2.500000e+01,3.843202e+00,1.269710e+02,9.525430e+01,2.373952e+00,2.219743e+00,1.097698e+00,2.124672e+00,1.325414e+00,3.265011e+00,4.500878e+00,1.566406e+00,8.001923e+01,1.851356e+00,1.165562e+00,7.346817e-01,1.293472e-01,8.823813e+01
1.805000e-02,1.100000e+00,2.500000e+01,3.692913e+00,1.269710e+02,9.103286e+01,2.373952e+00,2.310078e+00,1.142371e+00,2.211138e+00,1.379353e+00,3.397886e+00,4.684048e+00,1.630153e+00,7.920609e+01,1.926700e+00,1.212996e+00,7.645806e-01,1.346112e-01,8.775946e+01
1.805000e-02,1.175000e+00,2.500000e+01,3.580398e+00,1.269710e+02,8.787243e+01,2.373952e+00,2.400677e+00,1.186508e+00,2.300876e+00,1.435334e+00,3.535787e+00,4.874148e+00,1.696312e+00,7.836755e+01,2.004894e+00,1.262225e+00,7.956107e-01,1.400743e-01,8.726584e+01
1.805000e-02,1.250000e+00,2.500000e+01,3.444855e+00,1.269710e+02,8.406520e+01,2.373952e+00,2.476423e+00,1.224630e+00,2.370358e+00,1.478678e+00,3.642561e+00,5.021337e+00,1.747537e+00,7.770876e+01,2.065438e+00,1.300342e+00,8.196366e-01,1.443043e-01,8.687805e+01
1.805000e-02,1.325000e+00,2.500000e+01,3.341137e+00,1.269710e+02,8.115188e+01,2.373952e+00,2.553297e+00,1.262646e+00,2.443940e+00,1.524580e+00,3.755635e+00,5.177213e+00,1.801785e+00,7.701678e+01,2.129554e+00,1.340708e+00,8.450802e-01,1.487838e-01,8.647071e+01
1.805000e-02,1.400000e+00,2.500000e+01,3.248021e+00,1.269710e+02,7.853635e+01,2.373952e+00,2.626496e+00,1.298844e+00,2.514004e+00,1.568287e+00,3.863304e+00,5.325636e+00,1.853440e+00,7.635788e+01,2.190605e+00,1.379144e+00,8.693074e-01,1.530492e-01,8.608284e+01
1.805000e-02,1.475000e+00,2.500000e+01,3.163843e+00,1.269710e+02,7.617190e+01,2.373952e+00,2.696377e+00,1.333402e+00,2.580892e+00,1.610013e+00,3.966091e+00,5.467330e+00,1.902753e+00,7.572886e+01,2.248889e+00,1.415838e+00,8.924362e-01,1.571213e-01,8.571256e+01
1.805000e-02,1.550000e+00,2.500000e+01,3.087252e+00,1.269710e+02,7.402052e+01,2.373952e+00,2.763272e+00,1.366482e+00,2.644921e+00,1.649956e+00,4.064486e+00,5.602969e+00,1.949958e+00,7.512672e+01,2.304682e+00,1.450963e+00,9.145767e-01,1.610193e-01,8.535811e+01
1.805000e-02,1.625000e+00,2.500000e+01,3.017133e+00,1.269710e+02,7.205097e+01,2.373952e+00,2.827490e+00,1.398239e+00,2.706389e+00,1.688301e+00,4.158945e+00,5.733182e+00,1.995275e+00,7.454866e+01,2.358243e+00,1.484684e+00,9.358315e-01,1.647614e-01,8.501783e+01
1.805000e-02,1.700000e+00,2.500000e+01,2.952564e+00,1.269710e+02,7.023730e+01,2.373952e+00,2.889324e+00,1.428817e+00,2.765575e+00,1.725222e+00,4.249895e+00,5.858559e+00,2.038909e+00,7.399207e+01,2.409814e+00,1.517152e+00,9.562969e-01,1.683645e-01,8.469019e+01
1.805000e-02,1.775000e+00,2.500000e+01,2.906725e+00,1.269710e+02,6.894973e+01,2.373952e+00,2.953421e+00,1.459760e+00,2.830350e+00,1.765630e+00,4.349437e+00,5.995779e+00,2.086665e+00,7.338901e+01,2.466257e+00,1.552687e+00,9.786953e-01,1.723080e-01,8.433517e+01
1.805000e-02,1.850000e+00,2.500000e+01,2.837101e+00,1.269710e+02,6.699409e+01,2.373952e+00,3.006911e+00,1.486966e+00,2.878126e+00,1.795434e+00,4.422855e+00,6.096987e+00,2.121887e+00,7.293362e+01,2.507887e+00,1.578896e+00,9.952155e-01,1.752165e-01,8.406712e+01
1.805000e-02,1.925000e+00,2.500000e+01,2.784999e+00,1.269710e+02,6.553060e+01,2.373952e+00,3.063165e+00,1.514784e+00,2.931970e+00,1.829023e+00,4.505597e+00,6.211049e+00,2.161584e+00,7.242726e+01,2.554805e+00,1.608434e+00,1.013834e+00,1.784944e-01,8.376905e+01
1.805000e-02,2.000000e+00,2.500000e+01,2.735990e+00,1.269710e+02,6.415400e+01,2.373952e+00,3.118034e+00,1.541918e+00,2.984489e+00,1.861785e+00,4.586305e+00,6.322306e+00,2.200303e+00,7.193336e+01,2.600568e+00,1.637246e+00,1.031994e+00,1.816917e-01,8.347831e+01
1.870000e-02,5.000000e-01,2.500000e+01,6.785661e+00,1.273062e+02,1.778711e+02,2.381116e+00,1.274783e+00,6.341094e-01,1.203354e+00,7.506767e-01,1.849210e+00,2.549169e+00,8.871678e-01,8.865347e+01,1.048555e+00,6.601406e-01,4.161030e-01,7.325860e-02,9.332083e+01
1.870000e-02,5.750000e-01,2.500000e+01,6.151718e+00,1.273062e+02,1.600643e+02,2.381116e+00,1.406151e+00,6.994552e-01,1.327361e+00,8.280349e-01,2.039773e+00,2.811865e+00,9.785916e-01,8.748420e+01,1.156610e+00,7.281690e-01,4.589829e-01,8.080799e-02,9.263253e+01
1.870000e-02,6.500000e-01,2.500000e+01,5.656917e+00,1.273062e+02,1.461659e+02,2.381116e+00,1.529145e+00,7.606353e-01,1.443463e+00,9.004617e-01,2.218188e+00,3.057814e+00,1.064187e+00,8.638946e+01,1.257777e+00,7.918607e-01,4.991294e-01,8.787613e-02,9.198811e+01
1.870000e-02,7.250000e-01,2.500000e+01,5.260142e+00,1.273062e+02,1.350210e+02,2.381116e+00,1.644489e+00,8.180104e-01,1.552344e+00,9.683840e-01,2.385507e+00,3.288466e+00,1.144459e+00,8.536281e+01,1.352652e+00,8.515912e-01,5.367789e-01,9.450466e-02,9.138377e+01
1.870000e-02,8.000000e-01,2.500000e+01,4.964165e+00,1.273062e+02,1.267073e+02,2.381116e+00,1.758435e+00,8.741738e-01,1.662248e+00,1.036944e+00,2.554398e+00,3.521284e+00,1.225485e+00,8.433075e+01,1.448417e+00,9.118827e-01,5.747820e-01,1.011955e-01,9.077623e+01
1.870000e-02,8.750000e-01,2.500000e+01,4.690855e+00,1.273062e+02,1.190303e+02,2.381116e+00,1.860371e+00,9.248575e-01,1.758573e+00,1.097034e+00,2.702422e+00,3.725339e+00,1.296501e+00,8.342268e+01,1.532351e+00,9.647253e-01,6.080900e-01,1.070596e-01,9.024169e+01
1.870000e-02,9.500000e-01,2.500000e+01,4.434015e+00,1.273062e+02,1.118160e+02,2.381116e+00,1.950883e+00,9.704184e-01,1.841570e+00,1.148809e+00,2.829965e+00,3.901158e+00,1.357690e+00,8.263568e+01,1.604672e+00,1.010256e+00,6.367891e-01,1.121123e-01,8.977843e+01
1.870000e-02,1.025000e+00,2.500000e+01,4.250025e+00,1.273062e+02,1.066479e+02,2.381116e+00,2.039160e+00,1.014330e+00,1.924901e+00,1.200793e+00,2.958021e+00,4.077686e+00,1.419126e+00,8.184994e+01,1.677284e+00,1.055970e+00,6.656040e-01,1.171855e-01,8.931590e+01
1.870000e-02,1.100000e+00,2.500000e+01,4.066036e+00,1.273062e+02,1.014799e+02,2.381116e+00,2.127438e+00,1.058242e+00,2.008233e+00,1.252777e+00,3.086078e+00,4.254215e+00,1.480562e+00,8.106420e+01,1.749895e+00,1.101685e+00,6.944189e-01,1.222586e-01,8.885338e+01
1.870000e-02,1.175000e+00,2.500000e+01,3.916307e+00,1.273062e+02,9.727419e+01,2.381116e+00,2.208774e+00,1.098700e+00,2.085011e+00,1.300673e+00,3.204064e+00,4.416862e+00,1.537166e+00,8.034025e+01,1.816797e+00,1.143804e+00,7.209678e-01,1.269327e-01,8.842722e+01
1.870000e-02,1.250000e+00,2.500000e+01,3.783991e+00,1.273062e+02,9.355759e+01,2.381116e+00,2.286009e+00,1.137119e+00,2.157919e+00,1.346154e+00,3.316102e+00,4.571307e+00,1.590917e+00,7.965280e+01,1.880326e+00,1.183800e+00,7.461780e-01,1.313712e-01,8.802255e+01
1.870000e-02,1.325000e+00,2.500000e+01,3.666130e+00,1.273062e+02,9.024700e+01,2.381116e+00,2.359501e+00,1.173676e+00,2.227293e+00,1.389431e+00,3.422710e+00,4.718268e+00,1.642062e+00,7.899867e+01,1.940776e+00,1.221858e+00,7.701666e-01,1.355946e-01,8.763749e+01
1.870000e-02,1.400000e+00,2.500000e+01,3.560378e+00,1.273062e+02,8.727655e+01,2.381116e+00,2.429584e+00,1.208537e+00,2.293449e+00,1.430700e+00,3.524372e+00,4.858412e+00,1.690836e+00,7.837488e+01,1.998421e+00,1.258150e+00,7.930424e-01,1.396221e-01,8.727030e+01
1.870000e-02,1.475000e+00,2.500000e+01,3.464850e+00,1.273062e+02,8.459328e+01,2.381116e+00,2.496569e+00,1.241857e+00,2.356680e+00,1.470145e+00,3.621541e+00,4.992361e+00,1.737453e+00,7.777866e+01,2.053519e+00,1.292838e+00,8.149070e-01,1.434716e-01,8.691933e+01
1.870000e-02,1.550000e+00,2.500000e+01,3.395285e+00,1.273062e+02,8.263926e+01,2.381116e+00,2.565650e+00,1.275550e+00,2.424925e+00,1.512718e+00,3.726413e+00,5.136929e+00,1.787766e+00,7.714066e+01,2.112985e+00,1.330276e+00,8.385050e-01,1.476262e-01,8.654376e+01
1.870000e-02,1.625000e+00,2.500000e+01,3.298607e+00,1.273062e+02,7.992369e+01,2.381116e+00,2.622391e+00,1.304444e+00,2.475452e+00,1.544238e+00,3.804059e+00,5.243966e+00,1.825017e+00,7.665875e+01,2.157012e+00,1.357994e+00,8.559766e-01,1.507022e-01,8.626009e+01
1.870000e-02,1.700000e+00,2.500000e+01,3.225584e+00,1.273062e+02,7.787257e+01,2.381116e+00,2.681758e+00,1.333974e+00,2.531492e+00,1.579197e+00,3.890177e+00,5.362681e+00,1.866333e+00,7.613034e+01,2.205844e+00,1.388737e+00,8.753546e-01,1.541139e-01,8.594904e+01
1.870000e-02,1.775000e+00,2.500000e+01,3.158069e+00,1.273062e+02,7.597615e+01,2.381117e+00,2.739090e+00,1.362493e+00,2.585612e+00,1.612958e+00,3.973344e+00,5.477327e+00,1.906232e+00,7.562004e+01,2.253001e+00,1.418427e+00,8.940684e-01,1.574086e-01,8.564865e+01
1.870000e-02,1.850000e+00,2.500000e+01,3.095322e+00,1.273062e+02,7.421365e+01,2.381117e+00,2.794616e+00,1.390113e+00,2.638027e+00,1.645655e+00,4.053890e+00,5.588362e+00,1.944874e+00,7.512582e+01,2.298673e+00,1.447181e+00,9.121926e-01,1.605996e-01,8.535773e+01
1.870000e-02,1.925000e+00,2.500000e+01,3.036713e+00,1.273062e+02,7.256740e+01,2.381117e+00,2.848552e+00,1.416942e+00,2.688940e+00,1.677416e+00,4.132130e+00,5.696217e+00,1.982411e+00,7.464575e+01,2.343038e+00,1.475111e+00,9.297979e-01,1.636991e-01,8.507513e+01
1.870000e-02,2.000000e+00,2.500000e+01,2.981704e+00,1.273062e+02,7.102228e+01,2.381117e+00,2.901103e+00,1.443082e+00,2.738548e+00,1.708362e+00,4.208362e+00,5.801304e+00,2.018983e+00,7.417800e+01,2.386264e+00,1.502325e+00,9.469514e-01,1.667191e-01,8.479979e+01
1.935000e-02,5.000000e-01,2.500000e+01,7.570682e+00,1.276413e+02,1.998878e+02,2.388281e+00,1.158359e+00,5.794756e-01,1.078576e+00,6.728378e-01,1.657462e+00,2.284841e+00,7.951758e-01,8.980314e+01,9.398285e-01,5.916893e-01,3.729566e-01,6.566230e-02,9.399764e+01
1.935000e-02,5.750000e-01,2.500000e+01,6.852021e+00,1.276413e+02,1.797014e+02,2.388281e+00,1.279851e+00,6.402527e-01,1.191700e+00,7.434071e-01,1.831301e+00,2.524482e+00,8.785762e-01,8.873366e+01,1.038401e+00,6.537474e-01,4.120734e-01,7.254916e-02,9.336810e+01
1.935000e-02,6.500000e-01,2.500000e+01,6.290754e+00,1.276413e+02,1.639361e+02,2.388281e+00,1.394041e+00,6.973766e-01,1.298025e+00,8.097346e-01,1.994692e+00,2.749719e+00,9.569635e-01,8.772846e+01,1.131048e+00,7.120754e-01,4.488390e-01,7.902206e-02,9.277639e+01
1.935000e-02,7.250000e-01,2.500000e+01,5.840461e+00,1.276413e+02,1.512879e+02,2.388281e+00,1.501520e+00,7.511435e-01,1.398101e+00,8.721641e-01,2.148480e+00,2.961719e+00,1.030744e+00,8.678234e+01,1.218250e+00,7.669756e-01,4.834439e-01,8.511456e-02,9.221946e+01
1.935000e-02,8.000000e-01,2.500000e+01,5.471311e+00,1.276413e+02,1.409189e+02,2.388281e+00,1.602827e+00,8.018231e-01,1.492431e+00,9.310089e-01,2.293438e+00,3.161546e+00,1.100288e+00,8.589055e+01,1.300445e+00,8.187234e-01,5.160618e-01,9.085724e-02,9.169451e+01
1.935000e-02,8.750000e-01,2.500000e+01,5.163256e+00,1.276413e+02,1.322660e+02,2.388281e+00,1.698456e+00,8.496621e-01,1.581474e+00,9.865556e-01,2.430271e+00,3.350173e+00,1.165935e+00,8.504874e+01,1.378034e+00,8.675708e-01,5.468515e-01,9.627804e-02,9.119898e+01
1.935000e-02,9.500000e-01,2.500000e+01,4.920860e+00,1.276413e+02,1.254574e+02,2.388281e+00,1.786455e+00,8.936840e-01,1.663411e+00,1.037670e+00,2.556185e+00,3.523748e+00,1.226343e+00,8.427410e+01,1.449431e+00,9.125206e-01,5.751844e-01,1.012663e-01,9.074299e+01
1.935000e-02,1.025000e+00,2.500000e+01,4.678464e+00,1.276413e+02,1.186487e+02,2.388281e+00,1.874453e+00,9.377058e-01,1.745349e+00,1.088784e+00,2.682100e+00,3.697324e+00,1.286751e+00,8.349946e+01,1.520828e+00,9.574703e-01,6.035173e-01,1.062546e-01,9.028700e+01
1.935000e-02,1.100000e+00,2.500000e+01,4.484282e+00,1.276413e+02,1.131944e+02,2.388281e+00,1.955622e+00,9.783110e-01,1.820927e+00,1.135932e+00,2.798242e+00,3.857428e+00,1.342471e+00,8.278494e+01,1.586684e+00,9.989315e-01,6.296513e-01,1.108557e-01,8.986640e+01
1.935000e-02,1.175000e+00,2.500000e+01,4.314195e+00,1.276413e+02,1.084168e+02,2.388281e+00,2.032723e+00,1.016881e+00,1.892717e+00,1.180716e+00,2.908563e+00,4.009507e+00,1.395398e+00,8.210624e+01,1.649239e+00,1.038314e+00,6.544752e-01,1.152261e-01,8.946689e+01
1.935000e-02,1.250000e+00,2.500000e+01,4.163917e+00,1.276413e+02,1.041957e+02,2.388281e+00,2.106085e+00,1.053581e+00,1.961026e+00,1.223328e+00,3.013534e+00,4.154212e+00,1.445759e+00,8.146045e+01,1.708761e+00,1.075788e+00,6.780956e-01,1.193847e-01,8.908674e+01
1.935000e-02,1.325000e+00,2.500000e+01,4.030097e+00,1.276413e+02,1.004369e+02,2.388281e+00,2.176017e+00,1.088565e+00,2.026142e+00,1.263949e+00,3.113599e+00,4.292153e+00,1.493765e+00,8.084484e+01,1.765501e+00,1.111509e+00,7.006117e-01,1.233489e-01,8.872437e+01
1.935000e-02,1.400000e+00,2.500000e+01,3.910081e+00,1.276413e+02,9.706574e+01,2.388281e+00,2.242808e+00,1.121977e+00,2.088333e+00,1.302745e+00,3.209167e+00,4.423896e+00,1.539614e+00,8.025689e+01,1.819691e+00,1.145626e+00,7.221162e-01,1.271349e-01,8.837827e+01
1.935000e-02,1.475000e+00,2.500000e+01,3.801733e+00,1.276413e+02,9.402237e+01,2.388281e+00,2.306727e+00,1.153953e+00,2.147849e+00,1.339872e+00,3.300627e+00,4.549975e+00,1.583493e+00,7.969422e+01,1.871551e+00,1.178276e+00,7.426962e-01,1.307582e-01,8.804706e+01
1.935000e-02,1.550000e+00,2.500000e+01,3.703318e+00,1.276413e+02,9.125800e+01,2.388281e+00,2.368028e+00,1.184619e+00,2.204928e+00,1.375479e+00,3.388341e+00,4.670890e+00,1.625574e+00,7.915460e+01,1.921288e+00,1.209588e+00,7.624333e-01,1.342331e-01,8.772941e+01
1.935000e-02,1.625000e+00,2.500000e+01,3.613408e+00,1.276413e+02,8.873254e+01,2.388281e+00,2.426949e+00,1.214095e+00,2.259791e+00,1.409704e+00,3.472650e+00,4.787112e+00,1.666022e+00,7.863592e+01,1.969093e+00,1.239686e+00,7.814043e-01,1.375731e-01,8.742409e+01
1.935000e-02,1.700000e+00,2.500000e+01,3.530819e+00,1.276413e+02,8.641272e+01,2.388281e+00,2.483718e+00,1.242494e+00,2.312650e+00,1.442678e+00,3.553878e+00,4.899086e+00,1.704991e+00,7.813620e+01,2.015152e+00,1.268683e+00,7.996819e-01,1.407911e-01,8.712993e+01
1.935000e-02,1.775000e+00,2.500000e+01,3.454559e+00,1.276413e+02,8.427067e+01,2.388281e+00,2.538546e+00,1.269922e+00,2.363701e+00,1.474525e+00,3.632330e+00,5.007234e+00,1.742629e+00,7.765355e+01,2.059637e+00,1.296689e+00,8.173349e-01,1.438990e-01,8.684582e+01
1.935000e-02,1.850000e+00,2.500000e+01,3.383791e+00,1.276413e+02,8.228288e+01,2.388281e+00,2.591636e+00,1.296480e+00,2.413135e+00,1.505363e+00,3.708296e+00,5.111954e+00,1.779074e+00,7.718621e+01,2.102711e+00,1.323808e+00,8.344284e-01,1.469085e-01,8.657072e+01
1.935000e-02,1.925000e+00,2.500000e+01,3.317803e+00,1.276413e+02,8.042935e+01,2.388281e+00,2.643182e+00,1.322266e+00,2.461130e+00,1.535303e+00,3.782050e+00,5.213626e+00,1.814458e+00,7.673246e+01,2.144532e+00,1.350137e+00,8.510244e-01,1.498304e-01,8.630362e+01
1.935000e-02,2.000000e+00,2.500000e+01,3.255985e+00,1.276413e+02,7.869296e+01,2.388281e+00,2.693365e+00,1.347371e+00,2.507857e+00,1.564452e+00,3.853856e+00,5.312611e+00,1.848907e+00,7.629071e+01,2.185248e+00,1.375771e+00,8.671818e-01,1.526750e-01,8.604359e+01
2.000000e-02,5.000000e-01,2.500000e+01,8.451604e+00,1.279764e+02,2.245982e+02,2.395445e+00,1.051740e+00,5.290355e-01,9.661553e-01,6.027074e-01,1.484703e+00,2.046690e+00,7.122938e-01,9.084189e+01,8.418693e-01,5.300167e-01,3.340831e-01,5.881827e-02,9.460916e+01
2.000000e-02,5.750000e-01,2.500000e+01,7.637841e+00,1.279764e+02,2.017406e+02,2.395445e+00,1.163796e+00,5.854009e-01,1.069093e+00,6.669220e-01,1.642888e+00,2.264752e+00,7.881841e-01,8.986615e+01,9.315650e-01,5.864866e-01,3.696775e-01,6.508498e-02,9.403480e+01
2.000000e-02,6.500000e-01,2.500000e+01,7.064660e+00,1.279764e+02,1.856406e+02,2.395445e+00,1.266556e+00,6.370903e-01,1.163491e+00,7.258095e-01,1.787951e+00,2.464723e+00,8.577788e-01,8.897136e+01,1.013820e+00,6.382719e-01,4.023190e-01,7.083182e-02,9.350808e+01
2.000000e-02,7.250000e-01,2.500000e+01,6.491478e+00,1.279764e+02,1.695406e+02,2.395445e+00,1.369317e+00,6.887797e-01,1.257889e+00,7.846970e-01,1.933014e+00,2.664695e+00,9.273734e-01,8.807656e+01,1.096075e+00,6.900573e-01,4.349606e-01,7.657865e-02,9.298137e+01
2.000000e-02,8.000000e-01,2.500000e+01,6.072860e+00,1.279764e+02,1.577821e+02,2.395445e+00,1.463707e+00,7.362590e-01,1.344599e+00,8.387882e-01,2.066262e+00,2.848380e+00,9.912997e-01,8.725465e+01,1.171630e+00,7.376247e-01,4.649436e-01,8.185742e-02,9.249756e+01
2.000000e-02,8.750000e-01,2.500000e+01,5.723416e+00,1.279764e+02,1.479666e+02,2.395445e+00,1.553074e+00,7.812113e-01,1.426693e+00,8.900004e-01,2.192417e+00,3.022287e+00,1.051823e+00,8.647648e+01,1.243164e+00,7.826604e-01,4.933307e-01,8.685522e-02,9.203950e+01
2.000000e-02,9.500000e-01,2.500000e+01,5.427356e+00,1.279764e+02,1.396506e+02,2.395445e+00,1.637793e+00,8.238260e-01,1.504519e+00,9.385495e-01,2.312013e+00,3.187151e+00,1.109200e+00,8.573878e+01,1.310978e+00,8.253542e-01,5.202416e-01,9.159312e-02,9.160526e+01
2.000000e-02,1.025000e+00,2.500000e+01,5.173328e+00,1.279764e+02,1.325153e+02,2.395445e+00,1.718214e+00,8.642786e-01,1.578395e+00,9.846354e-01,2.425540e+00,3.343651e+00,1.163665e+00,8.503851e+01,1.375351e+00,8.658819e-01,5.457872e-01,9.609065e-02,9.119305e+01
2.000000e-02,1.100000e+00,2.500000e+01,4.978693e+00,1.279764e+02,1.270482e+02,2.395445e+00,1.791083e+00,9.009321e-01,1.645334e+00,1.026393e+00,2.528406e+00,3.485454e+00,1.213016e+00,8.440400e+01,1.433679e+00,9.026035e-01,5.689337e-01,1.001658e-01,9.081955e+01
2.000000e-02,1.175000e+00,2.500000e+01,4.784058e+00,1.279764e+02,1.215812e+02,2.395445e+00,1.863951e+00,9.375857e-01,1.712273e+00,1.068151e+00,2.631272e+00,3.627256e+00,1.262366e+00,8.376949e+01,1.492007e+00,9.393252e-01,5.920802e-01,1.042409e-01,9.044605e+01
2.000000e-02,1.250000e+00,2.500000e+01,4.589423e+00,1.279764e+02,1.161141e+02,2.395445e+00,1.936820e+00,9.742393e-01,1.779212e+00,1.109909e+00,2.734137e+00,3.769058e+00,1.311716e+00,8.313498e+01,1.550335e+00,9.760468e-01,6.152268e-01,1.083161e-01,9.007255e+01
2.000000e-02,1.325000e+00,2.500000e+01,4.437614e+00,1.279764e+02,1.118500e+02,2.395445e+00,2.003077e+00,1.007567e+00,1.840078e+00,1.147878e+00,2.827671e+00,3.897996e+00,1.356589e+00,8.255804e+01,1.603371e+00,1.009437e+00,6.362733e-01,1.120215e-01,8.973294e+01
2.000000e-02,1.400000e+00,2.500000e+01,4.301511e+00,1.279764e+02,1.080270e+02,2.395445e+00,2.066456e+00,1.039447e+00,1.898299e+00,1.184198e+00,2.917140e+00,4.021331e+00,1.399513e+00,8.200617e+01,1.654103e+00,1.041376e+00,6.564054e-01,1.155660e-01,8.940808e+01
2.000000e-02,1.475000e+00,2.500000e+01,4.178699e+00,1.279764e+02,1.045773e+02,2.395446e+00,2.127189e+00,1.069997e+00,1.954090e+00,1.219001e+00,3.002875e+00,4.139517e+00,1.440644e+00,8.147733e+01,1.702717e+00,1.071982e+00,6.756971e-01,1.189624e-01,8.909679e+01
2.000000e-02,1.550000e+00,2.500000e+01,4.067214e+00,1.279764e+02,1.014459e+02,2.395446e+00,2.185496e+00,1.099326e+00,2.007653e+00,1.252415e+00,3.085185e+00,4.252984e+00,1.480133e+00,8.096961e+01,1.749389e+00,1.101366e+00,6.942183e-01,1.222233e-01,8.879792e+01
2.000000e-02,1.625000e+00,2.500000e+01,3.965442e+00,1.279764e+02,9.858721e+01,2.395446e+00,2.241586e+00,1.127540e+00,2.059178e+00,1.284558e+00,3.164365e+00,4.362135e+00,1.518120e+00,8.048120e+01,1.794287e+00,1.129632e+00,7.120352e-01,1.253601e-01,8.851043e+01
2.000000e-02,1.700000e+00,2.500000e+01,3.875669e+00,1.279764e+02,9.606560e+01,2.395446e+00,2.294740e+00,1.154276e+00,2.108006e+00,1.315018e+00,3.239400e+00,4.465572e+00,1.554119e+00,8.001837e+01,1.836834e+00,1.156418e+00,7.289192e-01,1.283327e-01,8.823798e+01
2.000000e-02,1.775000e+00,2.500000e+01,3.785896e+00,1.279764e+02,9.354399e+01,2.395446e+00,2.347893e+00,1.181013e+00,2.156834e+00,1.345477e+00,3.314434e+00,4.569008e+00,1.590117e+00,7.955553e+01,1.879381e+00,1.183205e+00,7.458033e-01,1.313052e-01,8.796554e+01
2.000000e-02,1.850000e+00,2.500000e+01,3.706054e+00,1.279764e+02,9.130132e+01,2.395446e+00,2.398475e+00,1.206456e+00,2.203301e+00,1.374464e+00,3.385839e+00,4.667441e+00,1.624374e+00,7.911508e+01,1.919869e+00,1.208695e+00,7.618706e-01,1.341340e-01,8.770627e+01
2.000000e-02,1.925000e+00,2.500000e+01,3.631712e+00,1.279764e+02,8.921313e+01,2.395446e+00,2.447572e+00,1.231153e+00,2.248403e+00,1.402600e+00,3.455149e+00,4.762985e+00,1.657625e+00,7.868756e+01,1.959170e+00,1.233438e+00,7.774663e-01,1.368798e-01,8.745462e+01
2.000000e-02,2.000000e+00,2.500000e+01,3.562180e+00,1.279764e+02,8.726007e+01,2.395446e+00,2.495348e+00,1.255184e+00,2.292290e+00,1.429977e+00,3.522591e+00,4.855956e+00,1.689981e+00,7.827155e+01,1.997411e+00,1.257514e+00,7.926419e-01,1.395516e-01,8.720974e+01
