# toc conc,effluent_toc_limit,flowrate_MGD,LCOW,Total CAPEX (MGD),Total OPEX (MGD/year),SEC,Ozone_CAPEX_frac,Ozone_OPEX_frac,BAF_CAPEX_frac,BAF_OPEX_frac,UF_CAPEX_frac,UF_OPEX_frac,GAC_CAPEX_frac,GAC_OPEX_frac,UV_AOP_CAPEX_frac,UV_AOP_OPEX_frac,Cl_CAPEX_frac,Cl_OPEX_frac,Total_Opex_frac
7.000000e-03,5.000000e-01,5.000000e+00,1.930427e+00,5.554334e+01,5.290505e+00,2.252155e+00,9.783540e+00,2.556396e+00,6.280434e+00,2.994217e+00,9.386807e+00,9.461050e+00,5.169030e+00,2.851550e+01,1.159417e+01,3.691664e+00,9.002403e+00,1.564795e+00,4.878362e+01
7.000000e-03,5.750000e-01,5.000000e+00,1.884339e+00,5.554334e+01,5.031588e+00,2.252155e+00,1.002283e+01,2.618922e+00,6.434045e+00,3.067451e+00,9.616395e+00,9.692454e+00,5.295457e+00,2.676708e+01,1.187775e+01,3.781957e+00,9.222589e+00,1.603068e+00,4.753094e+01
7.000000e-03,6.500000e-01,5.000000e+00,1.848193e+00,5.554334e+01,4.828525e+00,2.252155e+00,1.021885e+01,2.670142e+00,6.559879e+00,3.127443e+00,9.804468e+00,9.882015e+00,5.399023e+00,2.533483e+01,1.211005e+01,3.855923e+00,9.402960e+00,1.634420e+00,4.650477e+01
7.000000e-03,7.250000e-01,5.000000e+00,1.818702e+00,5.554334e+01,4.662852e+00,2.252155e+00,1.038455e+01,2.713438e+00,6.666248e+00,3.178155e+00,9.963448e+00,1.004225e+01,5.486569e+00,2.412413e+01,1.230641e+01,3.918447e+00,9.555430e+00,1.660922e+00,4.563734e+01
7.000000e-03,8.000000e-01,5.000000e+00,1.793772e+00,5.554334e+01,4.522800e+00,2.252155e+00,1.052888e+01,2.751150e+00,6.758896e+00,3.222325e+00,1.010192e+01,1.018182e+01,5.562821e+00,2.306960e+01,1.247745e+01,3.972906e+00,9.688231e+00,1.684006e+00,4.488181e+01
7.000000e-03,8.750000e-01,5.000000e+00,1.772004e+00,5.554335e+01,4.400513e+00,2.252155e+00,1.065822e+01,2.784945e+00,6.841923e+00,3.261909e+00,1.022601e+01,1.030690e+01,5.631156e+00,2.212457e+01,1.263072e+01,4.021710e+00,9.807243e+00,1.704692e+00,4.420472e+01
7.000000e-03,9.500000e-01,5.000000e+00,1.752437e+00,5.554335e+01,4.290586e+00,2.252155e+00,1.077723e+01,2.816042e+00,6.918319e+00,3.298331e+00,1.034020e+01,1.042198e+01,5.694033e+00,2.125502e+01,1.277176e+01,4.066616e+00,9.916749e+00,1.723727e+00,4.358172e+01
7.000000e-03,1.025000e+00,5.000000e+00,1.734397e+00,5.554335e+01,4.189240e+00,2.252155e+00,1.088932e+01,2.845332e+00,6.990279e+00,3.332638e+00,1.044775e+01,1.053038e+01,5.753258e+00,2.043598e+01,1.290460e+01,4.108914e+00,1.001990e+01,1.741656e+00,4.299490e+01
7.000000e-03,1.100000e+00,5.000000e+00,1.717415e+00,5.554335e+01,4.093839e+00,2.252155e+00,1.099700e+01,2.873466e+00,7.059398e+00,3.365591e+00,1.055106e+01,1.063451e+01,5.810146e+00,1.964925e+01,1.303220e+01,4.149543e+00,1.011897e+01,1.758877e+00,4.243124e+01
7.000000e-03,1.175000e+00,5.000000e+00,1.701171e+00,5.554335e+01,4.002587e+00,2.252155e+00,1.110200e+01,2.900903e+00,7.126804e+00,3.397726e+00,1.065180e+01,1.073605e+01,5.865623e+00,1.888204e+01,1.315663e+01,4.189165e+00,1.021559e+01,1.775671e+00,4.188155e+01
7.000000e-03,1.250000e+00,5.000000e+00,1.685459e+00,5.554335e+01,3.914321e+00,2.252155e+00,1.120549e+01,2.927945e+00,7.193239e+00,3.429400e+00,1.075110e+01,1.083613e+01,5.920302e+00,1.812586e+01,1.327928e+01,4.228216e+00,1.031082e+01,1.792224e+00,4.133977e+01
7.000000e-03,1.325000e+00,5.000000e+00,1.670159e+00,5.554335e+01,3.828368e+00,2.252155e+00,1.130814e+01,2.954767e+00,7.259135e+00,3.460816e+00,1.084958e+01,1.093540e+01,5.974536e+00,1.737583e+01,1.340093e+01,4.266950e+00,1.040528e+01,1.808642e+00,4.080240e+01
7.000000e-03,1.400000e+00,5.000000e+00,1.655217e+00,5.554335e+01,3.744427e+00,2.252155e+00,1.141022e+01,2.981440e+00,7.324664e+00,3.492057e+00,1.094752e+01,1.103411e+01,6.028469e+00,1.662997e+01,1.352190e+01,4.305468e+00,1.049920e+01,1.824969e+00,4.026802e+01
7.000000e-03,1.475000e+00,5.000000e+00,1.640629e+00,5.554335e+01,3.662470e+00,2.252155e+00,1.151168e+01,3.007952e+00,7.389795e+00,3.523108e+00,1.104487e+01,1.113223e+01,6.082075e+00,1.588864e+01,1.364214e+01,4.343753e+00,1.059256e+01,1.841197e+00,3.973688e+01
7.000000e-03,1.550000e+00,5.000000e+00,1.626421e+00,5.554335e+01,3.582656e+00,2.252155e+00,1.161224e+01,3.034227e+00,7.454347e+00,3.553884e+00,1.114135e+01,1.122947e+01,6.135203e+00,1.515390e+01,1.376131e+01,4.381697e+00,1.068509e+01,1.857280e+00,3.921046e+01
7.000000e-03,1.625000e+00,5.000000e+00,1.612644e+00,5.554335e+01,3.505257e+00,2.252155e+00,1.171145e+01,3.060149e+00,7.518032e+00,3.584246e+00,1.123653e+01,1.132541e+01,6.187618e+00,1.442903e+01,1.387887e+01,4.419132e+00,1.077638e+01,1.873147e+00,3.869112e+01
7.000000e-03,1.700000e+00,5.000000e+00,1.599354e+00,5.554335e+01,3.430595e+00,2.252155e+00,1.180877e+01,3.085578e+00,7.580505e+00,3.614030e+00,1.132991e+01,1.141952e+01,6.239036e+00,1.371796e+01,1.399420e+01,4.455854e+00,1.086593e+01,1.888713e+00,3.818165e+01
7.000000e-03,1.775000e+00,5.000000e+00,1.586608e+00,5.554335e+01,3.358992e+00,2.252155e+00,1.190363e+01,3.110365e+00,7.641401e+00,3.643062e+00,1.142092e+01,1.151125e+01,6.289155e+00,1.302484e+01,1.410662e+01,4.491649e+00,1.095322e+01,1.903885e+00,3.768506e+01
7.000000e-03,1.850000e+00,5.000000e+00,1.574458e+00,5.554335e+01,3.290737e+00,2.252155e+00,1.199548e+01,3.134367e+00,7.700367e+00,3.671175e+00,1.150905e+01,1.160008e+01,6.337687e+00,1.235368e+01,1.421548e+01,4.526309e+00,1.103774e+01,1.918577e+00,3.720419e+01
7.000000e-03,1.925000e+00,5.000000e+00,1.562945e+00,5.554335e+01,3.226059e+00,2.252155e+00,1.208385e+01,3.157456e+00,7.757090e+00,3.698217e+00,1.159383e+01,1.168553e+01,6.384371e+00,1.170806e+01,1.432019e+01,4.559651e+00,1.111905e+01,1.932709e+00,3.674162e+01
7.000000e-03,2.000000e+00,5.000000e+00,1.552097e+00,5.554335e+01,3.165115e+00,2.252155e+00,1.216831e+01,3.179525e+00,7.811308e+00,3.724066e+00,1.167487e+01,1.176721e+01,6.428995e+00,1.109094e+01,1.442029e+01,4.591521e+00,1.119676e+01,1.946218e+00,3.629948e+01
7.650000e-03,5.000000e-01,5.000000e+00,2.019351e+00,5.561037e+01,5.783354e+00,2.259319e+00,9.411807e+00,2.485506e+00,6.003875e+00,2.862366e+00,8.973456e+00,9.044429e+00,4.941410e+00,3.156256e+01,1.108362e+01,3.529100e+00,8.605981e+00,1.495889e+00,5.097985e+01
7.650000e-03,5.750000e-01,5.000000e+00,1.964420e+00,5.561037e+01,5.474761e+00,2.259319e+00,9.674988e+00,2.555008e+00,6.171760e+00,2.942406e+00,9.224380e+00,9.297337e+00,5.079586e+00,2.964886e+01,1.139355e+01,3.627783e+00,8.846629e+00,1.537719e+00,4.960911e+01
7.650000e-03,6.500000e-01,5.000000e+00,1.921575e+00,5.561037e+01,5.234064e+00,2.259319e+00,9.890710e+00,2.611977e+00,6.309371e+00,3.008013e+00,9.430055e+00,9.504639e+00,5.192845e+00,2.808025e+01,1.164759e+01,3.708672e+00,9.043881e+00,1.572005e+00,4.848555e+01
7.650000e-03,7.250000e-01,5.000000e+00,1.886921e+00,5.561037e+01,5.039387e+00,2.259319e+00,1.007235e+01,2.659946e+00,6.425243e+00,3.063255e+00,9.603238e+00,9.679192e+00,5.288212e+00,2.675944e+01,1.186150e+01,3.776782e+00,9.209972e+00,1.600875e+00,4.753949e+01
7.650000e-03,8.000000e-01,5.000000e+00,1.857977e+00,5.561037e+01,4.876787e+00,2.259319e+00,1.022926e+01,2.701383e+00,6.525335e+00,3.110974e+00,9.752837e+00,9.829974e+00,5.370592e+00,2.561850e+01,1.204627e+01,3.835617e+00,9.353445e+00,1.625813e+00,4.672226e+01
7.650000e-03,8.750000e-01,5.000000e+00,1.833083e+00,5.561037e+01,4.736937e+00,2.259319e+00,1.036818e+01,2.738069e+00,6.613952e+00,3.153223e+00,9.885284e+00,9.963469e+00,5.443526e+00,2.460837e+01,1.220987e+01,3.887706e+00,9.480468e+00,1.647892e+00,4.599872e+01
7.650000e-03,9.500000e-01,5.000000e+00,1.811088e+00,5.561037e+01,4.613369e+00,2.259319e+00,1.049410e+01,2.771322e+00,6.694278e+00,3.191518e+00,1.000534e+01,1.008448e+01,5.509638e+00,2.369274e+01,1.235816e+01,3.934922e+00,9.595608e+00,1.667906e+00,4.534288e+01
7.650000e-03,1.025000e+00,5.000000e+00,1.791172e+00,5.561037e+01,4.501485e+00,2.259319e+00,1.061078e+01,2.802136e+00,6.768711e+00,3.227004e+00,1.011659e+01,1.019660e+01,5.570899e+00,2.284429e+01,1.249556e+01,3.978674e+00,9.702300e+00,1.686451e+00,4.473516e+01
7.650000e-03,1.100000e+00,5.000000e+00,1.772746e+00,5.561037e+01,4.397972e+00,2.259319e+00,1.072107e+01,2.831261e+00,6.839064e+00,3.260546e+00,1.022174e+01,1.030259e+01,5.628802e+00,2.204234e+01,1.262544e+01,4.020029e+00,9.803145e+00,1.703980e+00,4.416074e+01
7.650000e-03,1.175000e+00,5.000000e+00,1.755385e+00,5.561037e+01,4.300441e+00,2.259320e+00,1.082710e+01,2.859263e+00,6.906703e+00,3.292793e+00,1.032283e+01,1.040448e+01,5.684471e+00,2.127133e+01,1.275031e+01,4.059787e+00,9.900099e+00,1.720832e+00,4.360848e+01
7.650000e-03,1.250000e+00,5.000000e+00,1.738787e+00,5.561037e+01,4.207198e+00,2.259320e+00,1.093045e+01,2.886556e+00,6.972631e+00,3.324224e+00,1.042137e+01,1.050380e+01,5.738732e+00,2.051982e+01,1.287202e+01,4.098540e+00,9.994601e+00,1.737259e+00,4.307020e+01
7.650000e-03,1.325000e+00,5.000000e+00,1.722746e+00,5.561037e+01,4.117083e+00,2.259320e+00,1.103223e+01,2.913433e+00,7.037555e+00,3.355177e+00,1.051841e+01,1.060160e+01,5.792167e+00,1.977976e+01,1.299187e+01,4.136703e+00,1.008766e+01,1.753435e+00,4.254011e+01
7.650000e-03,1.400000e+00,5.000000e+00,1.707130e+00,5.561037e+01,4.029355e+00,2.259320e+00,1.113314e+01,2.940084e+00,7.101931e+00,3.385868e+00,1.061462e+01,1.069858e+01,5.845151e+00,1.904595e+01,1.311072e+01,4.174543e+00,1.017994e+01,1.769474e+00,4.201449e+01
7.650000e-03,1.475000e+00,5.000000e+00,1.691866e+00,5.561037e+01,3.943602e+00,2.259320e+00,1.123359e+01,2.966610e+00,7.166006e+00,3.416416e+00,1.071039e+01,1.079510e+01,5.897887e+00,1.831557e+01,1.322900e+01,4.212207e+00,1.027178e+01,1.785439e+00,4.149134e+01
7.650000e-03,1.550000e+00,5.000000e+00,1.676925e+00,5.561037e+01,3.859668e+00,2.259320e+00,1.133367e+01,2.993041e+00,7.229851e+00,3.446855e+00,1.080581e+01,1.089128e+01,5.950434e+00,1.758780e+01,1.334687e+01,4.249736e+00,1.036330e+01,1.801346e+00,4.097006e+01
7.650000e-03,1.625000e+00,5.000000e+00,1.662313e+00,5.561037e+01,3.777582e+00,2.259320e+00,1.143330e+01,3.019350e+00,7.293402e+00,3.477152e+00,1.090080e+01,1.098701e+01,6.002738e+00,1.686340e+01,1.346419e+01,4.287091e+00,1.045439e+01,1.817180e+00,4.045118e+01
7.650000e-03,1.700000e+00,5.000000e+00,1.648058e+00,5.561037e+01,3.697503e+00,2.259320e+00,1.153219e+01,3.045465e+00,7.356484e+00,3.507227e+00,1.099508e+01,1.108204e+01,6.054657e+00,1.614433e+01,1.358064e+01,4.324171e+00,1.054482e+01,1.832897e+00,3.993613e+01
7.650000e-03,1.775000e+00,5.000000e+00,1.634203e+00,5.561037e+01,3.619669e+00,2.259320e+00,1.162996e+01,3.071284e+00,7.418852e+00,3.536962e+00,1.108830e+01,1.117600e+01,6.105989e+00,1.543340e+01,1.369578e+01,4.360832e+00,1.063422e+01,1.848436e+00,3.942691e+01
7.650000e-03,1.850000e+00,5.000000e+00,1.620797e+00,5.561037e+01,3.544352e+00,2.259320e+00,1.172616e+01,3.096689e+00,7.480219e+00,3.566218e+00,1.118002e+01,1.126844e+01,6.156496e+00,1.473389e+01,1.380907e+01,4.396904e+00,1.072218e+01,1.863726e+00,3.892587e+01
7.650000e-03,1.925000e+00,5.000000e+00,1.607887e+00,5.561037e+01,3.471826e+00,2.259320e+00,1.182031e+01,3.121552e+00,7.540278e+00,3.594851e+00,1.126978e+01,1.135892e+01,6.205927e+00,1.404928e+01,1.391994e+01,4.432207e+00,1.080827e+01,1.878690e+00,3.843550e+01
7.650000e-03,2.000000e+00,5.000000e+00,1.595518e+00,5.561037e+01,3.402341e+00,2.259320e+00,1.191194e+01,3.145751e+00,7.598731e+00,3.622719e+00,1.135715e+01,1.144697e+01,6.254036e+00,1.338298e+01,1.402785e+01,4.466566e+00,1.089205e+01,1.893254e+00,3.795824e+01
8.300000e-03,5.000000e-01,5.000000e+00,2.120312e+00,5.567740e+01,6.343825e+00,2.266484e+00,9.019932e+00,2.406855e+00,5.717998e+00,2.726074e+00,8.546180e+00,8.613773e+00,4.706122e+00,3.472528e+01,1.055586e+01,3.361059e+00,8.196205e+00,1.424662e+00,5.325770e+01
8.300000e-03,5.750000e-01,5.000000e+00,2.055153e+00,5.567740e+01,5.977778e+00,2.266484e+00,9.305907e+00,2.483164e+00,5.899285e+00,2.812503e+00,8.817134e+00,8.886871e+00,4.855329e+00,3.265576e+01,1.089054e+01,3.467620e+00,8.456063e+00,1.469831e+00,5.177575e+01
8.300000e-03,6.500000e-01,5.000000e+00,2.004490e+00,5.567740e+01,5.693158e+00,2.266484e+00,9.541114e+00,2.545926e+00,6.048390e+00,2.883589e+00,9.039988e+00,9.111487e+00,4.978048e+00,3.095363e+01,1.116579e+01,3.555265e+00,8.669791e+00,1.506981e+00,5.055688e+01
8.300000e-03,7.250000e-01,5.000000e+00,1.963733e+00,5.567740e+01,5.464193e+00,2.266484e+00,9.739138e+00,2.598766e+00,6.173923e+00,2.943438e+00,9.227611e+00,9.300594e+00,5.081366e+00,2.952059e+01,1.139754e+01,3.629054e+00,8.849730e+00,1.538258e+00,4.953069e+01
8.300000e-03,8.000000e-01,5.000000e+00,1.929960e+00,5.567740e+01,5.274464e+00,2.266484e+00,9.909564e+00,2.644242e+00,6.281961e+00,2.994945e+00,9.389086e+00,9.463346e+00,5.170285e+00,2.828726e+01,1.159699e+01,3.692559e+00,9.004593e+00,1.565176e+00,4.864753e+01
8.300000e-03,8.750000e-01,5.000000e+00,1.901216e+00,5.567740e+01,5.112988e+00,2.266484e+00,1.005938e+01,2.684219e+00,6.376935e+00,3.040224e+00,9.531034e+00,9.606417e+00,5.248452e+00,2.720307e+01,1.177231e+01,3.748385e+00,9.140728e+00,1.588839e+00,4.787116e+01
8.300000e-03,9.500000e-01,5.000000e+00,1.876143e+00,5.567740e+01,4.972132e+00,2.266484e+00,1.019382e+01,2.720091e+00,6.462157e+00,3.080854e+00,9.658408e+00,9.734798e+00,5.318592e+00,2.623021e+01,1.192964e+01,3.798479e+00,9.262885e+00,1.610072e+00,4.717450e+01
8.300000e-03,1.025000e+00,5.000000e+00,1.853768e+00,5.567740e+01,4.846431e+00,2.266484e+00,1.031686e+01,2.752923e+00,6.540156e+00,3.118040e+00,9.774986e+00,9.852298e+00,5.382789e+00,2.533979e+01,1.207363e+01,3.844327e+00,9.374690e+00,1.629506e+00,4.653689e+01
8.300000e-03,1.100000e+00,5.000000e+00,1.833379e+00,5.567740e+01,4.731893e+00,2.266484e+00,1.043159e+01,2.783537e+00,6.612887e+00,3.152715e+00,9.883690e+00,9.961862e+00,5.442649e+00,2.450953e+01,1.220790e+01,3.887079e+00,9.478942e+00,1.647627e+00,4.594235e+01
8.300000e-03,1.175000e+00,5.000000e+00,1.814452e+00,5.567740e+01,4.625565e+00,2.266484e+00,1.054040e+01,2.812573e+00,6.681867e+00,3.185601e+00,9.986789e+00,1.006578e+01,5.499422e+00,2.372207e+01,1.233524e+01,3.927626e+00,9.577818e+00,1.664814e+00,4.537846e+01
8.300000e-03,1.250000e+00,5.000000e+00,1.796598e+00,5.567740e+01,4.525263e+00,2.266484e+00,1.064515e+01,2.840524e+00,6.748270e+00,3.217259e+00,1.008604e+01,1.016581e+01,5.554074e+00,2.296404e+01,1.245783e+01,3.966658e+00,9.673001e+00,1.681358e+00,4.483564e+01
8.300000e-03,1.325000e+00,5.000000e+00,1.779531e+00,5.567740e+01,4.429385e+00,2.266484e+00,1.074724e+01,2.867766e+00,6.812989e+00,3.248114e+00,1.018277e+01,1.026330e+01,5.607340e+00,2.222523e+01,1.257730e+01,4.004700e+00,9.765769e+00,1.697483e+00,4.430659e+01
8.300000e-03,1.400000e+00,5.000000e+00,1.763049e+00,5.567740e+01,4.336790e+00,2.266484e+00,1.084771e+01,2.894576e+00,6.876682e+00,3.278480e+00,1.027796e+01,1.035925e+01,5.659762e+00,2.149812e+01,1.269489e+01,4.042140e+00,9.857067e+00,1.713353e+00,4.378592e+01
8.300000e-03,1.475000e+00,5.000000e+00,1.747012e+00,5.567740e+01,4.246698e+00,2.266484e+00,1.094729e+01,2.921147e+00,6.939807e+00,3.308575e+00,1.037231e+01,1.045435e+01,5.711716e+00,2.077751e+01,1.281142e+01,4.079245e+00,9.947551e+00,1.729080e+00,4.326991e+01
8.300000e-03,1.550000e+00,5.000000e+00,1.731334e+00,5.567740e+01,4.158623e+00,2.266484e+00,1.104642e+01,2.947598e+00,7.002649e+00,3.338535e+00,1.046623e+01,1.054901e+01,5.763437e+00,2.006013e+01,1.292743e+01,4.116184e+00,1.003763e+01,1.744738e+00,4.275620e+01
8.300000e-03,1.625000e+00,5.000000e+00,1.715970e+00,5.567740e+01,4.072311e+00,2.266484e+00,1.114533e+01,2.973989e+00,7.065346e+00,3.368426e+00,1.055994e+01,1.064346e+01,5.815040e+00,1.934440e+01,1.304318e+01,4.153038e+00,1.012750e+01,1.760359e+00,4.224367e+01
8.300000e-03,1.700000e+00,5.000000e+00,1.700907e+00,5.567740e+01,3.987690e+00,2.266484e+00,1.124403e+01,3.000327e+00,7.127916e+00,3.398257e+00,1.065346e+01,1.073772e+01,5.866537e+00,1.863012e+01,1.315869e+01,4.189817e+00,1.021719e+01,1.775949e+00,4.173219e+01
8.300000e-03,1.775000e+00,5.000000e+00,1.686155e+00,5.567740e+01,3.904818e+00,2.266484e+00,1.134240e+01,3.026575e+00,7.190276e+00,3.427987e+00,1.074666e+01,1.083166e+01,5.917861e+00,1.791825e+01,1.327381e+01,4.226472e+00,1.030657e+01,1.791486e+00,4.122242e+01
8.300000e-03,1.850000e+00,5.000000e+00,1.671743e+00,5.567740e+01,3.823850e+00,2.266484e+00,1.144018e+01,3.052668e+00,7.252265e+00,3.457540e+00,1.083931e+01,1.092504e+01,5.968881e+00,1.721060e+01,1.338824e+01,4.262910e+00,1.039543e+01,1.806931e+00,4.071569e+01
8.300000e-03,1.925000e+00,5.000000e+00,1.657706e+00,5.567740e+01,3.744997e+00,2.266484e+00,1.153705e+01,3.078516e+00,7.313672e+00,3.486816e+00,1.093109e+01,1.101755e+01,6.019421e+00,1.650959e+01,1.350161e+01,4.299005e+00,1.048345e+01,1.822230e+00,4.021371e+01
8.300000e-03,2.000000e+00,5.000000e+00,1.644088e+00,5.567740e+01,3.668494e+00,2.266484e+00,1.163261e+01,3.104015e+00,7.374251e+00,3.515697e+00,1.102163e+01,1.110880e+01,6.069279e+00,1.581805e+01,1.361344e+01,4.334614e+00,1.057028e+01,1.837324e+00,3.971850e+01
8.950000e-03,5.000000e-01,5.000000e+00,2.234877e+00,5.574442e+01,6.980723e+00,2.273648e+00,8.610942e+00,2.321137e+00,5.424883e+00,2.586330e+00,8.108086e+00,8.172214e+00,4.464878e+00,3.798033e+01,1.001475e+01,3.188764e+00,7.776053e+00,1.351631e+00,5.560041e+01
8.950000e-03,5.750000e-01,5.000000e+00,2.157961e+00,5.574442e+01,6.548625e+00,2.273648e+00,8.917859e+00,2.403869e+00,5.618240e+00,2.678514e+00,8.397080e+00,8.463493e+00,4.624018e+00,3.576979e+01,1.037170e+01,3.302420e+00,8.053212e+00,1.399807e+00,5.401789e+01
8.950000e-03,6.500000e-01,5.000000e+00,2.098258e+00,5.574442e+01,6.213220e+00,2.273648e+00,9.171607e+00,2.472268e+00,5.778101e+00,2.754728e+00,8.636009e+00,8.704312e+00,4.755589e+00,3.394219e+01,1.066682e+01,3.396387e+00,8.282357e+00,1.439637e+00,5.270952e+01
8.950000e-03,7.250000e-01,5.000000e+00,2.050387e+00,5.574442e+01,5.944290e+00,2.273648e+00,9.385738e+00,2.529989e+00,5.913003e+00,2.819043e+00,8.837635e+00,8.907533e+00,4.866618e+00,3.239992e+01,1.091586e+01,3.475683e+00,8.475727e+00,1.473248e+00,5.160542e+01
8.950000e-03,8.000000e-01,5.000000e+00,2.010924e+00,5.574442e+01,5.722594e+00,2.273648e+00,9.569926e+00,2.579638e+00,6.029041e+00,2.874365e+00,9.011068e+00,9.082337e+00,4.962122e+00,3.107332e+01,1.113007e+01,3.543891e+00,8.642057e+00,1.502160e+00,5.065571e+01
8.950000e-03,8.750000e-01,5.000000e+00,1.977579e+00,5.574442e+01,5.535268e+00,2.273649e+00,9.731289e+00,2.623135e+00,6.130700e+00,2.922831e+00,9.163007e+00,9.235479e+00,5.045791e+00,2.991112e+01,1.131774e+01,3.603646e+00,8.787775e+00,1.527488e+00,4.982369e+01
8.950000e-03,9.500000e-01,5.000000e+00,1.948759e+00,5.574442e+01,5.373367e+00,2.273649e+00,9.875200e+00,2.661927e+00,6.221364e+00,2.966055e+00,9.298514e+00,9.372057e+00,5.120410e+00,2.887461e+01,1.148512e+01,3.656938e+00,8.917732e+00,1.550078e+00,4.908166e+01
8.950000e-03,1.025000e+00,5.000000e+00,1.923323e+00,5.574442e+01,5.230474e+00,2.273649e+00,1.000580e+01,2.697130e+00,6.303640e+00,3.005281e+00,9.421486e+00,9.496001e+00,5.188127e+00,2.793399e+01,1.163700e+01,3.705301e+00,9.035668e+00,1.570577e+00,4.840828e+01
8.950000e-03,1.100000e+00,5.000000e+00,1.900431e+00,5.574442e+01,5.101870e+00,2.273649e+00,1.012632e+01,2.729619e+00,6.379572e+00,3.041481e+00,9.534974e+00,9.610387e+00,5.250621e+00,2.706590e+01,1.177718e+01,3.749934e+00,9.144508e+00,1.589496e+00,4.778682e+01
8.950000e-03,1.175000e+00,5.000000e+00,1.879455e+00,5.574442e+01,4.984029e+00,2.273649e+00,1.023934e+01,2.760084e+00,6.450773e+00,3.075426e+00,9.641391e+00,9.717646e+00,5.309223e+00,2.625190e+01,1.190862e+01,3.791787e+00,9.246568e+00,1.607236e+00,4.720408e+01
8.950000e-03,1.250000e+00,5.000000e+00,1.859920e+00,5.574442e+01,4.874285e+00,2.273649e+00,1.034689e+01,2.789073e+00,6.518526e+00,3.107728e+00,9.742656e+00,9.819712e+00,5.364986e+00,2.547731e+01,1.203370e+01,3.831612e+00,9.343686e+00,1.624117e+00,4.664956e+01
8.950000e-03,1.325000e+00,5.000000e+00,1.841467e+00,5.574442e+01,4.770619e+00,2.273649e+00,1.045057e+01,2.817022e+00,6.583847e+00,3.138870e+00,9.840285e+00,9.918113e+00,5.418747e+00,2.473054e+01,1.215429e+01,3.870008e+00,9.437317e+00,1.640392e+00,4.611494e+01
8.950000e-03,1.400000e+00,5.000000e+00,1.823826e+00,5.574442e+01,4.671515e+00,2.273649e+00,1.055165e+01,2.844269e+00,6.647529e+00,3.169231e+00,9.935466e+00,1.001405e+01,5.471160e+00,2.400249e+01,1.227185e+01,3.907441e+00,9.528599e+00,1.656258e+00,4.559374e+01
8.950000e-03,1.475000e+00,5.000000e+00,1.806797e+00,5.574442e+01,4.575853e+00,2.273649e+00,1.065110e+01,2.871076e+00,6.710179e+00,3.199099e+00,1.002910e+01,1.010842e+01,5.522724e+00,2.328625e+01,1.238751e+01,3.944267e+00,9.618402e+00,1.671868e+00,4.508098e+01
8.950000e-03,1.550000e+00,5.000000e+00,1.790239e+00,5.574442e+01,4.482834e+00,2.273649e+00,1.074961e+01,2.897630e+00,6.772242e+00,3.228688e+00,1.012186e+01,1.020192e+01,5.573803e+00,2.257673e+01,1.250208e+01,3.980748e+00,9.707362e+00,1.687331e+00,4.457304e+01
8.950000e-03,1.625000e+00,5.000000e+00,1.774056e+00,5.574442e+01,4.391919e+00,2.273649e+00,1.084767e+01,2.924062e+00,6.834019e+00,3.258140e+00,1.021419e+01,1.029498e+01,5.624648e+00,2.187046e+01,1.261613e+01,4.017061e+00,9.795914e+00,1.702723e+00,4.406743e+01
8.950000e-03,1.700000e+00,5.000000e+00,1.758190e+00,5.574442e+01,4.302785e+00,2.273649e+00,1.094556e+01,2.950450e+00,6.895690e+00,3.287542e+00,1.030637e+01,1.038788e+01,5.675406e+00,2.116541e+01,1.272998e+01,4.053312e+00,9.884314e+00,1.718089e+00,4.356268e+01
8.950000e-03,1.775000e+00,5.000000e+00,1.742612e+00,5.574442e+01,4.215276e+00,2.273649e+00,1.104340e+01,2.976824e+00,6.957330e+00,3.316929e+00,1.039850e+01,1.048074e+01,5.726138e+00,2.046071e+01,1.284377e+01,4.089544e+00,9.972669e+00,1.733446e+00,4.305819e+01
8.950000e-03,1.850000e+00,5.000000e+00,1.727320e+00,5.574442e+01,4.129369e+00,2.273649e+00,1.114117e+01,3.003177e+00,7.018923e+00,3.346294e+00,1.049055e+01,1.057353e+01,5.776831e+00,1.975656e+01,1.295747e+01,4.125749e+00,1.006096e+01,1.748793e+00,4.255409e+01
8.950000e-03,1.925000e+00,5.000000e+00,1.712327e+00,5.574442e+01,4.045141e+00,2.273649e+00,1.123872e+01,3.029473e+00,7.080379e+00,3.375593e+00,1.058241e+01,1.066611e+01,5.827412e+00,1.905396e+01,1.307093e+01,4.161873e+00,1.014905e+01,1.764105e+00,4.205111e+01
8.950000e-03,2.000000e+00,5.000000e+00,1.697659e+00,5.574442e+01,3.962739e+00,2.273649e+00,1.133582e+01,3.055647e+00,7.141555e+00,3.404759e+00,1.067384e+01,1.075826e+01,5.877761e+00,1.835457e+01,1.318386e+01,4.197832e+00,1.023674e+01,1.779347e+00,4.155042e+01
9.600000e-03,5.000000e-01,5.000000e+00,2.364786e+00,5.581145e+01,7.703819e+00,2.280813e+00,8.188362e+00,2.229221e+00,5.126871e+00,2.444252e+00,7.662673e+00,7.723278e+00,4.219603e+00,4.130129e+01,9.464596e+00,3.013590e+00,7.348883e+00,1.277381e+00,5.798901e+01
9.600000e-03,5.750000e-01,5.000000e+00,2.274409e+00,5.581145e+01,7.196100e+00,2.280813e+00,8.513737e+00,2.317802e+00,5.330594e+00,2.541378e+00,7.967159e+00,8.030172e+00,4.387274e+00,3.896883e+01,9.840683e+00,3.133339e+00,7.640899e+00,1.328139e+00,5.631965e+01
9.600000e-03,6.500000e-01,5.000000e+00,2.204316e+00,5.581145e+01,6.802326e+00,2.280813e+00,8.784460e+00,2.391504e+00,5.500098e+00,2.622189e+00,8.220502e+00,8.285518e+00,4.526782e+00,3.702813e+01,1.015360e+01,3.232974e+00,7.883867e+00,1.370372e+00,5.493069e+01
9.600000e-03,7.250000e-01,5.000000e+00,2.148225e+00,5.581145e+01,6.487220e+00,2.280813e+00,9.013822e+00,2.453946e+00,5.643706e+00,2.690655e+00,8.435139e+00,8.501853e+00,4.644976e+00,3.538393e+01,1.041871e+01,3.317388e+00,8.089715e+00,1.406152e+00,5.375393e+01
9.600000e-03,8.000000e-01,5.000000e+00,2.102141e+00,5.581145e+01,6.228328e+00,2.280813e+00,9.211427e+00,2.507743e+00,5.767430e+00,2.749640e+00,8.620058e+00,8.688235e+00,4.746806e+00,3.396739e+01,1.064712e+01,3.390113e+00,8.267062e+00,1.436978e+00,5.274010e+01
9.600000e-03,8.750000e-01,5.000000e+00,2.063399e+00,5.581166e+01,6.010662e+00,2.280813e+00,9.384378e+00,2.554827e+00,5.875710e+00,2.801262e+00,8.781906e+00,8.851362e+00,4.836006e+00,3.272734e+01,1.084714e+01,3.453826e+00,8.422281e+00,1.463959e+00,5.185258e+01
9.600000e-03,9.500000e-01,5.000000e+00,2.030121e+00,5.581145e+01,5.823732e+00,2.280813e+00,9.538209e+00,2.596706e+00,5.972033e+00,2.847186e+00,8.925860e+00,8.996456e+00,4.915202e+00,3.162484e+01,1.102483e+01,3.510380e+00,8.560341e+00,1.487956e+00,5.106353e+01
9.600000e-03,1.025000e+00,5.000000e+00,2.000995e+00,5.581145e+01,5.660111e+00,2.280813e+00,9.677041e+00,2.634503e+00,6.058958e+00,2.888628e+00,9.055780e+00,9.127403e+00,4.986744e+00,3.062961e+01,1.118530e+01,3.561475e+00,8.684940e+00,1.509614e+00,5.035123e+01
9.600000e-03,1.100000e+00,5.000000e+00,1.975033e+00,5.581145e+01,5.514263e+00,2.280813e+00,9.804245e+00,2.669133e+00,6.138603e+00,2.926599e+00,9.174818e+00,9.247382e+00,5.052295e+00,2.971774e+01,1.133233e+01,3.608290e+00,8.799103e+00,1.529458e+00,4.969860e+01
9.600000e-03,1.175000e+00,5.000000e+00,1.951497e+00,5.581145e+01,5.382039e+00,2.280813e+00,9.922491e+00,2.701324e+00,6.212639e+00,2.961895e+00,9.285472e+00,9.358911e+00,5.113229e+00,2.887009e+01,1.146901e+01,3.651809e+00,8.905226e+00,1.547904e+00,4.909194e+01
9.600000e-03,1.250000e+00,5.000000e+00,1.929822e+00,5.581145e+01,5.260277e+00,2.280813e+00,1.003393e+01,2.731664e+00,6.282414e+00,2.995161e+00,9.389759e+00,9.464024e+00,5.170657e+00,2.807122e+01,1.159782e+01,3.692824e+00,9.005243e+00,1.565289e+00,4.852018e+01
9.600000e-03,1.325000e+00,5.000000e+00,1.909576e+00,5.581145e+01,5.146539e+00,2.280813e+00,1.014032e+01,2.760626e+00,6.349022e+00,3.026917e+00,9.489313e+00,9.564364e+00,5.225478e+00,2.730860e+01,1.172078e+01,3.731976e+00,9.100719e+00,1.581884e+00,4.797437e+01
9.600000e-03,1.400000e+00,5.000000e+00,1.890424e+00,5.581145e+01,5.038944e+00,2.280813e+00,1.024305e+01,2.788594e+00,6.413346e+00,3.057583e+00,9.585451e+00,9.661263e+00,5.278418e+00,2.657215e+01,1.183953e+01,3.769786e+00,9.192920e+00,1.597911e+00,4.744729e+01
9.600000e-03,1.475000e+00,5.000000e+00,1.872108e+00,5.581145e+01,4.936050e+00,2.280813e+00,1.034326e+01,2.815876e+00,6.476090e+00,3.087497e+00,9.679229e+00,9.755783e+00,5.330059e+00,2.585377e+01,1.195536e+01,3.806667e+00,9.282858e+00,1.613544e+00,4.693314e+01
9.600000e-03,1.550000e+00,5.000000e+00,1.854434e+00,5.581145e+01,4.836761e+00,2.280813e+00,1.044184e+01,2.842713e+00,6.537811e+00,3.116922e+00,9.771478e+00,9.848762e+00,5.380858e+00,2.514711e+01,1.206930e+01,3.842947e+00,9.371330e+00,1.628922e+00,4.642738e+01
9.600000e-03,1.625000e+00,5.000000e+00,1.837258e+00,5.581145e+01,4.740268e+00,2.280813e+00,1.053946e+01,2.869289e+00,6.598932e+00,3.146062e+00,9.862830e+00,9.940836e+00,5.431162e+00,2.444733e+01,1.218214e+01,3.878875e+00,9.458940e+00,1.644150e+00,4.592654e+01
9.600000e-03,1.700000e+00,5.000000e+00,1.820477e+00,5.581145e+01,4.645998e+00,2.280813e+00,1.063661e+01,2.895737e+00,6.659758e+00,3.175061e+00,9.953742e+00,1.003247e+01,5.481225e+00,2.375091e+01,1.229443e+01,3.914629e+00,9.546129e+00,1.659305e+00,4.542811e+01
9.600000e-03,1.775000e+00,5.000000e+00,1.804025e+00,5.581145e+01,4.553572e+00,2.280813e+00,1.073361e+01,2.922146e+00,6.720494e+00,3.204017e+00,1.004452e+01,1.012396e+01,5.531212e+00,2.305554e+01,1.240655e+01,3.950329e+00,9.633188e+00,1.674438e+00,4.493043e+01
9.600000e-03,1.850000e+00,5.000000e+00,1.787861e+00,5.581145e+01,4.462769e+00,2.280813e+00,1.083065e+01,2.948563e+00,6.781251e+00,3.232983e+00,1.013533e+01,1.021549e+01,5.581218e+00,2.235992e+01,1.251871e+01,3.986043e+00,9.720277e+00,1.689576e+00,4.443257e+01
9.600000e-03,1.925000e+00,5.000000e+00,1.771971e+00,5.581145e+01,4.373500e+00,2.280813e+00,1.092777e+01,2.975005e+00,6.842063e+00,3.261975e+00,1.022622e+01,1.030710e+01,5.631268e+00,2.166367e+01,1.263097e+01,4.021788e+00,9.807445e+00,1.704727e+00,4.393426e+01
9.600000e-03,2.000000e+00,5.000000e+00,1.756355e+00,5.581145e+01,4.285773e+00,2.280813e+00,1.102493e+01,3.001456e+00,6.902895e+00,3.290977e+00,1.031714e+01,1.039874e+01,5.681335e+00,2.096718e+01,1.274328e+01,4.057546e+00,9.894643e+00,1.719884e+00,4.343578e+01
1.025000e-02,5.000000e-01,5.000000e+00,2.511977e+00,5.587847e+01,8.524004e+00,2.287977e+00,7.756062e+00,2.132107e+00,4.826461e+00,2.301031e+00,7.213676e+00,7.270729e+00,3.972354e+00,4.465975e+01,8.910014e+00,2.837007e+00,6.918274e+00,1.202532e+00,6.040316e+01
1.025000e-02,5.750000e-01,5.000000e+00,2.406235e+00,5.587847e+01,7.929963e+00,2.287978e+00,8.096902e+00,2.225802e+00,5.038560e+00,2.402150e+00,7.530681e+00,7.590242e+00,4.146919e+00,4.222782e+01,9.301565e+00,2.961680e+00,7.222297e+00,1.255378e+00,5.866307e+01
1.025000e-02,6.500000e-01,5.000000e+00,2.324248e+00,5.587847e+01,7.469377e+00,2.287978e+00,8.382516e+00,2.304316e+00,5.216293e+00,2.486884e+00,7.796322e+00,7.857983e+00,4.293199e+00,4.018994e+01,9.629673e+00,3.066151e+00,7.477060e+00,1.299660e+00,5.720494e+01
1.025000e-02,7.250000e-01,5.000000e+00,2.258716e+00,5.587847e+01,7.101227e+00,2.287978e+00,8.625719e+00,2.371172e+00,5.367634e+00,2.559037e+00,8.022518e+00,8.085968e+00,4.417758e+00,3.845466e+01,9.909061e+00,3.155110e+00,7.693993e+00,1.337368e+00,5.596332e+01
1.025000e-02,8.000000e-01,5.000000e+00,2.204989e+00,5.587847e+01,6.799401e+00,2.287978e+00,8.835893e+00,2.428947e+00,5.498421e+00,2.621390e+00,8.217993e+00,8.282990e+00,4.525401e+00,3.695506e+01,1.015050e+01,3.231987e+00,7.881464e+00,1.369954e+00,5.489032e+01
1.025000e-02,8.750000e-01,5.000000e+00,2.159963e+00,5.587847e+01,6.546455e+00,2.287978e+00,9.020081e+00,2.479580e+00,5.613038e+00,2.676034e+00,8.389301e+00,8.455653e+00,4.619735e+00,3.564085e+01,1.036210e+01,3.299360e+00,8.045756e+00,1.398511e+00,5.394999e+01
1.025000e-02,9.500000e-01,5.000000e+00,2.121481e+00,5.587847e+01,6.330271e+00,2.287978e+00,9.183697e+00,2.524557e+00,5.714853e+00,2.724575e+00,8.541476e+00,8.609030e+00,4.703533e+00,3.447344e+01,1.055006e+01,3.359207e+00,8.191699e+00,1.423879e+00,5.311469e+01
1.025000e-02,1.025000e+00,5.000000e+00,2.087995e+00,5.587847e+01,6.142151e+00,2.287978e+00,9.330981e+00,2.565045e+00,5.806506e+00,2.768270e+00,8.678460e+00,8.747098e+00,4.778966e+00,3.342255e+01,1.071925e+01,3.413081e+00,8.323074e+00,1.446714e+00,5.236276e+01
1.025000e-02,1.100000e+00,5.000000e+00,2.058363e+00,5.587847e+01,5.975683e+00,2.287978e+00,9.465310e+00,2.601971e+00,5.890096e+00,2.808122e+00,8.803395e+00,8.873021e+00,4.847764e+00,3.246411e+01,1.087357e+01,3.462216e+00,8.442892e+00,1.467541e+00,5.167698e+01
1.025000e-02,1.175000e+00,5.000000e+00,2.031725e+00,5.587847e+01,5.826035e+00,2.287978e+00,9.589410e+00,2.636086e+00,5.967321e+00,2.844939e+00,8.918817e+00,8.989356e+00,4.911323e+00,3.157864e+01,1.101613e+01,3.507609e+00,8.553588e+00,1.486782e+00,5.104341e+01
1.025000e-02,1.250000e+00,5.000000e+00,2.007421e+00,5.587847e+01,5.689503e+00,2.287978e+00,9.705506e+00,2.668000e+00,6.039566e+00,2.879382e+00,9.026794e+00,9.098187e+00,4.970783e+00,3.075028e+01,1.114950e+01,3.550075e+00,8.657143e+00,1.504782e+00,5.045071e+01
1.025000e-02,1.325000e+00,5.000000e+00,1.984941e+00,5.587847e+01,5.563213e+00,2.287978e+00,9.815425e+00,2.698216e+00,6.107967e+00,2.911993e+00,9.129026e+00,9.201228e+00,5.027079e+00,2.996600e+01,1.127577e+01,3.590281e+00,8.755189e+00,1.521824e+00,4.988954e+01
1.025000e-02,1.400000e+00,5.000000e+00,1.963882e+00,5.587847e+01,5.444912e+00,2.287978e+00,9.920673e+00,2.727148e+00,6.173461e+00,2.943217e+00,9.226914e+00,9.299890e+00,5.080983e+00,2.921504e+01,1.139668e+01,3.628779e+00,8.849068e+00,1.538143e+00,4.935222e+01
1.025000e-02,1.475000e+00,5.000000e+00,1.943932e+00,5.587847e+01,5.332834e+00,2.287978e+00,1.002249e+01,2.755137e+00,6.236818e+00,2.973423e+00,9.321609e+00,9.395334e+00,5.133129e+00,2.848859e+01,1.151364e+01,3.666021e+00,8.939885e+00,1.553928e+00,4.883243e+01
1.025000e-02,1.550000e+00,5.000000e+00,1.924843e+00,5.587847e+01,5.225599e+00,2.287978e+00,1.012188e+01,2.782459e+00,6.298668e+00,3.002910e+00,9.414050e+00,9.488506e+00,5.184033e+00,2.777942e+01,1.162782e+01,3.702376e+00,9.028541e+00,1.569338e+00,4.832501e+01
1.025000e-02,1.625000e+00,5.000000e+00,1.906426e+00,5.587847e+01,5.122135e+00,2.287978e+00,1.021966e+01,2.809339e+00,6.359515e+00,3.031919e+00,9.504994e+00,9.580169e+00,5.234113e+00,2.708173e+01,1.174015e+01,3.738143e+00,9.115760e+00,1.584499e+00,4.782580e+01
1.025000e-02,1.700000e+00,5.000000e+00,1.888536e+00,5.587847e+01,5.021631e+00,2.287978e+00,1.031647e+01,2.835952e+00,6.419759e+00,3.060641e+00,9.595035e+00,9.670922e+00,5.283696e+00,2.639098e+01,1.185137e+01,3.773555e+00,9.202114e+00,1.599509e+00,4.733156e+01
1.025000e-02,1.775000e+00,5.000000e+00,1.871066e+00,5.587847e+01,4.923487e+00,2.287978e+00,1.041280e+01,2.862431e+00,6.479701e+00,3.089218e+00,9.684624e+00,9.761220e+00,5.333030e+00,2.570369e+01,1.196202e+01,3.808789e+00,9.288034e+00,1.614443e+00,4.683979e+01
1.025000e-02,1.850000e+00,5.000000e+00,1.853941e+00,5.587848e+01,4.827282e+00,2.287978e+00,1.050898e+01,2.888872e+00,6.539554e+00,3.117753e+00,9.774081e+00,9.851384e+00,5.382291e+00,2.501741e+01,1.207252e+01,3.843971e+00,9.373828e+00,1.629356e+00,4.634875e+01
1.025000e-02,1.925000e+00,5.000000e+00,1.837113e+00,5.587848e+01,4.732746e+00,2.287978e+00,1.060524e+01,2.915334e+00,6.599456e+00,3.146312e+00,9.863612e+00,9.941623e+00,5.431593e+00,2.433057e+01,1.218310e+01,3.879182e+00,9.459692e+00,1.644281e+00,4.585730e+01
1.025000e-02,2.000000e+00,5.000000e+00,1.820555e+00,5.587848e+01,4.639729e+00,2.287978e+00,1.070169e+01,2.941848e+00,6.659476e+00,3.174926e+00,9.953318e+00,1.003204e+01,5.480992e+00,2.364238e+01,1.229390e+01,3.914462e+00,9.545725e+00,1.659235e+00,4.536489e+01
1.090000e-02,5.000000e-01,5.000000e+00,2.678615e+00,5.594550e+01,9.453434e+00,2.295142e+00,7.318102e+00,2.030892e+00,4.526208e+00,2.157884e+00,6.764913e+00,6.818417e+00,3.725234e+00,4.802650e+01,8.355722e+00,2.660516e+00,6.487889e+00,1.127723e+00,6.282193e+01
1.090000e-02,5.750000e-01,5.000000e+00,2.555374e+00,5.594550e+01,8.761086e+00,2.295142e+00,7.671042e+00,2.128838e+00,4.744499e+00,2.261955e+00,7.091173e+00,7.147257e+00,3.904895e+00,4.551991e+01,8.758705e+00,2.788829e+00,6.800789e+00,1.182111e+00,6.102890e+01
1.090000e-02,6.500000e-01,5.000000e+00,2.459815e+00,5.594550e+01,8.224254e+00,2.295142e+00,7.969046e+00,2.211539e+00,4.928813e+00,2.349827e+00,7.366651e+00,7.424914e+00,4.056593e+00,4.340347e+01,9.098963e+00,2.897169e+00,7.064986e+00,1.228034e+00,5.951495e+01
1.090000e-02,7.250000e-01,5.000000e+00,2.383479e+00,5.594550e+01,7.795412e+00,2.295142e+00,8.224272e+00,2.282368e+00,5.086669e+00,2.425086e+00,7.602583e+00,7.662712e+00,4.186514e+00,4.159084e+01,9.390376e+00,2.989957e+00,7.291257e+00,1.267364e+00,5.821833e+01
1.090000e-02,8.000000e-01,5.000000e+00,2.320979e+00,5.594550e+01,7.444301e+00,2.295142e+00,8.445736e+00,2.343828e+00,5.223643e+00,2.490389e+00,7.807307e+00,7.869054e+00,4.299248e+00,4.001799e+01,9.643241e+00,3.070471e+00,7.487597e+00,1.301492e+00,5.709323e+01
1.090000e-02,8.750000e-01,5.000000e+00,2.268718e+00,5.594550e+01,7.150707e+00,2.295142e+00,8.640288e+00,2.397820e+00,5.343973e+00,2.547756e+00,7.987152e+00,8.050322e+00,4.398284e+00,3.863628e+01,9.865379e+00,3.141201e+00,7.660077e+00,1.331472e+00,5.610485e+01
1.090000e-02,9.500000e-01,5.000000e+00,2.224196e+00,5.594550e+01,6.900592e+00,2.295142e+00,8.813240e+00,2.445816e+00,5.450942e+00,2.598754e+00,8.147030e+00,8.211465e+00,4.486324e+00,3.740796e+01,1.006285e+01,3.204079e+00,7.813409e+00,1.358124e+00,5.522620e+01
1.090000e-02,1.025000e+00,5.000000e+00,2.185621e+00,5.594550e+01,6.683886e+00,2.295142e+00,8.968788e+00,2.488984e+00,5.547148e+00,2.644620e+00,8.290820e+00,8.356392e+00,4.565505e+00,3.630325e+01,1.024046e+01,3.260629e+00,7.951310e+00,1.382094e+00,5.443597e+01
1.090000e-02,1.100000e+00,5.000000e+00,2.151671e+00,5.594550e+01,6.493165e+00,2.295142e+00,9.110298e+00,2.528255e+00,5.634672e+00,2.686348e+00,8.421634e+00,8.488240e+00,4.637540e+00,3.529824e+01,1.040203e+01,3.312075e+00,8.076767e+00,1.403901e+00,5.371706e+01
1.090000e-02,1.175000e+00,5.000000e+00,2.121351e+00,5.594550e+01,6.322830e+00,2.295142e+00,9.240511e+00,2.564391e+00,5.715208e+00,2.724743e+00,8.542004e+00,8.609562e+00,4.703824e+00,3.437346e+01,1.055071e+01,3.359415e+00,8.192207e+00,1.423967e+00,5.305554e+01
1.090000e-02,1.250000e+00,5.000000e+00,2.093894e+00,5.594550e+01,6.168582e+00,2.295142e+00,9.361681e+00,2.598018e+00,5.790150e+00,2.760473e+00,8.654013e+00,8.722458e+00,4.765504e+00,3.351291e+01,1.068906e+01,3.403467e+00,8.299630e+00,1.442639e+00,5.243996e+01
1.090000e-02,1.325000e+00,5.000000e+00,2.068703e+00,5.594550e+01,6.027067e+00,2.295142e+00,9.475677e+00,2.629653e+00,5.860656e+00,2.794086e+00,8.759392e+00,8.828670e+00,4.823533e+00,3.270330e+01,1.081922e+01,3.444910e+00,8.400694e+00,1.460206e+00,5.186083e+01
1.090000e-02,1.400000e+00,5.000000e+00,2.045309e+00,5.594550e+01,5.895642e+00,2.295142e+00,9.584060e+00,2.659732e+00,5.927691e+00,2.826045e+00,8.859583e+00,8.929653e+00,4.878705e+00,3.193356e+01,1.094297e+01,3.484313e+00,8.496781e+00,1.476908e+00,5.131021e+01
1.090000e-02,1.475000e+00,5.000000e+00,2.023337e+00,5.594550e+01,5.772206e+00,2.295142e+00,9.688137e+00,2.688614e+00,5.992061e+00,2.856734e+00,8.955792e+00,9.026623e+00,4.931685e+00,3.119440e+01,1.106180e+01,3.522151e+00,8.589051e+00,1.492946e+00,5.078147e+01
1.090000e-02,1.550000e+00,5.000000e+00,2.002489e+00,5.594550e+01,5.655089e+00,2.295142e+00,9.788997e+00,2.716605e+00,6.054443e+00,2.886475e+00,9.049028e+00,9.120597e+00,4.983027e+00,3.047809e+01,1.117696e+01,3.558819e+00,8.678469e+00,1.508489e+00,5.026907e+01
1.090000e-02,1.625000e+00,5.000000e+00,1.982530e+00,5.594550e+01,5.542963e+00,2.295142e+00,9.887547e+00,2.743954e+00,6.115396e+00,2.915535e+00,9.140129e+00,9.212418e+00,5.033193e+00,2.977818e+01,1.128949e+01,3.594648e+00,8.765839e+00,1.523676e+00,4.976841e+01
1.090000e-02,1.700000e+00,5.000000e+00,1.963273e+00,5.594550e+01,5.434780e+00,2.295142e+00,9.984531e+00,2.770869e+00,6.175380e+00,2.944132e+00,9.229781e+00,9.302780e+00,5.082562e+00,2.908939e+01,1.140022e+01,3.629907e+00,8.851820e+00,1.538621e+00,4.927570e+01
1.090000e-02,1.775000e+00,5.000000e+00,1.944572e+00,5.594550e+01,5.329726e+00,2.295142e+00,1.008055e+01,2.797515e+00,6.234766e+00,2.972445e+00,9.318540e+00,9.392240e+00,5.131439e+00,2.840748e+01,1.150985e+01,3.664814e+00,8.936944e+00,1.553417e+00,4.878791e+01
1.090000e-02,1.850000e+00,5.000000e+00,1.926319e+00,5.594550e+01,5.227182e+00,2.295142e+00,1.017607e+01,2.824023e+00,6.293845e+00,3.000610e+00,9.406840e+00,9.481238e+00,5.180063e+00,2.772909e+01,1.161892e+01,3.699541e+00,9.021628e+00,1.568137e+00,4.830264e+01
1.090000e-02,1.925000e+00,5.000000e+00,1.908432e+00,5.594550e+01,5.126697e+00,2.295142e+00,1.027144e+01,2.850492e+00,6.352834e+00,3.028734e+00,9.495006e+00,9.570101e+00,5.228613e+00,2.705173e+01,1.172782e+01,3.734215e+00,9.106183e+00,1.582834e+00,4.781810e+01
1.090000e-02,2.000000e+00,5.000000e+00,1.890856e+00,5.594550e+01,5.027957e+00,2.295142e+00,1.036692e+01,2.876988e+00,6.411886e+00,3.056887e+00,9.583265e+00,9.659059e+00,5.277215e+00,2.637365e+01,1.183683e+01,3.768926e+00,9.190828e+00,1.597547e+00,4.733305e+01
1.155000e-02,5.000000e-01,5.000000e+00,2.867118e+00,5.601252e+01,1.050570e+01,2.302307e+00,6.878583e+00,1.926726e+00,4.228629e+00,2.016012e+00,6.320147e+00,6.370133e+00,3.480315e+00,5.137257e+01,7.806367e+00,2.485598e+00,6.061339e+00,1.053580e+00,6.522462e+01
1.155000e-02,5.750000e-01,5.000000e+00,2.723984e+00,5.601252e+01,9.701599e+00,2.302307e+00,7.240022e+00,2.027967e+00,4.450824e+00,2.121945e+00,6.652243e+00,6.704855e+00,3.663190e+00,4.881742e+01,8.216557e+00,2.616205e+00,6.379835e+00,1.108941e+00,6.339733e+01
1.155000e-02,6.500000e-01,5.000000e+00,2.612973e+00,5.601252e+01,9.077957e+00,2.302307e+00,7.547612e+00,2.114125e+00,4.639916e+00,2.212095e+00,6.934861e+00,6.989709e+00,3.818819e+00,4.664294e+01,8.565635e+00,2.727354e+00,6.650880e+00,1.156054e+00,6.184228e+01
1.155000e-02,7.250000e-01,5.000000e+00,2.524313e+00,5.601252e+01,8.579883e+00,2.302307e+00,7.812702e+00,2.188378e+00,4.802881e+00,2.289789e+00,7.178430e+00,7.235204e+00,3.952945e+00,4.476891e+01,8.866481e+00,2.823145e+00,6.884474e+00,1.196657e+00,6.050209e+01
1.155000e-02,8.000000e-01,5.000000e+00,2.451781e+00,5.601252e+01,8.172414e+00,2.302307e+00,8.043826e+00,2.253117e+00,4.944965e+00,2.357528e+00,7.390791e+00,7.449244e+00,4.069886e+00,4.313500e+01,9.128779e+00,2.906662e+00,7.088139e+00,1.232058e+00,5.933361e+01
1.155000e-02,8.750000e-01,5.000000e+00,2.391221e+00,5.601252e+01,7.832198e+00,2.302307e+00,8.247544e+00,2.310179e+00,5.070201e+00,2.417235e+00,7.577970e+00,7.637903e+00,4.172960e+00,4.169484e+01,9.359975e+00,2.980277e+00,7.267653e+00,1.263261e+00,5.830370e+01
1.155000e-02,9.500000e-01,5.000000e+00,2.339746e+00,5.601252e+01,7.543020e+00,2.302307e+00,8.428993e+00,2.361004e+00,5.181748e+00,2.470415e+00,7.744688e+00,7.805940e+00,4.264766e+00,4.041211e+01,9.565898e+00,3.045844e+00,7.427544e+00,1.291054e+00,5.738636e+01
1.155000e-02,1.025000e+00,5.000000e+00,2.295285e+00,5.601252e+01,7.293248e+00,2.302307e+00,8.592266e+00,2.406737e+00,5.282120e+00,2.518268e+00,7.894705e+00,7.957144e+00,4.347377e+00,3.925787e+01,9.751193e+00,3.104843e+00,7.571418e+00,1.316062e+00,5.656092e+01
1.155000e-02,1.100000e+00,5.000000e+00,2.256313e+00,5.601252e+01,7.074314e+00,2.302307e+00,8.740673e+00,2.448307e+00,5.373353e+00,2.561763e+00,8.031064e+00,8.094581e+00,4.422465e+00,3.820872e+01,9.919617e+00,3.158471e+00,7.702192e+00,1.338793e+00,5.581064e+01
1.155000e-02,1.175000e+00,5.000000e+00,2.221681e+00,5.601252e+01,6.879756e+00,2.302307e+00,8.876925e+00,2.486472e+00,5.457115e+00,2.601697e+00,8.156255e+00,8.220762e+00,4.491404e+00,3.724550e+01,1.007425e+01,3.207706e+00,7.822257e+00,1.359662e+00,5.512180e+01
1.155000e-02,1.250000e+00,5.000000e+00,2.190503e+00,5.601252e+01,6.704604e+00,2.302307e+00,9.003272e+00,2.521863e+00,5.534787e+00,2.638728e+00,8.272344e+00,8.337770e+00,4.555331e+00,3.635230e+01,1.021764e+01,3.253362e+00,7.933593e+00,1.379015e+00,5.448303e+01
1.155000e-02,1.325000e+00,5.000000e+00,2.162088e+00,5.601253e+01,6.544978e+00,2.302307e+00,9.121594e+00,2.555005e+00,5.607526e+00,2.673406e+00,8.381060e+00,8.447345e+00,4.615198e+00,3.551584e+01,1.035192e+01,3.296118e+00,8.037856e+00,1.397138e+00,5.388485e+01
1.155000e-02,1.400000e+00,5.000000e+00,2.135891e+00,5.601253e+01,6.397804e+00,2.302307e+00,9.233474e+00,2.586343e+00,5.676305e+00,2.706196e+00,8.483857e+00,8.550956e+00,4.671805e+00,3.472491e+01,1.047889e+01,3.336547e+00,8.136444e+00,1.414274e+00,5.331923e+01
1.155000e-02,1.475000e+00,5.000000e+00,2.111480e+00,5.601274e+01,6.260647e+00,2.302307e+00,9.340222e+00,2.616244e+00,5.741923e+00,2.737479e+00,8.581939e+00,8.649813e+00,4.725890e+00,3.397003e+01,1.060015e+01,3.375180e+00,8.230509e+00,1.430625e+00,5.277937e+01
1.155000e-02,1.550000e+00,5.000000e+00,2.088482e+00,5.601253e+01,6.131474e+00,2.302307e+00,9.443072e+00,2.645053e+00,5.805156e+00,2.767626e+00,8.676439e+00,8.745060e+00,4.777854e+00,3.324318e+01,1.071676e+01,3.412286e+00,8.321139e+00,1.446378e+00,5.225958e+01
1.155000e-02,1.625000e+00,5.000000e+00,2.066637e+00,5.601253e+01,6.008750e+00,2.302307e+00,9.542890e+00,2.673012e+00,5.866519e+00,2.796882e+00,8.768153e+00,8.837500e+00,4.828358e+00,3.253753e+01,1.083004e+01,3.448356e+00,8.409098e+00,1.461667e+00,5.175494e+01
1.155000e-02,1.700000e+00,5.000000e+00,2.045707e+00,5.601253e+01,5.891173e+00,2.302307e+00,9.640522e+00,2.700359e+00,5.926538e+00,2.825496e+00,8.857859e+00,8.927915e+00,4.877756e+00,3.184733e+01,1.094084e+01,3.483635e+00,8.495130e+00,1.476621e+00,5.126136e+01
1.155000e-02,1.775000e+00,5.000000e+00,2.025511e+00,5.601253e+01,5.777716e+00,2.302307e+00,9.736645e+00,2.727284e+00,5.985630e+00,2.853668e+00,8.946178e+00,9.016933e+00,4.926391e+00,3.116779e+01,1.104993e+01,3.518370e+00,8.579833e+00,1.491344e+00,5.077539e+01
1.155000e-02,1.850000e+00,5.000000e+00,2.005904e+00,5.601253e+01,5.667565e+00,2.302307e+00,9.831820e+00,2.753943e+00,6.044139e+00,2.881563e+00,9.033626e+00,9.105072e+00,4.974546e+00,3.049497e+01,1.115794e+01,3.552762e+00,8.663699e+00,1.505922e+00,5.029423e+01
1.155000e-02,1.925000e+00,5.000000e+00,1.986772e+00,5.601253e+01,5.560086e+00,2.302307e+00,9.926495e+00,2.780462e+00,6.102341e+00,2.909311e+00,9.120616e+00,9.192750e+00,5.022448e+00,2.982567e+01,1.126539e+01,3.586973e+00,8.747127e+00,1.520423e+00,4.981559e+01
1.155000e-02,2.000000e+00,5.000000e+00,1.968030e+00,5.601253e+01,5.454802e+00,2.302307e+00,1.002102e+01,2.806940e+00,6.160453e+00,2.937015e+00,9.207469e+00,9.280290e+00,5.070276e+00,2.915741e+01,1.137266e+01,3.621131e+00,8.830424e+00,1.534902e+00,4.933769e+01
1.220000e-02,5.000000e-01,5.000000e+00,3.080188e+00,5.607955e+01,1.169597e+01,2.309471e+00,6.441502e+00,1.820774e+00,3.936119e+00,1.876557e+00,5.882958e+00,5.929485e+00,3.239568e+00,5.467025e+01,7.266370e+00,2.313659e+00,5.642053e+00,9.807001e-01,6.759143e+01
1.220000e-02,5.750000e-01,5.000000e+00,2.914479e+00,5.607955e+01,1.076505e+01,2.309471e+00,6.807747e+00,1.924297e+00,4.159914e+00,1.983252e+00,6.217445e+00,6.266618e+00,3.423760e+00,5.209294e+01,7.679514e+00,2.445206e+00,5.962843e+00,1.036460e+00,6.574878e+01
1.220000e-02,6.500000e-01,5.000000e+00,2.785907e+00,5.607955e+01,1.004276e+01,2.309471e+00,7.121930e+00,2.013105e+00,4.351898e+00,2.074781e+00,6.504385e+00,6.555828e+00,3.581769e+00,4.988199e+01,8.033930e+00,2.558055e+00,6.238033e+00,1.084293e+00,6.416805e+01
1.220000e-02,7.250000e-01,5.000000e+00,2.683221e+00,5.607955e+01,9.465889e+00,2.309471e+00,7.394482e+00,2.090146e+00,4.518443e+00,2.154182e+00,6.753305e+00,6.806716e+00,3.718842e+00,4.796400e+01,8.341385e+00,2.655950e+00,6.476760e+00,1.125789e+00,6.279678e+01
1.220000e-02,8.000000e-01,5.000000e+00,2.599252e+00,5.607955e+01,8.994165e+00,2.309471e+00,7.633362e+00,2.157668e+00,4.664412e+00,2.223773e+00,6.971472e+00,7.026608e+00,3.838980e+00,4.628297e+01,8.610855e+00,2.741751e+00,6.685993e+00,1.162157e+00,6.159493e+01
1.220000e-02,8.750000e-01,5.000000e+00,2.529209e+00,5.607955e+01,8.600676e+00,2.309471e+00,7.844758e+00,2.217422e+00,4.793587e+00,2.285358e+00,7.164537e+00,7.221201e+00,3.945295e+00,4.479535e+01,8.849322e+00,2.817681e+00,6.871152e+00,1.194342e+00,6.053135e+01
1.220000e-02,9.500000e-01,5.000000e+00,2.469765e+00,5.607955e+01,8.266736e+00,2.309471e+00,8.033568e+00,2.270792e+00,4.908960e+00,2.340362e+00,7.336975e+00,7.395002e+00,4.040252e+00,4.346667e+01,9.062309e+00,2.885498e+00,7.036529e+00,1.223087e+00,5.958141e+01
1.220000e-02,1.025000e+00,5.000000e+00,2.418538e+00,5.607955e+01,7.978951e+00,2.309471e+00,8.203728e+00,2.318889e+00,5.012937e+00,2.389934e+00,7.492380e+00,7.551637e+00,4.125829e+00,4.226923e+01,9.254259e+00,2.946616e+00,7.185570e+00,1.248994e+00,5.872530e+01
1.220000e-02,1.100000e+00,5.000000e+00,2.373769e+00,5.607955e+01,7.727450e+00,2.309471e+00,8.358447e+00,2.362623e+00,5.107479e+00,2.435007e+00,7.633684e+00,7.694058e+00,4.203640e+00,4.118045e+01,9.428791e+00,3.002188e+00,7.321087e+00,1.272549e+00,5.794687e+01
1.220000e-02,1.175000e+00,5.000000e+00,2.334135e+00,5.607955e+01,7.504794e+00,2.309471e+00,8.500374e+00,2.402740e+00,5.194205e+00,2.476354e+00,7.763305e+00,7.824704e+00,4.275018e+00,4.018168e+01,9.588893e+00,3.053165e+00,7.445400e+00,1.294157e+00,5.723280e+01
1.220000e-02,1.250000e+00,5.000000e+00,2.298618e+00,5.607955e+01,7.305262e+00,2.309471e+00,8.631720e+00,2.439867e+00,5.274464e+00,2.514618e+00,7.883261e+00,7.945609e+00,4.341075e+00,3.925739e+01,9.737059e+00,3.100342e+00,7.560444e+00,1.314154e+00,5.657198e+01
1.220000e-02,1.325000e+00,5.000000e+00,2.266420e+00,5.607955e+01,7.124381e+00,2.309471e+00,8.754346e+00,2.474529e+00,5.349395e+00,2.550341e+00,7.995254e+00,8.058488e+00,4.402746e+00,3.839445e+01,9.875388e+00,3.144387e+00,7.667851e+00,1.332824e+00,5.595502e+01
1.220000e-02,1.400000e+00,5.000000e+00,2.236910e+00,5.607955e+01,6.958604e+00,2.309471e+00,8.869833e+00,2.507173e+00,5.419964e+00,2.583985e+00,8.100727e+00,8.164795e+00,4.460827e+00,3.758175e+01,1.000566e+01,3.185868e+00,7.769005e+00,1.350406e+00,5.537398e+01
1.220000e-02,1.475000e+00,5.000000e+00,2.209583e+00,5.607955e+01,6.805085e+00,2.309471e+00,8.979531e+00,2.538180e+00,5.486996e+00,2.615943e+00,8.200913e+00,8.265773e+00,4.515996e+00,3.680979e+01,1.012941e+01,3.225269e+00,7.865088e+00,1.367107e+00,5.482207e+01
1.220000e-02,1.550000e+00,5.000000e+00,2.184028e+00,5.607955e+01,6.661524e+00,2.309471e+00,9.084597e+00,2.567878e+00,5.551197e+00,2.646551e+00,8.296869e+00,8.362488e+00,4.568836e+00,3.607043e+01,1.024793e+01,3.263007e+00,7.957115e+00,1.383103e+00,5.429346e+01
1.220000e-02,1.625000e+00,5.000000e+00,2.159913e+00,5.607955e+01,6.526049e+00,2.309471e+00,9.186026e+00,2.596549e+00,5.613176e+00,2.676100e+00,8.389503e+00,8.455855e+00,4.619847e+00,3.535666e+01,1.036235e+01,3.299439e+00,8.045956e+00,1.398546e+00,5.378314e+01
1.220000e-02,1.700000e+00,5.000000e+00,2.136965e+00,5.607955e+01,6.397132e+00,2.309471e+00,9.284670e+00,2.624432e+00,5.673453e+00,2.704837e+00,8.479594e+00,8.546658e+00,4.669458e+00,3.466248e+01,1.047362e+01,3.334870e+00,8.132357e+00,1.413564e+00,5.328684e+01
1.220000e-02,1.775000e+00,5.000000e+00,2.114963e+00,5.607955e+01,6.273528e+00,2.309471e+00,9.381260e+00,2.651734e+00,5.732475e+00,2.732976e+00,8.567808e+00,8.635570e+00,4.718034e+00,3.398277e+01,1.058258e+01,3.369563e+00,8.216959e+00,1.428269e+00,5.280088e+01
1.220000e-02,1.850000e+00,5.000000e+00,2.093726e+00,5.607955e+01,6.154227e+00,2.309471e+00,9.476412e+00,2.678630e+00,5.790618e+00,2.760696e+00,8.654709e+00,8.723158e+00,4.765888e+00,3.331317e+01,1.068992e+01,3.403740e+00,8.300302e+00,1.442756e+00,5.232215e+01
1.220000e-02,1.925000e+00,5.000000e+00,2.073111e+00,5.607955e+01,6.038415e+00,2.309471e+00,9.570645e+00,2.705266e+00,5.848200e+00,2.788148e+00,8.740772e+00,8.809902e+00,4.813280e+00,3.265004e+01,1.079622e+01,3.437587e+00,8.382840e+00,1.457103e+00,5.184804e+01
1.220000e-02,2.000000e+00,5.000000e+00,2.053002e+00,5.607955e+01,5.925448e+00,2.309471e+00,9.664388e+00,2.731764e+00,5.905482e+00,2.815457e+00,8.826386e+00,8.896193e+00,4.860425e+00,3.199036e+01,1.090197e+01,3.471258e+00,8.464948e+00,1.471375e+00,5.137640e+01
1.285000e-02,5.000000e-01,5.000000e+00,3.320846e+00,5.614657e+01,1.304123e+01,2.316636e+00,6.010627e+00,1.714171e+00,3.650875e+00,1.740566e+00,5.456629e+00,5.499784e+00,3.004802e+00,5.789395e+01,6.739788e+00,2.145991e+00,5.233184e+00,9.096305e-01,6.990410e+01
1.285000e-02,5.750000e-01,5.000000e+00,3.129552e+00,5.614657e+01,1.196658e+01,2.316636e+00,6.378026e+00,1.818950e+00,3.874034e+00,1.846958e+00,5.790165e+00,5.835959e+00,3.188470e+00,5.532022e+01,7.151757e+00,2.277165e+00,5.553062e+00,9.652316e-01,6.806449e+01
1.285000e-02,6.500000e-01,5.000000e+00,2.981056e+00,5.614657e+01,1.113235e+01,2.316636e+00,6.695736e+00,1.909558e+00,4.067012e+00,1.938961e+00,6.078591e+00,6.126666e+00,3.347298e+00,5.309458e+01,7.508009e+00,2.390597e+00,5.829677e+00,1.013313e+00,6.647368e+01
1.285000e-02,7.250000e-01,5.000000e+00,2.862437e+00,5.614657e+01,1.046598e+01,2.316636e+00,6.973205e+00,1.988689e+00,4.235548e+00,2.019311e+00,6.330487e+00,6.380553e+00,3.486009e+00,5.115083e+01,7.819139e+00,2.489663e+00,6.071257e+00,1.055304e+00,6.508436e+01
1.285000e-02,8.000000e-01,5.000000e+00,2.765456e+00,5.614658e+01,9.921159e+00,2.316636e+00,7.217745e+00,2.058430e+00,4.384082e+00,2.090125e+00,6.552488e+00,6.604310e+00,3.608258e+00,4.943777e+01,8.093345e+00,2.576972e+00,6.284167e+00,1.092312e+00,6.385991e+01
1.285000e-02,8.750000e-01,5.000000e+00,2.684608e+00,5.614658e+01,9.466967e+00,2.316636e+00,7.435112e+00,2.120421e+00,4.516112e+00,2.153071e+00,6.749820e+00,6.803203e+00,3.716923e+00,4.791505e+01,8.337081e+00,2.654580e+00,6.473419e+00,1.125208e+00,6.277153e+01
1.285000e-02,9.500000e-01,5.000000e+00,2.616067e+00,5.614658e+01,9.081920e+00,2.316636e+00,7.629910e+00,2.175975e+00,4.634433e+00,2.209481e+00,6.926663e+00,6.981445e+00,3.814306e+00,4.655044e+01,8.555510e+00,2.724129e+00,6.643021e+00,1.154688e+00,6.179616e+01
1.285000e-02,1.025000e+00,5.000000e+00,2.557094e+00,5.614658e+01,8.750623e+00,2.316636e+00,7.805874e+00,2.226158e+00,4.741314e+00,2.260436e+00,7.086408e+00,7.142453e+00,3.902272e+00,4.531777e+01,8.752821e+00,2.786954e+00,6.796224e+00,1.181318e+00,6.091509e+01
1.285000e-02,1.100000e+00,5.000000e+00,2.505671e+00,5.614658e+01,8.461736e+00,2.316636e+00,7.966073e+00,2.271845e+00,4.838619e+00,2.306827e+00,7.231842e+00,7.289037e+00,3.982358e+00,4.419553e+01,8.932454e+00,2.844150e+00,6.935702e+00,1.205562e+00,6.011295e+01
1.285000e-02,1.175000e+00,5.000000e+00,2.460275e+00,5.614658e+01,8.206711e+00,2.316636e+00,8.113059e+00,2.313764e+00,4.927899e+00,2.349391e+00,7.365280e+00,7.423531e+00,4.055839e+00,4.316586e+01,9.097271e+00,2.896629e+00,7.063676e+00,1.227806e+00,5.937698e+01
1.285000e-02,1.250000e+00,5.000000e+00,2.419737e+00,5.614658e+01,7.978977e+00,2.316636e+00,8.248976e+00,2.352526e+00,5.010455e+00,2.388751e+00,7.488670e+00,7.547897e+00,4.123786e+00,4.221372e+01,9.249677e+00,2.945156e+00,7.182013e+00,1.248376e+00,5.869642e+01
1.285000e-02,1.325000e+00,5.000000e+00,2.383142e+00,5.614658e+01,7.773397e+00,2.316636e+00,8.375643e+00,2.388651e+00,5.087393e+00,2.425431e+00,7.603662e+00,7.663798e+00,4.187109e+00,4.132638e+01,9.391711e+00,2.990381e+00,7.292297e+00,1.267545e+00,5.806218e+01
1.285000e-02,1.400000e+00,5.000000e+00,2.349765e+00,5.614658e+01,7.585891e+00,2.316636e+00,8.494614e+00,2.422580e+00,5.159657e+00,2.459883e+00,7.711668e+00,7.772658e+00,4.246584e+00,4.049295e+01,9.525115e+00,3.032857e+00,7.395880e+00,1.285550e+00,5.746648e+01
1.285000e-02,1.475000e+00,5.000000e+00,2.319022e+00,5.614658e+01,7.413183e+00,2.316636e+00,8.607226e+00,2.454696e+00,5.228058e+00,2.492493e+00,7.813900e+00,7.875699e+00,4.302880e+00,3.970408e+01,9.651388e+00,3.073064e+00,7.493925e+00,1.302592e+00,5.690262e+01
1.285000e-02,1.550000e+00,5.000000e+00,2.290440e+00,5.614658e+01,7.252614e+00,2.316636e+00,8.714635e+00,2.485328e+00,5.293298e+00,2.523597e+00,7.911409e+00,7.973979e+00,4.356575e+00,3.895165e+01,9.771826e+00,3.111412e+00,7.587441e+00,1.318847e+00,5.636482e+01
1.285000e-02,1.625000e+00,5.000000e+00,2.263631e+00,5.614658e+01,7.102009e+00,2.316636e+00,8.817843e+00,2.514762e+00,5.355987e+00,2.553484e+00,8.005104e+00,8.068415e+00,4.408171e+00,3.822865e+01,9.887555e+00,3.148261e+00,7.677300e+00,1.334466e+00,5.584804e+01
1.285000e-02,1.700000e+00,5.000000e+00,2.238278e+00,5.614658e+01,6.959582e+00,2.316636e+00,8.917722e+00,2.543246e+00,5.416654e+00,2.582407e+00,8.095778e+00,8.159806e+00,4.458102e+00,3.752897e+01,9.999551e+00,3.183921e+00,7.764260e+00,1.349581e+00,5.534793e+01
1.285000e-02,1.775000e+00,5.000000e+00,2.214119e+00,5.614658e+01,6.823859e+00,2.316636e+00,9.015027e+00,2.570997e+00,5.475758e+00,2.610585e+00,8.184115e+00,8.248841e+00,4.506746e+00,3.684732e+01,1.010866e+01,3.218663e+00,7.848980e+00,1.364307e+00,5.486071e+01
1.285000e-02,1.850000e+00,5.000000e+00,2.190937e+00,5.614658e+01,6.693627e+00,2.316636e+00,9.110414e+00,2.598200e+00,5.533696e+00,2.638207e+00,8.270710e+00,8.336121e+00,4.554432e+00,3.617911e+01,1.021562e+01,3.252719e+00,7.932028e+00,1.378743e+00,5.438310e+01
1.285000e-02,1.925000e+00,5.000000e+00,2.168554e+00,5.614658e+01,6.567888e+00,2.316636e+00,9.204445e+00,2.625017e+00,5.590810e+00,2.665437e+00,8.356073e+00,8.422160e+00,4.601439e+00,3.552040e+01,1.032106e+01,3.286291e+00,8.013897e+00,1.392973e+00,5.391228e+01
1.285000e-02,2.000000e+00,5.000000e+00,2.146827e+00,5.614658e+01,6.445830e+00,2.316636e+00,9.297598e+00,2.651583e+00,5.647392e+00,2.692412e+00,8.440641e+00,8.507396e+00,4.648007e+00,3.486784e+01,1.042551e+01,3.319550e+00,8.095001e+00,1.407071e+00,5.344585e+01
1.350000e-02,5.000000e-01,5.000000e+00,3.592467e+00,5.621360e+01,1.456043e+01,2.323800e+00,5.589388e+00,1.607996e+00,3.374839e+00,1.608965e+00,5.044063e+00,5.083956e+00,2.777614e+00,6.102087e+01,6.230205e+00,1.983736e+00,4.837513e+00,8.408552e-01,7.214638e+01
1.350000e-02,5.750000e-01,5.000000e+00,3.372213e+00,5.621360e+01,1.332309e+01,2.323800e+00,5.954456e+00,1.713021e+00,3.595265e+00,1.714054e+00,5.373513e+00,5.416011e+00,2.959033e+00,5.847497e+01,6.637127e+00,2.113303e+00,5.153473e+00,8.957752e-01,7.032713e+01
1.350000e-02,6.500000e-01,5.000000e+00,3.201143e+00,5.621360e+01,1.236205e+01,2.323800e+00,6.272664e+00,1.804566e+00,3.787397e+00,1.805654e+00,5.660676e+00,5.705445e+00,3.117164e+00,5.625586e+01,6.991818e+00,2.226238e+00,5.428876e+00,9.436457e-01,6.874140e+01
1.350000e-02,7.250000e-01,5.000000e+00,3.064453e+00,5.621360e+01,1.159415e+01,2.323800e+00,6.552455e+00,1.885058e+00,3.956334e+00,1.886195e+00,5.913169e+00,5.959935e+00,3.256205e+00,5.430465e+01,7.303687e+00,2.325540e+00,5.671030e+00,9.857369e-01,6.734712e+01
1.350000e-02,8.000000e-01,5.000000e+00,2.952698e+00,5.621360e+01,1.096634e+01,2.323800e+00,6.800454e+00,1.956404e+00,4.106074e+00,1.957584e+00,6.136972e+00,6.185508e+00,3.379447e+00,5.257517e+01,7.580118e+00,2.413557e+00,5.885669e+00,1.023045e+00,6.611127e+01
1.350000e-02,8.750000e-01,5.000000e+00,2.859564e+00,5.621360e+01,1.044313e+01,2.323800e+00,7.021940e+00,2.020123e+00,4.239806e+00,2.021341e+00,6.336849e+00,6.386966e+00,3.489513e+00,5.103057e+01,7.826998e+00,2.492165e+00,6.077361e+00,1.056365e+00,6.500753e+01
1.350000e-02,9.500000e-01,5.000000e+00,2.780665e+00,5.621360e+01,9.999885e+00,2.323800e+00,7.221183e+00,2.077443e+00,4.360107e+00,2.078695e+00,6.516653e+00,6.568191e+00,3.588525e+00,4.964110e+01,8.049083e+00,2.562879e+00,6.249801e+00,1.086339e+00,6.401465e+01
1.350000e-02,1.025000e+00,5.000000e+00,2.712856e+00,5.621360e+01,9.618950e+00,2.323800e+00,7.401678e+00,2.129369e+00,4.469089e+00,2.130652e+00,6.679538e+00,6.732365e+00,3.678221e+00,4.838237e+01,8.250272e+00,2.626939e+00,6.406017e+00,1.113492e+00,6.311518e+01
1.350000e-02,1.100000e+00,5.000000e+00,2.653823e+00,5.621360e+01,9.287316e+00,2.323800e+00,7.566323e+00,2.176735e+00,4.568501e+00,2.178047e+00,6.828120e+00,6.882122e+00,3.760041e+00,4.723417e+01,8.433794e+00,2.685373e+00,6.548514e+00,1.138261e+00,6.229471e+01
1.350000e-02,1.175000e+00,5.000000e+00,2.601822e+00,5.621360e+01,8.995185e+00,2.323800e+00,7.717546e+00,2.220240e+00,4.659809e+00,2.221579e+00,6.964589e+00,7.019670e+00,3.835190e+00,4.617957e+01,8.602355e+00,2.739044e+00,6.679395e+00,1.161011e+00,6.154112e+01
1.350000e-02,1.250000e+00,5.000000e+00,2.555512e+00,5.621360e+01,8.735025e+00,2.323800e+00,7.857400e+00,2.260474e+00,4.744251e+00,2.261837e+00,7.090798e+00,7.146877e+00,3.904690e+00,4.520426e+01,8.758243e+00,2.788680e+00,6.800436e+00,1.182050e+00,6.084418e+01
1.350000e-02,1.325000e+00,5.000000e+00,2.513845e+00,5.621360e+01,8.500947e+00,2.323800e+00,7.987637e+00,2.297942e+00,4.822888e+00,2.299327e+00,7.208329e+00,7.265338e+00,3.969410e+00,4.429602e+01,8.903412e+00,2.834903e+00,6.913154e+00,1.201642e+00,6.019517e+01
1.350000e-02,1.400000e+00,5.000000e+00,2.475988e+00,5.621360e+01,8.288274e+00,2.323800e+00,8.109765e+00,2.333076e+00,4.896628e+00,2.334483e+00,7.318541e+00,7.376422e+00,4.030101e+00,4.344433e+01,9.039542e+00,2.878247e+00,7.018853e+00,1.220015e+00,5.958657e+01
1.350000e-02,1.475000e+00,5.000000e+00,2.441272e+00,5.621360e+01,8.093247e+00,2.323800e+00,8.225089e+00,2.366254e+00,4.966260e+00,2.367680e+00,7.422613e+00,7.481317e+00,4.087411e+00,4.264008e+01,9.168088e+00,2.919177e+00,7.118664e+00,1.237364e+00,5.901188e+01
1.350000e-02,1.550000e+00,5.000000e+00,2.409153e+00,5.621360e+01,7.912810e+00,2.323800e+00,8.334745e+00,2.397800e+00,5.032470e+00,2.399246e+00,7.521571e+00,7.581058e+00,4.141904e+00,4.187537e+01,9.290316e+00,2.958096e+00,7.213569e+00,1.253860e+00,5.846542e+01
1.350000e-02,1.625000e+00,5.000000e+00,2.379185e+00,5.621360e+01,7.744457e+00,2.323800e+00,8.439728e+00,2.428003e+00,5.095857e+00,2.429466e+00,7.616311e+00,7.676547e+00,4.194074e+00,4.114324e+01,9.407335e+00,2.995355e+00,7.304429e+00,1.269654e+00,5.794226e+01
1.350000e-02,1.700000e+00,5.000000e+00,2.351000e+00,5.621360e+01,7.586119e+00,2.323800e+00,8.540908e+00,2.457111e+00,5.156949e+00,2.458592e+00,7.707620e+00,7.768578e+00,4.244355e+00,4.043763e+01,9.520116e+00,3.031265e+00,7.391999e+00,1.284875e+00,5.743805e+01
1.350000e-02,1.775000e+00,5.000000e+00,2.324291e+00,5.621360e+01,7.436077e+00,2.323800e+00,8.639051e+00,2.485345e+00,5.216207e+00,2.486844e+00,7.796187e+00,7.857846e+00,4.293127e+00,3.975321e+01,9.629511e+00,3.066098e+00,7.476940e+00,1.299640e+00,5.694898e+01
1.350000e-02,1.850000e+00,5.000000e+00,2.298805e+00,5.621360e+01,7.292904e+00,2.323800e+00,8.734827e+00,2.512899e+00,5.274037e+00,2.514414e+00,7.882619e+00,7.944961e+00,4.340722e+00,3.908528e+01,9.736268e+00,3.100090e+00,7.559832e+00,1.314048e+00,5.647169e+01
1.350000e-02,1.925000e+00,5.000000e+00,2.274331e+00,5.621360e+01,7.155411e+00,2.323800e+00,8.828824e+00,2.539941e+00,5.330791e+00,2.541472e+00,7.967445e+00,8.030458e+00,4.387433e+00,3.842977e+01,9.841041e+00,3.133450e+00,7.641185e+00,1.328189e+00,5.600328e+01
1.350000e-02,2.000000e+00,5.000000e+00,2.250692e+00,5.621360e+01,7.022612e+00,2.323800e+00,8.921552e+00,2.566617e+00,5.386780e+00,2.568165e+00,8.051127e+00,8.114801e+00,4.433514e+00,3.778310e+01,9.944401e+00,3.166361e+00,7.721439e+00,1.342138e+00,5.554119e+01
1.415000e-02,5.000000e-01,5.000000e+00,3.898823e+00,5.628063e+01,1.627476e+01,2.330965e+00,5.180800e+00,1.503235e+00,3.109658e+00,1.482540e+00,4.647721e+00,4.684478e+00,2.559361e+00,6.403150e+01,5.740660e+00,1.827861e+00,4.457402e+00,7.747843e-01,7.430440e+01
1.415000e-02,5.750000e-01,5.000000e+00,3.645825e+00,5.628063e+01,1.485347e+01,2.330965e+00,5.540316e+00,1.607550e+00,3.325450e+00,1.585419e+00,4.970244e+00,5.009552e+00,2.736965e+00,6.153551e+01,6.139027e+00,1.954704e+00,4.766718e+00,8.285496e-01,7.252128e+01
1.415000e-02,6.500000e-01,5.000000e+00,3.449208e+00,5.628063e+01,1.374891e+01,2.330965e+00,5.856133e+00,1.699186e+00,3.515012e+00,1.675793e+00,5.253565e+00,5.295114e+00,2.892981e+00,5.934290e+01,6.488973e+00,2.066129e+00,5.038438e+00,8.757798e-01,7.095490e+01
1.415000e-02,7.250000e-01,5.000000e+00,3.292050e+00,5.628063e+01,1.286604e+01,2.330965e+00,6.135696e+00,1.780303e+00,3.682813e+00,1.755793e+00,5.504362e+00,5.547894e+00,3.031087e+00,5.740199e+01,6.798746e+00,2.164763e+00,5.278965e+00,9.175881e-01,6.956833e+01
1.415000e-02,8.000000e-01,5.000000e+00,3.163547e+00,5.628063e+01,1.214413e+01,2.330965e+00,6.384928e+00,1.852619e+00,3.832409e+00,1.827113e+00,5.727949e+00,5.773250e+00,3.154210e+00,5.567166e+01,7.074911e+00,2.252696e+00,5.493396e+00,9.548605e-01,6.833220e+01
1.415000e-02,8.750000e-01,5.000000e+00,3.056470e+00,5.628063e+01,1.154259e+01,2.330965e+00,6.608609e+00,1.917521e+00,3.966668e+00,1.891122e+00,5.928615e+00,5.975503e+00,3.264711e+00,5.411872e+01,7.322765e+00,2.331614e+00,5.685845e+00,9.883119e-01,6.722279e+01
1.415000e-02,9.500000e-01,5.000000e+00,2.965800e+00,5.628063e+01,1.103323e+01,2.330965e+00,6.810647e+00,1.976143e+00,4.087937e+00,1.948937e+00,6.109864e+00,6.158185e+00,3.364519e+00,5.271604e+01,7.546636e+00,2.402896e+00,5.859672e+00,1.018526e+00,6.622073e+01
1.415000e-02,1.025000e+00,5.000000e+00,2.887937e+00,5.628063e+01,1.059581e+01,2.330965e+00,6.994271e+00,2.029423e+00,4.198153e+00,2.001483e+00,6.274594e+00,6.324218e+00,3.455231e+00,5.144120e+01,7.750104e+00,2.467681e+00,6.017657e+00,1.045987e+00,6.530999e+01
1.415000e-02,1.100000e+00,5.000000e+00,2.820231e+00,5.628063e+01,1.021545e+01,2.330965e+00,7.162183e+00,2.078143e+00,4.298939e+00,2.049533e+00,6.425229e+00,6.476044e+00,3.538181e+00,5.027544e+01,7.936161e+00,2.526923e+00,6.162123e+00,1.071098e+00,6.447719e+01
1.415000e-02,1.175000e+00,5.000000e+00,2.760687e+00,5.628063e+01,9.880945e+00,2.330965e+00,7.316661e+00,2.122966e+00,4.391661e+00,2.093738e+00,6.563812e+00,6.615723e+00,3.614495e+00,4.920295e+01,8.107333e+00,2.581425e+00,6.295031e+00,1.094200e+00,6.371101e+01
1.415000e-02,1.250000e+00,5.000000e+00,2.707770e+00,5.628063e+01,9.583667e+00,2.330965e+00,7.459648e+00,2.164454e+00,4.477486e+00,2.134655e+00,6.692086e+00,6.745012e+00,3.685131e+00,4.821024e+01,8.265772e+00,2.631873e+00,6.418053e+00,1.115584e+00,6.300182e+01
1.415000e-02,1.325000e+00,5.000000e+00,2.660280e+00,5.628063e+01,9.316882e+00,2.330965e+00,7.592812e+00,2.203092e+00,4.557414e+00,2.172762e+00,6.811548e+00,6.865419e+00,3.750915e+00,4.728574e+01,8.413326e+00,2.678856e+00,6.532623e+00,1.135499e+00,6.234136e+01
1.415000e-02,1.400000e+00,5.000000e+00,2.617267e+00,5.628063e+01,9.075241e+00,2.330965e+00,7.717596e+00,2.239299e+00,4.632313e+00,2.208470e+00,6.923492e+00,6.978248e+00,3.812560e+00,4.641940e+01,8.551595e+00,2.722881e+00,6.639983e+00,1.154160e+00,6.172246e+01
1.415000e-02,1.475000e+00,5.000000e+00,2.577963e+00,5.628063e+01,8.854441e+00,2.330965e+00,7.835258e+00,2.273439e+00,4.702937e+00,2.242140e+00,7.029048e+00,7.084638e+00,3.870686e+00,4.560251e+01,8.681972e+00,2.764394e+00,6.741216e+00,1.171756e+00,6.113888e+01
1.415000e-02,1.550000e+00,5.000000e+00,2.541753e+00,5.628085e+01,8.651002e+00,2.330965e+00,7.946878e+00,2.305826e+00,4.769932e+00,2.274080e+00,7.129182e+00,7.185564e+00,3.925889e+00,4.482738e+01,8.805749e+00,2.803825e+00,6.837249e+00,1.188449e+00,6.058512e+01
1.415000e-02,1.625000e+00,5.000000e+00,2.508104e+00,5.628063e+01,8.461992e+00,2.330965e+00,8.053493e+00,2.336761e+00,4.833927e+00,2.304590e+00,7.224827e+00,7.281966e+00,3.978496e+00,4.408739e+01,8.923791e+00,2.841391e+00,6.928978e+00,1.204393e+00,6.005649e+01
1.415000e-02,1.700000e+00,5.000000e+00,2.476614e+00,5.628063e+01,8.285088e+00,2.330965e+00,8.155892e+00,2.366473e+00,4.895390e+00,2.333893e+00,7.316690e+00,7.374556e+00,4.029082e+00,4.337646e+01,9.037256e+00,2.877519e+00,7.017079e+00,1.219707e+00,5.954861e+01
1.415000e-02,1.775000e+00,5.000000e+00,2.446923e+00,5.628063e+01,8.118286e+00,2.330965e+00,8.254858e+00,2.395188e+00,4.954792e+00,2.362213e+00,7.405472e+00,7.464040e+00,4.077972e+00,4.268938e+01,9.146917e+00,2.912436e+00,7.102226e+00,1.234507e+00,5.905776e+01
1.415000e-02,1.850000e+00,5.000000e+00,2.418734e+00,5.628063e+01,7.959929e+00,2.330965e+00,8.351062e+00,2.423102e+00,5.012536e+00,2.389743e+00,7.491777e+00,7.551028e+00,4.125497e+00,4.202147e+01,9.253517e+00,2.946378e+00,7.184997e+00,1.248894e+00,5.858061e+01
1.415000e-02,1.925000e+00,5.000000e+00,2.391801e+00,5.628063e+01,7.808623e+00,2.330965e+00,8.445100e+00,2.450388e+00,5.068981e+00,2.416653e+00,7.576140e+00,7.636057e+00,4.171953e+00,4.136859e+01,9.357718e+00,2.979556e+00,7.265904e+00,1.262957e+00,5.811420e+01
1.415000e-02,2.000000e+00,5.000000e+00,2.365915e+00,5.628063e+01,7.663201e+00,2.330965e+00,8.537499e+00,2.477198e+00,5.124441e+00,2.443094e+00,7.659031e+00,7.719604e+00,4.217599e+00,4.072710e+01,9.460102e+00,3.012156e+00,7.345402e+00,1.276776e+00,5.765593e+01
1.480000e-02,5.000000e-01,5.000000e+00,4.244126e+00,5.634765e+01,1.820789e+01,2.338129e+00,4.787406e+00,1.400765e+00,2.856658e+00,1.361921e+00,4.269584e+00,4.303350e+00,2.351132e+00,6.690994e+01,5.273602e+00,1.679147e+00,4.094750e+00,7.117483e-01,7.636687e+01
1.480000e-02,5.750000e-01,5.000000e+00,3.954144e+00,5.634765e+01,1.657883e+01,2.338129e+00,5.138496e+00,1.503492e+00,3.066154e+00,1.461799e+00,4.582699e+00,4.618942e+00,2.523555e+00,6.448324e+01,5.660348e+00,1.802289e+00,4.395044e+00,7.639452e-01,7.463370e+01
1.480000e-02,6.500000e-01,5.000000e+00,3.728649e+00,5.634765e+01,1.531204e+01,2.338129e+00,5.449253e+00,1.594417e+00,3.251584e+00,1.550203e+00,4.859843e+00,4.898278e+00,2.676170e+00,6.233532e+01,6.002664e+00,1.911285e+00,4.660839e+00,8.101457e-01,7.309965e+01
1.480000e-02,7.250000e-01,5.000000e+00,3.548336e+00,5.634765e+01,1.429908e+01,2.338129e+00,5.726162e+00,1.675439e+00,3.416816e+00,1.628978e+00,5.106801e+00,5.147189e+00,2.812162e+00,6.042135e+01,6.307696e+00,2.008409e+00,4.897684e+00,8.513141e-01,7.173268e+01
1.480000e-02,8.000000e-01,5.000000e+00,3.400870e+00,5.634765e+01,1.347065e+01,2.338129e+00,5.974456e+00,1.748088e+00,3.564974e+00,1.699613e+00,5.328238e+00,5.370378e+00,2.934101e+00,5.870517e+01,6.581206e+00,2.095496e+00,5.110054e+00,8.882282e-01,7.050697e+01
1.480000e-02,8.750000e-01,5.000000e+00,3.277994e+00,5.634765e+01,1.278036e+01,2.338129e+00,6.198409e+00,1.813615e+00,3.698607e+00,1.763323e+00,5.527967e+00,5.571686e+00,3.044086e+00,5.715723e+01,6.827903e+00,2.174046e+00,5.301605e+00,9.215234e-01,6.940142e+01
1.480000e-02,9.500000e-01,5.000000e+00,3.173972e+00,5.634765e+01,1.219598e+01,2.338129e+00,6.401551e+00,1.873053e+00,3.819823e+00,1.821113e+00,5.709137e+00,5.754288e+00,3.143851e+00,5.575313e+01,7.051675e+00,2.245297e+00,5.475356e+00,9.517247e-01,6.839861e+01
1.480000e-02,1.025000e+00,5.000000e+00,3.084692e+00,5.634765e+01,1.169443e+01,2.338129e+00,6.586830e+00,1.927265e+00,3.930379e+00,1.873821e+00,5.874376e+00,5.920834e+00,3.234843e+00,5.447250e+01,7.255772e+00,2.310282e+00,5.633828e+00,9.792704e-01,6.748397e+01
1.480000e-02,1.100000e+00,5.000000e+00,3.007125e+00,5.634765e+01,1.125867e+01,2.338129e+00,6.756733e+00,1.976977e+00,4.031761e+00,1.922155e+00,6.025901e+00,6.073558e+00,3.318284e+00,5.329815e+01,7.442929e+00,2.369874e+00,5.779149e+00,1.004530e+00,6.664524e+01
1.480000e-02,1.175000e+00,5.000000e+00,2.938991e+00,5.634765e+01,1.087591e+01,2.338129e+00,6.913373e+00,2.022809e+00,4.125228e+00,1.966716e+00,6.165599e+00,6.214360e+00,3.395211e+00,5.221547e+01,7.615478e+00,2.424815e+00,5.913126e+00,1.027818e+00,6.587198e+01
1.480000e-02,1.250000e+00,5.000000e+00,2.878536e+00,5.634765e+01,1.053629e+01,2.338129e+00,7.058566e+00,2.065292e+00,4.211865e+00,2.008020e+00,6.295087e+00,6.344873e+00,3.466516e+00,5.121191e+01,7.775416e+00,2.475741e+00,6.037312e+00,1.049404e+00,6.515524e+01
1.480000e-02,1.325000e+00,5.000000e+00,2.824392e+00,5.634765e+01,1.023212e+01,2.338129e+00,7.193880e+00,2.104884e+00,4.292608e+00,2.046514e+00,6.415765e+00,6.466505e+00,3.532970e+00,5.027663e+01,7.924472e+00,2.523201e+00,6.153048e+00,1.069521e+00,6.448726e+01
1.480000e-02,1.400000e+00,5.000000e+00,2.775471e+00,5.634765e+01,9.957289e+00,2.338129e+00,7.320681e+00,2.141985e+00,4.368270e+00,2.082587e+00,6.528851e+00,6.580485e+00,3.595243e+00,4.940020e+01,8.064151e+00,2.567676e+00,6.261503e+00,1.088373e+00,6.386130e+01
1.480000e-02,1.475000e+00,5.000000e+00,2.730898e+00,5.634765e+01,9.706888e+00,2.338129e+00,7.440166e+00,2.176946e+00,4.439567e+00,2.116578e+00,6.635412e+00,6.687889e+00,3.653923e+00,4.857433e+01,8.195771e+00,2.609584e+00,6.363700e+00,1.106137e+00,6.327146e+01
1.480000e-02,1.550000e+00,5.000000e+00,2.689962e+00,5.634765e+01,9.476919e+00,2.338129e+00,7.553390e+00,2.210074e+00,4.507128e+00,2.148788e+00,6.736389e+00,6.789665e+00,3.709528e+00,4.779173e+01,8.320494e+00,2.649297e+00,6.460543e+00,1.122970e+00,6.271253e+01
1.480000e-02,1.625000e+00,5.000000e+00,2.652078e+00,5.634765e+01,9.264094e+00,2.338129e+00,7.661288e+00,2.241645e+00,4.571511e+00,2.179483e+00,6.832617e+00,6.886653e+00,3.762518e+00,4.704595e+01,8.439350e+00,2.687141e+00,6.552830e+00,1.139011e+00,6.217989e+01
1.480000e-02,1.700000e+00,5.000000e+00,2.616760e+00,5.634765e+01,9.065686e+00,2.338129e+00,7.764690e+00,2.271899e+00,4.633211e+00,2.208898e+00,6.924834e+00,6.979600e+00,3.813299e+00,4.633125e+01,8.553253e+00,2.723409e+00,6.641271e+00,1.154384e+00,6.166944e+01
1.480000e-02,1.775000e+00,5.000000e+00,2.583603e+00,5.634765e+01,8.879421e+00,2.338129e+00,7.864337e+00,2.301055e+00,4.692671e+00,2.237246e+00,7.013703e+00,7.069172e+00,3.862237e+00,4.564250e+01,8.663020e+00,2.758360e+00,6.726501e+00,1.169198e+00,6.117753e+01
1.480000e-02,1.850000e+00,5.000000e+00,2.552268e+00,5.634765e+01,8.703385e+00,2.338129e+00,7.960891e+00,2.329306e+00,4.750285e+00,2.264714e+00,7.099813e+00,7.155963e+00,3.909655e+00,4.497513e+01,8.769380e+00,2.792225e+00,6.809085e+00,1.183553e+00,6.070089e+01
1.480000e-02,1.925000e+00,5.000000e+00,2.522466e+00,5.634765e+01,8.535966e+00,2.338129e+00,8.054944e+00,2.356826e+00,4.806407e+00,2.291470e+00,7.183693e+00,7.240507e+00,3.955845e+00,4.432504e+01,8.872985e+00,2.825214e+00,6.889530e+00,1.197536e+00,6.023659e+01
1.480000e-02,2.000000e+00,5.000000e+00,2.493963e+00,5.634788e+01,8.375821e+00,2.338129e+00,8.147002e+00,2.383761e+00,4.861335e+00,2.317657e+00,7.265793e+00,7.323256e+00,4.001118e+00,4.368854e+01,8.974489e+00,2.857553e+00,6.968268e+00,1.211222e+00,5.978199e+01
1.545000e-02,5.000000e-01,5.000000e+00,4.633078e+00,5.641468e+01,2.038622e+01,2.345294e+00,4.411254e+00,1.301337e+00,2.616840e+00,1.247587e+00,3.911149e+00,3.942081e+00,2.153753e+00,6.964395e+01,4.830879e+00,1.538181e+00,3.750994e+00,6.519967e-01,7.832513e+01
1.545000e-02,5.750000e-01,5.000000e+00,4.301363e+00,5.641468e+01,1.852272e+01,2.345294e+00,4.751443e+00,1.401694e+00,2.818647e+00,1.343799e+00,4.212771e+00,4.246088e+00,2.319847e+00,6.730294e+01,5.203429e+00,1.656803e+00,4.040265e+00,7.022776e-01,7.665360e+01
1.545000e-02,6.500000e-01,5.000000e+00,4.043258e+00,5.641468e+01,1.707273e+01,2.345294e+00,5.054756e+00,1.491173e+00,2.998578e+00,1.429582e+00,4.481697e+00,4.517141e+00,2.467937e+00,6.521569e+01,5.535595e+00,1.762567e+00,4.298179e+00,7.471082e-01,7.516326e+01
1.545000e-02,7.250000e-01,5.000000e+00,3.836778e+00,5.641468e+01,1.591278e+01,2.345294e+00,5.326781e+00,1.571421e+00,3.159948e+00,1.506515e+00,4.722883e+00,4.760234e+00,2.600751e+00,6.334374e+01,5.833498e+00,1.857421e+00,4.529489e+00,7.873144e-01,7.382665e+01
1.545000e-02,8.000000e-01,5.000000e+00,3.667867e+00,5.641468e+01,1.496387e+01,2.345294e+00,5.572088e+00,1.643788e+00,3.305469e+00,1.575893e+00,4.940379e+00,4.979450e+00,2.720519e+00,6.165567e+01,6.102139e+00,1.942958e+00,4.738078e+00,8.235714e-01,7.262133e+01
1.545000e-02,8.750000e-01,5.000000e+00,3.527111e+00,5.641468e+01,1.417313e+01,2.345294e+00,5.794451e+00,1.709386e+00,3.437379e+00,1.638782e+00,5.137533e+00,5.178164e+00,2.829086e+00,6.012547e+01,6.345656e+00,2.020495e+00,4.927159e+00,8.564374e-01,7.152874e+01
1.545000e-02,9.500000e-01,5.000000e+00,3.407968e+00,5.641468e+01,1.350381e+01,2.345294e+00,5.997026e+00,1.769146e+00,3.557550e+00,1.696074e+00,5.317142e+00,5.359193e+00,2.927991e+00,5.873145e+01,6.567501e+00,2.091132e+00,5.099414e+00,8.863786e-01,7.053338e+01
1.545000e-02,1.025000e+00,5.000000e+00,3.305745e+00,5.641468e+01,1.292955e+01,2.345294e+00,6.182471e+00,1.823853e+00,3.667560e+00,1.748521e+00,5.481562e+00,5.524914e+00,3.018533e+00,5.745532e+01,6.770586e+00,2.155796e+00,5.257101e+00,9.137878e-01,6.962219e+01
1.545000e-02,1.100000e+00,5.000000e+00,3.216995e+00,5.641490e+01,1.243094e+01,2.345294e+00,6.353031e+00,1.874169e+00,3.768739e+00,1.796758e+00,5.632787e+00,5.677334e+00,3.101856e+00,5.628144e+01,6.957447e+00,2.215309e+00,5.402133e+00,9.389972e-01,6.878401e+01
1.545000e-02,1.175000e+00,5.000000e+00,3.139094e+00,5.641468e+01,1.199333e+01,2.345294e+00,6.510691e+00,1.920679e+00,3.862266e+00,1.841348e+00,5.772573e+00,5.818226e+00,3.178783e+00,5.519667e+01,7.130029e+00,2.270245e+00,5.536195e+00,9.622998e-01,6.800946e+01
1.545000e-02,1.250000e+00,5.000000e+00,3.070064e+00,5.641468e+01,1.160554e+01,2.345294e+00,6.657082e+00,1.963865e+00,3.949108e+00,1.882750e+00,5.902367e+00,5.949047e+00,3.250257e+00,5.418928e+01,7.290346e+00,2.321291e+00,5.660674e+00,9.839368e-01,6.729017e+01
1.545000e-02,1.325000e+00,5.000000e+00,3.008337e+00,5.641468e+01,1.125877e+01,2.345294e+00,6.793676e+00,2.004161e+00,4.030139e+00,1.921381e+00,6.023476e+00,6.071113e+00,3.316948e+00,5.324930e+01,7.439934e+00,2.368920e+00,5.776824e+00,1.004126e+00,6.661900e+01
1.545000e-02,1.400000e+00,5.000000e+00,2.952672e+00,5.641468e+01,1.094606e+01,2.345294e+00,6.921752e+00,2.041944e+00,4.106116e+00,1.957604e+00,6.137032e+00,6.185567e+00,3.379480e+00,5.236795e+01,7.580194e+00,2.413580e+00,5.885730e+00,1.023056e+00,6.598970e+01
1.545000e-02,1.475000e+00,5.000000e+00,2.902073e+00,5.641468e+01,1.066180e+01,2.345294e+00,7.042436e+00,2.077546e+00,4.177708e+00,1.991735e+00,6.244033e+00,6.293415e+00,3.438403e+00,5.153746e+01,7.712357e+00,2.455662e+00,5.988350e+00,1.040893e+00,6.539671e+01
1.545000e-02,1.550000e+00,5.000000e+00,2.855728e+00,5.641468e+01,1.040145e+01,2.345294e+00,7.156725e+00,2.111262e+00,4.245506e+00,2.024059e+00,6.345366e+00,6.395549e+00,3.494203e+00,5.075098e+01,7.837519e+00,2.495514e+00,6.085533e+00,1.057786e+00,6.483515e+01
1.545000e-02,1.625000e+00,5.000000e+00,2.812970e+00,5.641468e+01,1.016124e+01,2.345294e+00,7.265509e+00,2.143354e+00,4.310039e+00,2.054825e+00,6.441817e+00,6.492763e+00,3.547316e+00,5.000238e+01,7.956651e+00,2.533447e+00,6.178034e+00,1.073864e+00,6.430063e+01
1.545000e-02,1.700000e+00,5.000000e+00,2.773245e+00,5.641468e+01,9.938077e+00,2.345294e+00,7.369583e+00,2.174056e+00,4.371777e+00,2.084259e+00,6.534091e+00,6.585767e+00,3.598129e+00,4.928620e+01,8.070625e+00,2.569737e+00,6.266530e+00,1.089247e+00,6.378926e+01
1.545000e-02,1.775000e+00,5.000000e+00,2.736090e+00,5.641468e+01,9.729347e+00,2.345294e+00,7.469659e+00,2.203579e+00,4.431144e+00,2.112562e+00,6.622822e+00,6.675199e+00,3.646990e+00,4.859752e+01,8.180221e+00,2.604633e+00,6.351628e+00,1.104038e+00,6.329754e+01
1.545000e-02,1.850000e+00,5.000000e+00,2.701114e+00,5.641468e+01,9.532863e+00,2.345294e+00,7.566380e+00,2.232112e+00,4.488521e+00,2.139917e+00,6.708577e+00,6.761633e+00,3.694213e+00,4.793194e+01,8.286143e+00,2.638359e+00,6.433871e+00,1.118334e+00,6.282229e+01
1.545000e-02,1.925000e+00,5.000000e+00,2.667989e+00,5.641468e+01,9.346770e+00,2.345294e+00,7.660323e+00,2.259825e+00,4.544250e+00,2.166486e+00,6.791870e+00,6.845585e+00,3.740080e+00,4.728547e+01,8.389023e+00,2.671117e+00,6.513754e+00,1.132219e+00,6.236070e+01
1.545000e-02,2.000000e+00,5.000000e+00,2.636432e+00,5.641468e+01,9.169495e+00,2.345294e+00,7.752011e+00,2.286874e+00,4.598641e+00,2.192417e+00,6.873164e+00,6.927521e+00,3.784846e+00,4.665452e+01,8.489433e+00,2.703088e+00,6.591718e+00,1.145770e+00,6.191019e+01
1.610000e-02,5.000000e-01,5.000000e+00,5.070930e+00,5.648170e+01,2.283927e+01,2.352458e+00,4.053894e+00,1.205572e+00,2.390889e+00,1.139864e+00,3.573440e+00,3.601701e+00,1.967787e+00,7.222492e+01,4.413756e+00,1.405366e+00,3.427115e+00,5.957001e-01,8.017312e+01
1.610000e-02,5.750000e-01,5.000000e+00,4.692166e+00,5.648170e+01,2.071145e+01,2.352458e+00,4.381134e+00,1.302889e+00,2.583888e+00,1.231877e+00,3.861898e+00,3.892440e+00,2.126632e+00,6.998284e+01,4.770046e+00,1.518811e+00,3.703760e+00,6.437865e-01,7.857264e+01
1.610000e-02,6.500000e-01,5.000000e+00,4.397268e+00,5.648170e+01,1.905478e+01,2.352458e+00,4.674950e+00,1.390266e+00,2.757173e+00,1.314491e+00,4.120891e+00,4.153482e+00,2.269252e+00,6.796977e+01,5.089944e+00,1.620669e+00,3.952149e+00,6.869613e-01,7.713564e+01
1.610000e-02,7.250000e-01,5.000000e+00,4.161247e+00,5.648170e+01,1.772886e+01,2.352458e+00,4.940107e+00,1.469119e+00,2.913556e+00,1.389047e+00,4.354623e+00,4.389062e+00,2.397961e+00,6.615306e+01,5.378639e+00,1.712591e+00,4.176309e+00,7.259249e-01,7.583880e+01
1.610000e-02,8.000000e-01,5.000000e+00,3.968111e+00,5.648170e+01,1.664386e+01,2.352458e+00,5.180552e+00,1.540625e+00,3.055365e+00,1.456655e+00,4.566571e+00,4.602686e+00,2.514675e+00,6.450566e+01,5.640428e+00,1.795946e+00,4.379579e+00,7.612571e-01,7.466283e+01
1.610000e-02,8.750000e-01,5.000000e+00,3.807144e+00,5.648170e+01,1.573958e+01,2.352458e+00,5.399587e+00,1.605762e+00,3.184547e+00,1.518243e+00,4.759647e+00,4.797289e+00,2.620995e+00,6.300495e+01,5.878907e+00,1.871879e+00,4.564748e+00,7.934432e-01,7.359157e+01
1.610000e-02,9.500000e-01,5.000000e+00,3.670896e+00,5.648170e+01,1.497417e+01,2.352458e+00,5.599997e+00,1.665362e+00,3.302743e+00,1.574593e+00,4.936305e+00,4.975344e+00,2.718276e+00,6.163185e+01,6.097107e+00,1.941355e+00,4.734172e+00,8.228924e-01,7.261140e+01
1.610000e-02,1.025000e+00,5.000000e+00,3.554021e+00,5.648170e+01,1.431760e+01,2.352458e+00,5.784153e+00,1.720127e+00,3.411354e+00,1.626374e+00,5.098635e+00,5.138958e+00,2.807666e+00,6.037012e+01,6.297610e+00,2.005197e+00,4.889855e+00,8.499532e-01,7.171073e+01
1.610000e-02,1.100000e+00,5.000000e+00,3.452586e+00,5.648170e+01,1.374775e+01,2.352458e+00,5.954089e+00,1.770664e+00,3.511578e+00,1.674156e+00,5.248431e+00,5.289938e+00,2.890154e+00,5.920581e+01,6.482632e+00,2.064109e+00,5.033517e+00,8.749245e-01,7.087960e+01
1.610000e-02,1.175000e+00,5.000000e+00,3.363624e+00,5.648170e+01,1.324798e+01,2.352458e+00,6.111563e+00,1.817494e+00,3.604453e+00,1.718435e+00,5.387242e+00,5.429847e+00,2.966593e+00,5.812688e+01,6.654086e+00,2.118701e+00,5.166644e+00,8.980646e-01,7.010942e+01
1.610000e-02,1.250000e+00,5.000000e+00,3.284859e+00,5.648170e+01,1.280550e+01,2.352458e+00,6.258106e+00,1.861074e+00,3.690881e+00,1.759639e+00,5.516417e+00,5.560044e+00,3.037726e+00,5.712284e+01,6.813637e+00,2.169503e+00,5.290530e+00,9.195984e-01,6.939270e+01
1.610000e-02,1.325000e+00,5.000000e+00,3.214513e+00,5.648170e+01,1.241031e+01,2.352458e+00,6.395059e+00,1.901802e+00,3.771652e+00,1.798147e+00,5.637138e+00,5.681720e+00,3.104204e+00,5.618452e+01,6.962747e+00,2.216981e+00,5.406308e+00,9.397229e-01,6.872289e+01
1.610000e-02,1.400000e+00,5.000000e+00,3.151172e+00,5.648170e+01,1.205448e+01,2.352458e+00,6.523602e+00,1.940029e+00,3.847464e+00,1.834291e+00,5.750447e+00,5.795925e+00,3.166600e+00,5.530381e+01,7.102701e+00,2.261543e+00,5.514977e+00,9.586117e-01,6.809421e+01
1.610000e-02,1.475000e+00,5.000000e+00,3.093704e+00,5.648170e+01,1.173163e+01,2.352458e+00,6.644784e+00,1.976067e+00,3.918934e+00,1.868364e+00,5.857267e+00,5.903590e+00,3.225422e+00,5.447354e+01,7.234641e+00,2.303554e+00,5.617423e+00,9.764188e-01,6.750153e+01
1.610000e-02,1.550000e+00,5.000000e+00,3.041183e+00,5.648170e+01,1.143658e+01,2.352458e+00,6.759539e+00,2.010193e+00,3.986614e+00,1.900631e+00,5.958422e+00,6.005544e+00,3.281125e+00,5.368730e+01,7.359582e+00,2.343336e+00,5.714435e+00,9.932814e-01,6.694028e+01
1.610000e-02,1.625000e+00,5.000000e+00,2.992849e+00,5.648170e+01,1.116506e+01,2.352458e+00,6.868702e+00,2.042657e+00,4.050995e+00,1.931325e+00,6.054647e+00,6.102531e+00,3.334114e+00,5.293937e+01,7.478436e+00,2.381180e+00,5.806720e+00,1.009322e+00,6.640639e+01
1.610000e-02,1.700000e+00,5.000000e+00,2.948073e+00,5.648170e+01,1.091351e+01,2.352458e+00,6.973025e+00,2.073681e+00,4.112523e+00,1.960658e+00,6.146607e+00,6.195217e+00,3.384753e+00,5.222460e+01,7.592021e+00,2.417346e+00,5.894914e+00,1.024652e+00,6.589616e+01
1.610000e-02,1.775000e+00,5.000000e+00,2.906326e+00,5.648170e+01,1.067899e+01,2.352458e+00,7.073187e+00,2.103468e+00,4.171596e+00,1.988822e+00,6.234898e+00,6.284207e+00,3.433372e+00,5.153835e+01,7.701074e+00,2.452069e+00,5.979590e+00,1.039371e+00,6.540628e+01
1.610000e-02,1.850000e+00,5.000000e+00,2.867162e+00,5.648171e+01,1.045898e+01,2.352458e+00,7.169801e+00,2.132200e+00,4.228577e+00,2.015987e+00,6.320061e+00,6.370044e+00,3.480269e+00,5.087640e+01,7.806265e+00,2.485562e+00,6.061266e+00,1.053568e+00,6.493376e+01
1.610000e-02,1.925000e+00,5.000000e+00,2.830205e+00,5.648171e+01,1.025136e+01,2.352458e+00,7.263425e+00,2.160042e+00,4.283793e+00,2.042312e+00,6.402589e+00,6.453224e+00,3.525715e+00,5.023494e+01,7.908199e+00,2.518019e+00,6.140414e+00,1.067325e+00,6.447587e+01
1.610000e-02,2.000000e+00,5.000000e+00,2.795133e+00,5.648171e+01,1.005433e+01,2.352458e+00,7.354562e+00,2.187145e+00,4.337544e+00,2.067938e+00,6.482925e+00,6.534196e+00,3.569953e+00,4.961052e+01,8.007427e+00,2.549614e+00,6.217461e+00,1.080717e+00,6.403013e+01
1.675000e-02,5.000000e-01,5.000000e+00,5.563543e+00,5.654873e+01,2.559994e+01,2.359623e+00,3.716398e+00,1.113957e+00,2.179194e+00,1.038938e+00,3.257039e+00,3.282797e+00,1.793554e+00,7.464762e+01,4.022951e+00,1.280931e+00,3.123670e+00,5.429554e-01,8.190719e+01
1.675000e-02,5.750000e-01,5.000000e+00,5.131779e+00,5.654873e+01,2.317438e+01,2.359623e+00,4.029079e+00,1.207680e+00,2.362541e+00,1.126349e+00,3.531071e+00,3.558996e+00,1.944455e+00,7.251458e+01,4.361423e+00,1.388703e+00,3.386481e+00,5.886371e-01,8.038495e+01
1.675000e-02,6.500000e-01,5.000000e+00,4.795406e+00,5.654873e+01,2.128471e+01,2.359623e+00,4.311697e+00,1.292392e+00,2.528261e+00,1.205356e+00,3.778757e+00,3.808641e+00,2.080849e+00,7.058663e+01,4.667354e+00,1.486113e+00,3.624025e+00,6.299269e-01,7.900906e+01
1.675000e-02,7.250000e-01,5.000000e+00,4.526064e+00,5.654873e+01,1.977161e+01,2.359623e+00,4.568282e+00,1.369301e+00,2.678715e+00,1.277086e+00,4.003626e+00,4.035289e+00,2.204678e+00,6.883627e+01,4.945104e+00,1.574550e+00,3.839687e+00,6.674132e-01,7.775991e+01
1.675000e-02,8.000000e-01,5.000000e+00,4.305587e+00,5.654873e+01,1.853302e+01,2.359623e+00,4.802211e+00,1.439419e+00,2.815884e+00,1.342482e+00,4.208641e+00,4.241925e+00,2.317573e+00,6.724046e+01,5.198329e+00,1.655179e+00,4.036306e+00,7.015895e-01,7.662106e+01
1.675000e-02,8.750000e-01,5.000000e+00,4.121797e+00,5.654873e+01,1.750052e+01,2.359623e+00,5.016340e+00,1.503602e+00,2.941444e+00,1.402343e+00,4.396303e+00,4.431071e+00,2.420913e+00,6.577972e+01,5.430121e+00,1.728983e+00,4.216284e+00,7.328732e-01,7.557859e+01
1.675000e-02,9.500000e-01,5.000000e+00,3.966222e+00,5.654873e+01,1.662653e+01,2.359623e+00,5.213106e+00,1.562581e+00,3.056822e+00,1.457350e+00,4.568748e+00,4.604880e+00,2.515873e+00,6.443743e+01,5.643118e+00,1.796802e+00,4.381668e+00,7.616202e-01,7.462066e+01
1.675000e-02,1.025000e+00,5.000000e+00,3.832782e+00,5.654873e+01,1.587690e+01,2.359623e+00,5.394601e+00,1.616983e+00,3.163246e+00,1.508088e+00,4.727810e+00,4.765200e+00,2.603464e+00,6.319931e+01,5.839584e+00,1.859358e+00,4.534216e+00,7.881361e-01,7.373708e+01
1.675000e-02,1.100000e+00,5.000000e+00,3.717002e+00,5.654873e+01,1.522647e+01,2.359623e+00,5.562636e+00,1.667350e+00,3.261777e+00,1.555063e+00,4.875075e+00,4.913630e+00,2.684559e+00,6.205302e+01,6.021480e+00,1.917275e+00,4.675451e+00,8.126856e-01,7.291902e+01
1.675000e-02,1.175000e+00,5.000000e+00,3.615509e+00,5.654873e+01,1.465631e+01,2.359623e+00,5.718788e+00,1.714155e+00,3.353341e+00,1.598716e+00,5.011926e+00,5.051563e+00,2.759919e+00,6.098779e+01,6.190512e+00,1.971096e+00,4.806698e+00,8.354989e-01,7.215882e+01
1.675000e-02,1.250000e+00,5.000000e+00,3.525712e+00,5.654873e+01,1.415185e+01,2.359623e+00,5.864440e+00,1.757813e+00,3.438747e+00,1.639434e+00,5.139575e+00,5.180222e+00,2.830211e+00,5.999418e+01,6.348179e+00,2.021298e+00,4.929120e+00,8.567783e-01,7.144973e+01
1.675000e-02,1.325000e+00,5.000000e+00,3.445588e+00,5.654873e+01,1.370173e+01,2.359623e+00,6.000812e+00,1.798689e+00,3.518712e+00,1.677557e+00,5.259091e+00,5.300683e+00,2.896025e+00,5.906389e+01,6.495799e+00,2.068301e+00,5.043742e+00,8.767018e-01,7.078582e+01
1.675000e-02,1.400000e+00,5.000000e+00,3.373532e+00,5.654873e+01,1.329693e+01,2.359623e+00,6.128985e+00,1.837108e+00,3.593869e+00,1.713388e+00,5.371421e+00,5.413901e+00,2.957882e+00,5.818952e+01,6.634545e+00,2.112479e+00,5.151473e+00,8.954275e-01,7.016183e+01
1.675000e-02,1.475000e+00,5.000000e+00,3.308252e+00,5.654873e+01,1.293021e+01,2.359623e+00,6.249923e+00,1.873358e+00,3.664784e+00,1.747197e+00,5.477411e+00,5.520729e+00,3.016247e+00,5.736451e+01,6.765459e+00,2.154163e+00,5.253122e+00,9.130962e-01,6.957305e+01
1.675000e-02,1.550000e+00,5.000000e+00,3.248699e+00,5.654873e+01,1.259566e+01,2.359623e+00,6.364492e+00,1.907699e+00,3.731963e+00,1.779225e+00,5.577819e+00,5.621931e+00,3.071539e+00,5.658295e+01,6.889478e+00,2.193651e+00,5.349418e+00,9.298344e-01,6.901529e+01
1.675000e-02,1.625000e+00,5.000000e+00,3.194010e+00,5.654873e+01,1.228842e+01,2.359623e+00,6.473468e+00,1.940363e+00,3.795864e+00,1.809690e+00,5.673325e+00,5.718192e+00,3.124131e+00,5.583954e+01,7.007444e+00,2.231212e+00,5.441014e+00,9.457555e-01,6.848475e+01
1.675000e-02,1.700000e+00,5.000000e+00,3.143466e+00,5.654873e+01,1.200448e+01,2.359623e+00,6.577555e+00,1.971562e+00,3.856898e+00,1.838788e+00,5.764547e+00,5.810135e+00,3.174364e+00,5.512948e+01,7.120117e+00,2.267088e+00,5.528500e+00,9.609623e-01,6.797802e+01
1.675000e-02,1.775000e+00,5.000000e+00,3.096466e+00,5.654873e+01,1.174045e+01,2.359623e+00,6.677391e+00,2.001487e+00,3.915439e+00,1.866698e+00,5.852042e+00,5.898323e+00,3.222545e+00,5.444843e+01,7.228188e+00,2.301498e+00,5.612413e+00,9.755480e-01,6.749198e+01
1.675000e-02,1.850000e+00,5.000000e+00,3.052506e+00,5.654873e+01,1.149348e+01,2.359623e+00,6.773555e+00,2.030312e+00,3.971827e+00,1.893581e+00,5.936320e+00,5.983267e+00,3.268955e+00,5.379242e+01,7.332284e+00,2.334644e+00,5.693240e+00,9.895973e-01,6.702382e+01
1.675000e-02,1.925000e+00,5.000000e+00,3.011153e+00,5.654873e+01,1.126117e+01,2.359623e+00,6.866577e+00,2.058194e+00,4.026372e+00,1.919586e+00,6.017844e+00,6.065436e+00,3.313847e+00,5.315785e+01,7.432979e+00,2.366705e+00,5.771426e+00,1.003188e+00,6.657095e+01
1.675000e-02,2.000000e+00,5.000000e+00,2.972041e+00,5.654873e+01,1.104145e+01,2.359623e+00,6.956940e+00,2.085280e+00,4.079359e+00,1.944847e+00,6.097038e+00,6.145257e+00,3.357457e+00,5.254141e+01,7.530796e+00,2.397851e+00,5.847377e+00,1.016389e+00,6.613103e+01
1.740000e-02,5.000000e-01,5.000000e+00,6.117454e+00,5.661575e+01,2.870497e+01,2.366787e+00,3.399400e+00,1.026852e+00,1.981878e+00,9.448666e-01,2.962128e+00,2.985554e+00,1.631156e+00,7.690990e+01,3.658690e+00,1.164948e+00,2.840836e+00,4.937933e-01,8.352591e+01
1.740000e-02,5.750000e-01,5.000000e+00,5.626033e+00,5.661575e+01,2.594428e+01,2.366787e+00,3.696329e+00,1.116545e+00,2.154990e+00,1.027398e+00,3.220863e+00,3.246335e+00,1.773633e+00,7.489303e+01,3.978269e+00,1.266704e+00,3.088976e+00,5.369250e-01,8.208694e+01
1.740000e-02,6.500000e-01,5.000000e+00,5.242946e+00,5.661575e+01,2.379217e+01,2.366787e+00,3.966410e+00,1.198128e+00,2.312449e+00,1.102468e+00,3.456202e+00,3.483536e+00,1.903228e+00,7.305854e+01,4.268950e+00,1.359258e+00,3.314679e+00,5.761566e-01,8.077808e+01
1.740000e-02,7.250000e-01,5.000000e+00,4.936050e+00,5.661575e+01,2.206810e+01,2.366787e+00,4.213018e+00,1.272621e+00,2.456224e+00,1.171013e+00,3.671089e+00,3.700121e+00,2.021559e+00,7.138347e+01,4.534368e+00,1.443769e+00,3.520767e+00,6.119786e-01,7.958298e+01
1.740000e-02,8.000000e-01,5.000000e+00,4.684744e+00,5.661575e+01,2.065632e+01,2.366787e+00,4.439019e+00,1.340889e+00,2.587985e+00,1.233830e+00,3.868019e+00,3.898609e+00,2.130003e+00,6.984838e+01,4.777608e+00,1.521218e+00,3.709633e+00,6.448074e-01,7.848773e+01
1.740000e-02,8.750000e-01,5.000000e+00,4.475204e+00,5.661575e+01,1.947917e+01,2.366787e+00,4.646864e+00,1.403672e+00,2.709160e+00,1.291601e+00,4.049129e+00,4.081151e+00,2.229735e+00,6.843661e+01,5.001306e+00,1.592445e+00,3.883326e+00,6.749987e-01,7.748048e+01
1.740000e-02,9.500000e-01,5.000000e+00,4.297813e+00,5.661575e+01,1.848263e+01,2.366787e+00,4.838662e+00,1.461608e+00,2.820980e+00,1.344911e+00,4.216255e+00,4.249599e+00,2.321766e+00,6.713384e+01,5.207734e+00,1.658173e+00,4.043610e+00,7.028591e-01,7.655099e+01
1.740000e-02,1.025000e+00,5.000000e+00,4.145665e+00,5.661575e+01,1.762789e+01,2.366787e+00,5.016243e+00,1.515250e+00,2.924511e+00,1.394270e+00,4.370993e+00,4.405561e+00,2.406976e+00,6.592764e+01,5.398860e+00,1.719029e+00,4.192011e+00,7.286542e-01,7.569041e+01
1.740000e-02,1.100000e+00,5.000000e+00,4.013675e+00,5.661575e+01,1.688640e+01,2.366787e+00,5.181202e+00,1.565079e+00,3.020683e+00,1.440120e+00,4.514733e+00,4.550438e+00,2.486129e+00,6.480717e+01,5.576401e+00,1.775559e+00,4.329866e+00,7.526160e-01,7.489099e+01
1.740000e-02,1.175000e+00,5.000000e+00,3.898011e+00,5.661575e+01,1.623663e+01,2.366787e+00,5.334941e+00,1.611518e+00,3.110314e+00,1.482852e+00,4.648697e+00,4.685461e+00,2.559899e+00,6.376292e+01,5.741867e+00,1.828244e+00,4.458343e+00,7.749480e-01,7.414594e+01
1.740000e-02,1.250000e+00,5.000000e+00,3.795731e+00,5.661575e+01,1.566204e+01,2.366787e+00,5.478697e+00,1.654943e+00,3.194125e+00,1.522809e+00,4.773961e+00,4.811716e+00,2.628878e+00,6.278647e+01,5.896588e+00,1.877508e+00,4.578479e+00,7.958298e-01,7.344927e+01
1.740000e-02,1.325000e+00,5.000000e+00,3.704534e+00,5.661576e+01,1.514972e+01,2.366787e+00,5.613568e+00,1.695683e+00,3.272756e+00,1.560297e+00,4.891484e+00,4.930168e+00,2.693595e+00,6.187036e+01,6.041747e+00,1.923728e+00,4.691189e+00,8.154211e-01,7.279566e+01
1.740000e-02,1.400000e+00,5.000000e+00,3.622598e+00,5.661576e+01,1.468942e+01,2.366787e+00,5.740535e+00,1.734036e+00,3.346779e+00,1.595588e+00,5.002119e+00,5.041678e+00,2.754518e+00,6.100795e+01,6.178399e+00,1.967239e+00,4.797294e+00,8.338642e-01,7.218036e+01
1.740000e-02,1.475000e+00,5.000000e+00,3.548457e+00,5.661576e+01,1.427292e+01,2.366787e+00,5.860477e+00,1.770266e+00,3.416706e+00,1.628926e+00,5.106632e+00,5.147018e+00,2.812070e+00,6.019326e+01,6.307489e+00,2.008342e+00,4.897527e+00,8.512868e-01,7.159910e+01
1.740000e-02,1.550000e+00,5.000000e+00,3.480918e+00,5.661576e+01,1.389350e+01,2.366787e+00,5.974185e+00,1.804614e+00,3.482999e+00,1.660531e+00,5.205714e+00,5.246883e+00,2.866632e+00,5.942091e+01,6.429871e+00,2.047309e+00,4.992552e+00,8.678039e-01,7.104805e+01
1.740000e-02,1.625000e+00,5.000000e+00,3.419001e+00,5.661576e+01,1.354566e+01,2.366787e+00,6.082377e+00,1.837295e+00,3.546076e+00,1.690603e+00,5.299988e+00,5.341903e+00,2.918546e+00,5.868603e+01,6.546315e+00,2.084386e+00,5.082966e+00,8.835197e-01,7.052373e+01
1.740000e-02,1.700000e+00,5.000000e+00,3.361890e+00,5.661576e+01,1.322482e+01,2.366787e+00,6.185702e+00,1.868507e+00,3.606315e+00,1.719322e+00,5.390023e+00,5.432649e+00,2.968125e+00,5.798420e+01,6.657521e+00,2.119794e+00,5.169314e+00,8.985286e-01,7.002300e+01
1.740000e-02,1.775000e+00,5.000000e+00,3.308904e+00,5.661576e+01,1.292716e+01,2.366787e+00,6.284754e+00,1.898427e+00,3.664063e+00,1.746854e+00,5.476334e+00,5.519643e+00,3.015654e+00,5.731140e+01,6.764129e+00,2.153739e+00,5.252090e+00,9.129168e-01,6.954298e+01
1.740000e-02,1.850000e+00,5.000000e+00,3.259467e+00,5.661576e+01,1.264943e+01,2.366787e+00,6.380076e+00,1.927221e+00,3.719637e+00,1.773349e+00,5.559394e+00,5.603360e+00,3.061393e+00,5.666393e+01,6.866722e+00,2.186405e+00,5.331749e+00,9.267631e-01,6.908103e+01
1.740000e-02,1.925000e+00,5.000000e+00,3.213090e+00,5.661576e+01,1.238890e+01,2.366787e+00,6.472164e+00,1.955038e+00,3.773325e+00,1.798945e+00,5.639637e+00,5.684237e+00,3.105580e+00,5.603843e+01,6.965834e+00,2.217963e+00,5.408706e+00,9.401397e-01,6.863475e+01
1.740000e-02,2.000000e+00,5.000000e+00,3.169355e+00,5.661576e+01,1.214321e+01,2.366787e+00,6.561475e+00,1.982016e+00,3.825394e+00,1.823769e+00,5.717460e+00,5.762676e+00,3.148435e+00,5.543179e+01,7.061958e+00,2.248570e+00,5.483343e+00,9.531130e-01,6.820194e+01
1.805000e-02,5.000000e-01,5.000000e+00,6.739957e+00,5.668278e+01,3.219533e+01,2.373952e+00,3.103136e+00,9.445009e-01,1.798833e+00,8.575992e-01,2.688547e+00,2.709809e+00,1.480503e+00,7.901230e+01,3.320775e+00,1.057354e+00,2.578458e+00,4.481868e-01,8.502975e+01
1.805000e-02,5.750000e-01,5.000000e+00,6.181436e+00,5.668278e+01,2.905768e+01,2.373952e+00,3.383518e+00,1.029841e+00,1.961366e+00,9.350873e-01,2.931470e+00,2.954653e+00,1.614273e+00,7.711596e+01,3.620823e+00,1.152891e+00,2.811434e+00,4.886826e-01,8.367712e+01
1.805000e-02,6.500000e-01,5.000000e+00,5.745770e+00,5.668278e+01,2.661021e+01,2.373952e+00,3.640069e+00,1.107927e+00,2.110084e+00,1.005989e+00,3.153744e+00,3.178686e+00,1.736673e+00,7.538081e+01,3.895367e+00,1.240307e+00,3.024607e+00,5.257363e-01,8.243946e+01
1.805000e-02,7.250000e-01,5.000000e+00,5.396584e+00,5.668278e+01,2.464856e+01,2.373952e+00,3.875599e+00,1.179615e+00,2.246616e+00,1.071081e+00,3.357807e+00,3.384362e+00,1.849044e+00,7.378783e+01,4.147416e+00,1.320561e+00,3.220314e+00,5.597540e-01,8.130320e+01
1.805000e-02,8.000000e-01,5.000000e+00,5.110541e+00,5.668278e+01,2.304164e+01,2.373952e+00,4.092521e+00,1.245640e+00,2.372362e+00,1.131031e+00,3.545747e+00,3.573788e+00,1.952537e+00,7.232071e+01,4.379551e+00,1.394474e+00,3.400558e+00,5.910840e-01,8.025672e+01
1.805000e-02,8.750000e-01,5.000000e+00,4.871977e+00,5.668278e+01,2.170143e+01,2.373952e+00,4.292918e+00,1.306635e+00,2.488528e+00,1.186414e+00,3.719370e+00,3.748785e+00,2.048147e+00,7.096534e+01,4.594003e+00,1.462757e+00,3.567072e+00,6.200274e-01,7.928996e+01
1.805000e-02,9.500000e-01,5.000000e+00,4.669982e+00,5.668278e+01,2.056667e+01,2.373952e+00,4.478603e+00,1.363151e+00,2.596166e+00,1.237731e+00,3.880247e+00,3.910934e+00,2.136737e+00,6.970949e+01,4.792712e+00,1.526027e+00,3.721361e+00,6.468459e-01,7.839417e+01
1.805000e-02,1.025000e+00,5.000000e+00,4.496726e+00,5.668278e+01,1.959336e+01,2.373952e+00,4.651160e+00,1.415673e+00,2.696195e+00,1.285420e+00,4.029751e+00,4.061620e+00,2.219064e+00,6.854241e+01,4.977372e+00,1.584824e+00,3.864743e+00,6.717685e-01,7.756172e+01
1.805000e-02,1.100000e+00,5.000000e+00,4.346437e+00,5.668278e+01,1.874907e+01,2.373952e+00,4.811985e+00,1.464623e+00,2.789423e+00,1.329866e+00,4.169089e+00,4.202060e+00,2.295793e+00,6.745469e+01,5.149476e+00,1.639623e+00,3.998376e+00,6.949965e-01,7.678586e+01
1.805000e-02,1.175000e+00,5.000000e+00,4.214768e+00,5.668278e+01,1.800938e+01,2.373952e+00,4.962311e+00,1.510378e+00,2.876564e+00,1.371411e+00,4.299331e+00,4.333331e+00,2.367514e+00,6.643798e+01,5.310345e+00,1.690845e+00,4.123284e+00,7.167081e-01,7.606065e+01
1.805000e-02,1.250000e+00,5.000000e+00,4.098379e+00,5.668278e+01,1.735554e+01,2.373952e+00,5.103234e+00,1.553271e+00,2.958254e+00,1.410357e+00,4.421426e+00,4.456393e+00,2.434748e+00,6.548486e+01,5.461152e+00,1.738863e+00,4.240380e+00,7.370616e-01,7.538080e+01
1.805000e-02,1.325000e+00,5.000000e+00,3.994661e+00,5.668278e+01,1.677287e+01,2.373952e+00,5.235735e+00,1.593600e+00,3.035063e+00,1.446976e+00,4.536224e+00,4.572099e+00,2.497964e+00,6.458871e+01,5.602946e+00,1.784011e+00,4.350478e+00,7.561988e-01,7.474159e+01
1.805000e-02,1.400000e+00,5.000000e+00,3.901544e+00,5.668278e+01,1.624977e+01,2.373952e+00,5.360693e+00,1.631633e+00,3.107499e+00,1.481510e+00,4.644488e+00,4.681218e+00,2.557581e+00,6.374356e+01,5.736669e+00,1.826589e+00,4.454308e+00,7.742465e-01,7.413876e+01
1.805000e-02,1.475000e+00,5.000000e+00,3.817367e+00,5.668278e+01,1.577688e+01,2.373952e+00,5.478903e+00,1.667613e+00,3.176023e+00,1.514179e+00,4.746904e+00,4.784445e+00,2.613979e+00,6.294407e+01,5.863169e+00,1.866867e+00,4.552531e+00,7.913195e-01,7.356849e+01
1.805000e-02,1.550000e+00,5.000000e+00,3.740775e+00,5.668278e+01,1.534660e+01,2.373952e+00,5.591082e+00,1.701757e+00,3.241051e+00,1.545181e+00,4.844096e+00,4.882405e+00,2.667500e+00,6.218536e+01,5.983216e+00,1.905091e+00,4.645743e+00,8.075216e-01,7.302731e+01
1.805000e-02,1.625000e+00,5.000000e+00,3.670656e+00,5.668278e+01,1.495269e+01,2.373952e+00,5.697885e+00,1.734264e+00,3.302963e+00,1.574698e+00,4.936630e+00,4.975671e+00,2.718455e+00,6.146301e+01,6.097510e+00,1.941483e+00,4.734487e+00,8.229472e-01,7.251207e+01
1.805000e-02,1.700000e+00,5.000000e+00,3.606087e+00,5.668278e+01,1.458996e+01,2.373952e+00,5.799909e+00,1.765317e+00,3.362104e+00,1.602894e+00,5.025023e+00,5.064762e+00,2.767131e+00,6.077298e+01,6.206689e+00,1.976246e+00,4.819261e+00,8.376825e-01,7.201988e+01
1.805000e-02,1.775000e+00,5.000000e+00,3.546294e+00,5.668278e+01,1.425406e+01,2.373952e+00,5.897699e+00,1.795081e+00,3.418791e+00,1.629920e+00,5.109748e+00,5.150157e+00,2.813786e+00,6.011159e+01,6.311338e+00,2.009567e+00,4.900516e+00,8.518063e-01,7.154812e+01
1.805000e-02,1.850000e+00,5.000000e+00,3.490624e+00,5.668278e+01,1.394132e+01,2.373952e+00,5.991757e+00,1.823710e+00,3.473315e+00,1.655914e+00,5.191240e+00,5.232294e+00,2.858661e+00,5.947544e+01,6.411993e+00,2.041616e+00,4.978671e+00,8.653912e-01,7.109436e+01
1.805000e-02,1.925000e+00,5.000000e+00,3.438522e+00,5.668278e+01,1.364862e+01,2.373952e+00,6.082547e+00,1.851344e+00,3.525944e+00,1.681005e+00,5.269899e+00,5.311576e+00,2.901977e+00,5.886139e+01,6.509151e+00,2.072552e+00,5.054110e+00,8.785039e-01,7.065637e+01
1.805000e-02,2.000000e+00,5.000000e+00,3.389513e+00,5.668278e+01,1.337330e+01,2.373952e+00,6.170494e+00,1.878112e+00,3.576926e+00,1.705311e+00,5.346096e+00,5.388375e+00,2.943936e+00,5.826657e+01,6.603266e+00,2.102519e+00,5.127187e+00,8.912062e-01,7.023209e+01
1.870000e-02,5.000000e-01,5.000000e+00,7.439186e+00,5.674980e+01,3.611671e+01,2.381116e+00,2.827505e+00,8.670399e-01,1.629757e+00,7.769918e-01,2.435845e+00,2.455108e+00,1.341347e+00,8.095762e+01,3.008648e+00,9.579707e-01,2.336104e+00,4.060609e-01,8.642079e+01
1.870000e-02,5.750000e-01,5.000000e+00,6.805243e+00,5.674980e+01,3.255537e+01,2.381116e+00,3.090901e+00,9.478090e-01,1.781577e+00,8.493725e-01,2.662756e+00,2.683814e+00,1.466301e+00,7.918373e+01,3.288919e+00,1.047211e+00,2.553724e+00,4.438875e-01,8.515582e+01
1.870000e-02,6.500000e-01,5.000000e+00,6.310441e+00,5.674980e+01,2.977568e+01,2.381116e+00,3.333258e+00,1.022127e+00,1.921270e+00,9.159716e-01,2.871542e+00,2.894251e+00,1.581273e+00,7.755153e+01,3.546803e+00,1.129322e+00,2.753961e+00,4.786927e-01,8.399189e+01
1.870000e-02,7.250000e-01,5.000000e+00,5.913666e+00,5.674980e+01,2.754669e+01,2.381116e+00,3.556902e+00,1.090706e+00,2.050177e+00,9.774284e-01,3.064207e+00,3.088440e+00,1.687368e+00,7.604536e+01,3.784774e+00,1.205094e+00,2.938737e+00,5.108104e-01,8.291784e+01
1.870000e-02,8.000000e-01,5.000000e+00,5.588515e+00,5.674981e+01,2.572007e+01,2.381116e+00,3.763849e+00,1.154165e+00,2.169460e+00,1.034297e+00,3.242488e+00,3.268131e+00,1.785542e+00,7.465163e+01,4.004980e+00,1.275208e+00,3.109718e+00,5.405302e-01,8.192396e+01
1.870000e-02,8.750000e-01,5.000000e+00,5.317257e+00,5.674981e+01,2.419620e+01,2.381116e+00,3.955860e+00,1.213044e+00,2.280134e+00,1.087061e+00,3.407902e+00,3.434853e+00,1.876631e+00,7.335850e+01,4.209292e+00,1.340263e+00,3.268359e+00,5.681051e-01,8.100182e+01
1.870000e-02,9.500000e-01,5.000000e+00,5.087539e+00,5.674981e+01,2.290570e+01,2.381116e+00,4.134479e+00,1.267817e+00,2.383089e+00,1.136145e+00,3.561780e+00,3.589948e+00,1.961366e+00,7.215555e+01,4.399355e+00,1.400780e+00,3.415935e+00,5.937569e-01,8.014400e+01
1.870000e-02,1.025000e+00,5.000000e+00,4.890486e+00,5.674981e+01,2.179870e+01,2.381116e+00,4.301070e+00,1.318901e+00,2.479111e+00,1.181924e+00,3.705294e+00,3.734597e+00,2.040396e+00,7.103361e+01,4.576618e+00,1.457221e+00,3.553573e+00,6.176811e-01,7.934394e+01
1.870000e-02,1.100000e+00,5.000000e+00,4.719560e+00,5.674981e+01,2.083848e+01,2.381116e+00,4.456839e+00,1.366667e+00,2.568896e+00,1.224729e+00,3.839487e+00,3.869851e+00,2.114292e+00,6.998455e+01,4.742367e+00,1.509997e+00,3.682271e+00,6.400513e-01,7.859585e+01
1.870000e-02,1.175000e+00,5.000000e+00,4.569831e+00,5.674981e+01,1.999734e+01,2.381116e+00,4.602865e+00,1.411445e+00,2.653064e+00,1.264857e+00,3.965286e+00,3.996645e+00,2.183565e+00,6.900111e+01,4.897748e+00,1.559471e+00,3.802919e+00,6.610222e-01,7.789455e+01
1.870000e-02,1.250000e+00,5.000000e+00,4.437515e+00,5.674981e+01,1.925402e+01,2.381116e+00,4.740111e+00,1.453531e+00,2.732172e+00,1.302572e+00,4.083521e+00,4.115815e+00,2.248674e+00,6.807680e+01,5.043787e+00,1.605971e+00,3.916312e+00,6.807323e-01,7.723542e+01
1.870000e-02,1.325000e+00,5.000000e+00,4.319654e+00,5.674981e+01,1.859190e+01,2.381116e+00,4.869444e+00,1.493190e+00,2.806719e+00,1.338112e+00,4.194939e+00,4.228114e+00,2.310028e+00,6.720578e+01,5.181406e+00,1.649789e+00,4.023168e+00,6.993059e-01,7.661430e+01
1.870000e-02,1.400000e+00,5.000000e+00,4.213902e+00,5.674981e+01,1.799781e+01,2.381116e+00,4.991648e+00,1.530663e+00,2.877156e+00,1.371693e+00,4.300215e+00,4.334222e+00,2.368001e+00,6.638278e+01,5.311438e+00,1.691192e+00,4.124133e+00,7.168556e-01,7.602741e+01
1.870000e-02,1.475000e+00,5.000000e+00,4.118374e+00,5.674981e+01,1.746115e+01,2.381116e+00,5.107431e+00,1.566168e+00,2.943893e+00,1.403510e+00,4.399960e+00,4.434757e+00,2.422928e+00,6.560302e+01,5.434639e+00,1.730421e+00,4.219794e+00,7.334834e-01,7.547135e+01
1.870000e-02,1.550000e+00,5.000000e+00,4.031537e+00,5.674981e+01,1.697332e+01,2.381116e+00,5.217442e+00,1.599902e+00,3.007302e+00,1.433741e+00,4.494733e+00,4.530279e+00,2.475116e+00,6.486213e+01,5.551698e+00,1.767693e+00,4.310686e+00,7.492822e-01,7.494302e+01
1.870000e-02,1.625000e+00,5.000000e+00,3.952130e+00,5.674981e+01,1.652724e+01,2.381116e+00,5.322271e+00,1.632047e+00,3.067725e+00,1.462548e+00,4.585041e+00,4.621301e+00,2.524846e+00,6.415613e+01,5.663243e+00,1.803209e+00,4.397296e+00,7.643368e-01,7.443958e+01
1.870000e-02,1.700000e+00,5.000000e+00,3.879108e+00,5.674981e+01,1.611701e+01,2.381116e+00,5.422460e+00,1.662770e+00,3.125474e+00,1.490080e+00,4.671352e+00,4.708295e+00,2.572375e+00,6.348139e+01,5.769851e+00,1.837154e+00,4.480073e+00,7.787251e-01,7.395841e+01
1.870000e-02,1.775000e+00,5.000000e+00,3.811593e+00,5.674981e+01,1.573773e+01,2.381117e+00,5.518508e+00,1.692222e+00,3.180835e+00,1.516473e+00,4.754096e+00,4.791693e+00,2.617940e+00,6.283454e+01,5.872053e+00,1.869696e+00,4.559429e+00,7.925186e-01,7.349714e+01
1.870000e-02,1.850000e+00,5.000000e+00,3.748845e+00,5.674981e+01,1.538523e+01,2.381117e+00,5.610876e+00,1.720546e+00,3.234075e+00,1.541856e+00,4.833669e+00,4.871895e+00,2.661758e+00,6.221247e+01,5.970338e+00,1.900990e+00,4.635744e+00,8.057836e-01,7.305354e+01
1.870000e-02,1.925000e+00,5.000000e+00,3.690236e+00,5.674981e+01,1.505598e+01,2.381117e+00,5.699988e+00,1.747872e+00,3.285439e+00,1.566344e+00,4.910438e+00,4.949271e+00,2.704032e+00,6.161233e+01,6.065159e+00,1.931182e+00,4.709369e+00,8.185811e-01,7.262558e+01
1.870000e-02,2.000000e+00,5.000000e+00,3.635228e+00,5.674981e+01,1.474695e+01,2.381117e+00,5.786240e+00,1.774321e+00,3.335154e+00,1.590045e+00,4.984742e+00,5.024163e+00,2.744950e+00,6.103144e+01,6.156937e+00,1.960405e+00,4.780631e+00,8.309679e-01,7.221135e+01
1.935000e-02,5.000000e-01,5.000000e+00,8.224207e+00,5.681683e+01,4.052006e+01,2.388281e+00,2.572122e+00,7.945138e-01,1.474193e+00,7.028264e-01,2.203338e+00,2.220763e+00,1.213313e+00,8.275051e+01,2.721467e+00,8.665302e-01,2.113118e+00,3.673016e-01,8.770245e+01
1.935000e-02,5.750000e-01,5.000000e+00,7.505546e+00,5.681683e+01,3.648278e+01,2.388281e+00,2.818404e+00,8.705890e-01,1.615348e+00,7.701224e-01,2.414309e+00,2.433402e+00,1.329488e+00,8.109886e+01,2.982049e+00,9.495011e-01,2.315451e+00,4.024710e-01,8.652495e+01
1.935000e-02,6.500000e-01,5.000000e+00,6.944278e+00,5.681683e+01,3.332971e+01,2.388281e+00,3.046200e+00,9.409538e-01,1.745908e+00,8.323671e-01,2.609444e+00,2.630080e+00,1.436944e+00,7.957119e+01,3.223071e+00,1.026244e+00,2.502596e+00,4.350004e-01,8.543584e+01
1.935000e-02,7.250000e-01,5.000000e+00,6.493985e+00,5.681683e+01,3.080007e+01,2.388281e+00,3.257423e+00,1.006199e+00,1.866969e+00,8.900834e-01,2.790383e+00,2.812450e+00,1.536581e+00,7.815466e+01,3.446559e+00,1.097404e+00,2.676125e+00,4.651633e-01,8.442596e+01
1.935000e-02,8.000000e-01,5.000000e+00,6.124836e+00,5.681683e+01,2.872628e+01,2.388281e+00,3.453751e+00,1.066844e+00,1.979493e+00,9.437294e-01,2.958561e+00,2.981959e+00,1.629192e+00,7.683802e+01,3.654286e+00,1.163545e+00,2.837418e+00,4.931991e-01,8.348730e+01
1.935000e-02,8.750000e-01,5.000000e+00,5.816781e+00,5.681683e+01,2.699569e+01,2.388281e+00,3.636660e+00,1.123344e+00,2.084326e+00,9.937090e-01,3.115246e+00,3.139882e+00,1.715474e+00,7.561137e+01,3.847815e+00,1.225166e+00,2.987686e+00,5.193187e-01,8.261279e+01
1.935000e-02,9.500000e-01,5.000000e+00,5.555846e+00,5.681683e+01,2.552982e+01,2.388281e+00,3.807459e+00,1.176102e+00,2.182218e+00,1.040379e+00,3.261556e+00,3.287349e+00,1.796042e+00,7.446594e+01,4.028531e+00,1.282707e+00,3.128005e+00,5.437090e-01,8.179619e+01
1.935000e-02,1.025000e+00,5.000000e+00,5.331989e+00,5.681683e+01,2.427224e+01,2.388281e+00,3.967310e+00,1.225479e+00,2.273836e+00,1.084058e+00,3.398488e+00,3.425364e+00,1.871447e+00,7.339393e+01,4.197664e+00,1.336560e+00,3.259331e+00,5.665359e-01,8.103193e+01
1.935000e-02,1.100000e+00,5.000000e+00,5.137806e+00,5.681683e+01,2.318137e+01,2.388281e+00,4.117253e+00,1.271796e+00,2.359774e+00,1.125030e+00,3.526933e+00,3.554825e+00,1.942177e+00,7.238836e+01,4.356313e+00,1.387075e+00,3.382516e+00,5.879479e-01,8.031503e+01
1.935000e-02,1.175000e+00,5.000000e+00,4.967720e+00,5.681683e+01,2.222586e+01,2.388281e+00,4.258221e+00,1.315340e+00,2.440569e+00,1.163549e+00,3.647689e+00,3.676536e+00,2.008674e+00,7.144298e+01,4.505466e+00,1.434566e+00,3.498328e+00,6.080783e-01,7.964105e+01
1.935000e-02,1.250000e+00,5.000000e+00,4.817441e+00,5.681683e+01,2.138164e+01,2.388281e+00,4.391055e+00,1.356372e+00,2.516702e+00,1.199846e+00,3.761477e+00,3.791224e+00,2.071334e+00,7.055216e+01,4.646013e+00,1.479317e+00,3.607456e+00,6.270470e-01,7.900596e+01
1.935000e-02,1.325000e+00,5.000000e+00,4.683622e+00,5.681683e+01,2.062987e+01,2.388281e+00,4.516515e+00,1.395126e+00,2.588608e+00,1.234127e+00,3.868949e+00,3.899546e+00,2.130516e+00,6.971078e+01,4.778757e+00,1.521584e+00,3.710528e+00,6.449628e-01,7.840613e+01
1.935000e-02,1.400000e+00,5.000000e+00,4.563605e+00,5.681683e+01,1.995565e+01,2.388281e+00,4.635292e+00,1.431815e+00,2.656685e+00,1.266583e+00,3.970697e+00,4.002098e+00,2.186545e+00,6.891422e+01,4.904432e+00,1.561599e+00,3.808109e+00,6.619244e-01,7.783824e+01
1.935000e-02,1.475000e+00,5.000000e+00,4.455257e+00,5.681683e+01,1.934697e+01,2.388281e+00,4.748018e+00,1.466636e+00,2.721293e+00,1.297385e+00,4.067260e+00,4.099426e+00,2.239720e+00,6.815824e+01,5.023703e+00,1.599576e+00,3.900719e+00,6.780218e-01,7.729929e+01
1.935000e-02,1.550000e+00,5.000000e+00,4.356842e+00,5.681683e+01,1.879410e+01,2.388281e+00,4.855269e+00,1.499765e+00,2.782763e+00,1.326691e+00,4.159134e+00,4.192026e+00,2.290312e+00,6.743898e+01,5.137182e+00,1.635708e+00,3.988830e+00,6.933373e-01,7.678651e+01
1.935000e-02,1.625000e+00,5.000000e+00,4.266932e+00,5.681683e+01,1.828901e+01,2.388281e+00,4.957576e+00,1.531367e+00,2.841399e+00,1.354646e+00,4.246772e+00,4.280357e+00,2.338572e+00,6.675288e+01,5.245429e+00,1.670174e+00,4.072880e+00,7.079468e-01,7.629737e+01
1.935000e-02,1.700000e+00,5.000000e+00,4.184343e+00,5.681683e+01,1.782504e+01,2.388281e+00,5.055426e+00,1.561592e+00,2.897482e+00,1.381384e+00,4.330593e+00,4.364841e+00,2.384729e+00,6.609666e+01,5.348960e+00,1.703140e+00,4.153269e+00,7.219199e-01,7.582954e+01
1.935000e-02,1.775000e+00,5.000000e+00,4.108083e+00,5.681683e+01,1.739663e+01,2.388281e+00,5.149272e+00,1.590581e+00,2.951268e+00,1.407027e+00,4.410983e+00,4.445867e+00,2.428998e+00,6.546731e+01,5.448255e+00,1.734756e+00,4.230367e+00,7.353211e-01,7.538086e+01
1.935000e-02,1.850000e+00,5.000000e+00,4.037315e+00,5.681683e+01,1.699907e+01,2.388281e+00,5.239530e+00,1.618461e+00,3.002999e+00,1.431690e+00,4.488301e+00,4.523796e+00,2.471574e+00,6.486200e+01,5.543754e+00,1.765163e+00,4.304518e+00,7.482101e-01,7.494932e+01
1.935000e-02,1.925000e+00,5.000000e+00,3.971327e+00,5.681683e+01,1.662837e+01,2.388281e+00,5.326591e+00,1.645353e+00,3.052898e+00,1.455479e+00,4.562879e+00,4.598963e+00,2.512642e+00,6.427815e+01,5.635870e+00,1.794493e+00,4.376043e+00,7.606425e-01,7.453308e+01
1.935000e-02,2.000000e+00,5.000000e+00,3.909509e+00,5.681683e+01,1.628109e+01,2.388281e+00,5.410815e+00,1.671370e+00,3.101170e+00,1.478493e+00,4.635028e+00,4.671683e+00,2.552372e+00,6.371331e+01,5.724985e+00,1.822868e+00,4.445237e+00,7.726698e-01,7.413039e+01
2.000000e-02,5.000000e-01,5.000000e+00,9.105129e+00,5.688386e+01,4.546215e+01,2.395445e+00,2.336375e+00,7.268893e-01,1.331566e+00,6.348283e-01,1.990166e+00,2.005905e+00,1.095925e+00,8.439705e+01,2.458166e+00,7.826935e-01,1.908675e+00,3.317654e-01,8.887913e+01
2.000000e-02,5.750000e-01,5.000000e+00,8.291366e+00,5.688386e+01,4.089061e+01,2.395445e+00,2.565680e+00,7.982304e-01,1.462253e+00,6.971340e-01,2.185492e+00,2.202776e+00,1.203486e+00,8.286568e+01,2.699424e+00,8.595116e-01,2.096004e+00,3.643268e-01,8.778766e+01
2.000000e-02,6.500000e-01,5.000000e+00,7.655440e+00,5.688386e+01,3.731813e+01,2.395445e+00,2.778807e+00,8.645382e-01,1.583721e+00,7.550438e-01,2.367038e+00,2.385757e+00,1.303458e+00,8.144236e+01,2.923661e+00,9.309100e-01,2.270115e+00,3.945908e-01,8.677320e+01
2.000000e-02,7.250000e-01,5.000000e+00,7.145003e+00,5.688386e+01,3.445061e+01,2.395445e+00,2.977324e+00,9.263005e-01,1.696861e+00,8.089839e-01,2.536138e+00,2.556194e+00,1.396576e+00,8.011661e+01,3.132527e+00,9.974139e-01,2.432292e+00,4.227802e-01,8.582828e+01
2.000000e-02,8.000000e-01,5.000000e+00,6.726385e+00,5.688386e+01,3.209891e+01,2.395445e+00,3.162618e+00,9.839490e-01,1.802465e+00,8.593311e-01,2.693975e+00,2.715280e+00,1.483492e+00,7.887916e+01,3.327480e+00,1.059488e+00,2.583666e+00,4.490921e-01,8.494630e+01
2.000000e-02,8.750000e-01,5.000000e+00,6.376941e+00,5.688386e+01,3.013582e+01,2.395445e+00,3.335923e+00,1.037867e+00,1.901237e+00,9.064207e-01,2.841599e+00,2.864071e+00,1.564785e+00,7.772179e+01,3.509819e+00,1.117546e+00,2.725245e+00,4.737013e-01,8.412139e+01
2.000000e-02,9.500000e-01,5.000000e+00,6.080881e+00,5.688386e+01,2.847263e+01,2.395445e+00,3.498339e+00,1.088398e+00,1.993802e+00,9.505515e-01,2.979948e+00,3.003514e+00,1.640969e+00,7.663713e+01,3.680701e+00,1.171956e+00,2.857929e+00,4.967644e-01,8.334831e+01
2.000000e-02,1.025000e+00,5.000000e+00,5.826853e+00,5.688386e+01,2.704556e+01,2.395445e+00,3.650853e+00,1.135848e+00,2.080724e+00,9.919918e-01,3.109862e+00,3.134455e+00,1.712509e+00,7.561860e+01,3.841165e+00,1.223049e+00,2.982523e+00,5.184214e-01,8.262236e+01
2.000000e-02,1.100000e+00,5.000000e+00,5.606485e+00,5.688386e+01,2.580758e+01,2.395445e+00,3.794353e+00,1.180493e+00,2.162509e+00,1.030983e+00,3.232098e+00,3.257658e+00,1.779820e+00,7.466027e+01,3.992146e+00,1.271122e+00,3.099754e+00,5.387983e-01,8.193932e+01
2.000000e-02,1.175000e+00,5.000000e+00,5.413466e+00,5.688386e+01,2.472325e+01,2.395445e+00,3.929641e+00,1.222584e+00,2.239613e+00,1.067743e+00,3.347339e+00,3.373810e+00,1.843280e+00,7.375677e+01,4.134487e+00,1.316444e+00,3.210276e+00,5.580093e-01,8.129536e+01
2.000000e-02,1.250000e+00,5.000000e+00,5.242947e+00,5.688386e+01,2.376531e+01,2.395445e+00,4.057446e+00,1.262347e+00,2.312453e+00,1.102469e+00,3.456206e+00,3.483538e+00,1.903230e+00,7.290325e+01,4.268954e+00,1.359259e+00,3.314686e+00,5.761577e-01,8.068702e+01
2.000000e-02,1.325000e+00,5.000000e+00,5.091139e+00,5.688386e+01,2.291249e+01,2.395445e+00,4.178432e+00,1.299987e+00,2.381406e+00,1.135343e+00,3.559263e+00,3.587411e+00,1.959981e+00,7.209528e+01,4.396247e+00,1.399790e+00,3.413523e+00,5.933376e-01,8.011115e+01
2.000000e-02,1.400000e+00,5.000000e+00,4.955036e+00,5.688386e+01,2.214790e+01,2.395445e+00,4.293203e+00,1.335695e+00,2.446817e+00,1.166528e+00,3.657027e+00,3.685948e+00,2.013817e+00,7.132881e+01,4.517001e+00,1.438238e+00,3.507284e+00,6.096351e-01,7.956485e+01
2.000000e-02,1.475000e+00,5.000000e+00,4.832224e+00,5.688386e+01,2.145797e+01,2.395446e+00,4.402315e+00,1.369642e+00,2.509004e+00,1.196176e+00,3.749971e+00,3.779627e+00,2.064998e+00,7.060012e+01,4.631801e+00,1.474792e+00,3.596422e+00,6.251291e-01,7.904549e+01
2.000000e-02,1.550000e+00,5.000000e+00,4.720739e+00,5.688386e+01,2.083167e+01,2.395446e+00,4.506280e+00,1.401987e+00,2.568256e+00,1.224424e+00,3.838530e+00,3.868886e+00,2.113765e+00,6.990582e+01,4.741186e+00,1.509620e+00,3.681355e+00,6.398921e-01,7.855063e+01
2.000000e-02,1.625000e+00,5.000000e+00,4.618967e+00,5.688386e+01,2.025994e+01,2.395446e+00,4.605569e+00,1.432878e+00,2.624844e+00,1.251403e+00,3.923106e+00,3.954131e+00,2.160339e+00,6.924274e+01,4.845650e+00,1.542882e+00,3.762468e+00,6.539911e-01,7.807802e+01
2.000000e-02,1.700000e+00,5.000000e+00,4.525568e+00,5.688386e+01,1.973525e+01,2.395446e+00,4.700618e+00,1.462449e+00,2.679015e+00,1.277229e+00,4.004071e+00,4.035736e+00,2.204923e+00,6.860797e+01,4.945655e+00,1.574724e+00,3.840118e+00,6.674881e-01,7.762560e+01
2.000000e-02,1.775000e+00,5.000000e+00,4.439421e+00,5.688386e+01,1.925130e+01,2.395446e+00,4.791834e+00,1.490828e+00,2.731001e+00,1.302014e+00,4.081770e+00,4.114050e+00,2.247710e+00,6.799881e+01,5.041625e+00,1.605282e+00,3.914635e+00,6.804407e-01,7.719143e+01
2.000000e-02,1.850000e+00,5.000000e+00,4.359579e+00,5.688386e+01,1.880276e+01,2.395446e+00,4.879592e+00,1.518131e+00,2.781017e+00,1.325859e+00,4.156524e+00,4.189395e+00,2.288875e+00,6.741274e+01,5.133958e+00,1.634681e+00,3.986328e+00,6.929024e-01,7.677371e+01
2.000000e-02,1.925000e+00,5.000000e+00,4.285236e+00,5.688386e+01,1.838512e+01,2.395446e+00,4.964245e+00,1.544468e+00,2.829264e+00,1.348860e+00,4.228633e+00,4.262074e+00,2.328583e+00,6.684740e+01,5.223024e+00,1.663041e+00,4.055484e+00,7.049231e-01,7.637077e+01
2.000000e-02,2.000000e+00,5.000000e+00,4.215704e+00,5.688386e+01,1.799451e+01,2.395446e+00,5.046123e+00,1.569942e+00,2.875928e+00,1.371108e+00,4.298378e+00,4.332371e+00,2.366990e+00,6.630060e+01,5.309170e+00,1.690470e+00,4.122373e+00,7.165497e-01,7.598104e+01
