# toc conc,effluent_toc_limit,flowrate_MGD,LCOW,Total CAPEX (MGD),Total OPEX (MGD/year),SEC,Ozone_CAPEX_frac,Ozone_OPEX_frac,BAF_CAPEX_frac,BAF_OPEX_frac,UF_CAPEX_frac,UF_OPEX_frac,GAC_CAPEX_frac,GAC_OPEX_frac,UV_AOP_CAPEX_frac,UV_AOP_OPEX_frac,Cl_CAPEX_frac,Cl_OPEX_frac,Total_Opex_frac
7.000000e-03,5.000000e-01,8.000000e+01,1.086727e+00,2.423891e+02,7.344211e+01,2.252155e+00,4.024912e+00,2.225668e+00,6.887741e+00,4.578715e+00,5.141431e+00,1.480665e+01,4.913477e+00,4.991390e+01,3.170403e+00,3.536495e+00,6.763849e-01,1.242214e-01,7.518565e+01
7.000000e-03,5.750000e-01,8.000000e+01,1.040639e+00,2.423891e+02,6.929944e+01,2.252155e+00,4.203169e+00,2.324239e+00,7.192788e+00,4.781499e+00,5.369137e+00,1.546242e+01,5.131087e+00,4.769566e+01,3.310816e+00,3.693121e+00,7.063409e-01,1.297230e-01,7.408666e+01
7.000000e-03,6.500000e-01,8.000000e+01,1.004493e+00,2.423891e+02,6.605042e+01,2.252155e+00,4.354417e+00,2.407876e+00,7.451617e+00,4.953559e+00,5.562343e+00,1.601883e+01,5.315727e+00,4.581352e+01,3.429954e+00,3.826017e+00,7.317582e-01,1.343910e-01,7.315418e+01
7.000000e-03,7.250000e-01,8.000000e+01,9.750021e-01,2.423891e+02,6.339966e+01,2.252155e+00,4.486123e+00,2.480705e+00,7.677002e+00,5.103387e+00,5.730584e+00,1.650334e+01,5.476509e+00,4.417457e+01,3.533698e+00,3.941740e+00,7.538913e-01,1.384559e-01,7.234219e+01
7.000000e-03,8.000000e-01,8.000000e+01,9.500721e-01,2.423891e+02,6.115883e+01,2.252155e+00,4.603839e+00,2.545799e+00,7.878447e+00,5.237300e+00,5.880955e+00,1.693639e+01,5.620212e+00,4.270970e+01,3.626422e+00,4.045172e+00,7.736734e-01,1.420890e-01,7.161645e+01
7.000000e-03,8.750000e-01,8.000000e+01,9.283044e-01,2.423891e+02,5.920223e+01,2.252155e+00,4.711794e+00,2.605495e+00,8.063187e+00,5.360108e+00,6.018856e+00,1.733352e+01,5.752000e+00,4.136632e+01,3.711457e+00,4.140027e+00,7.918151e-01,1.454208e-01,7.095089e+01
7.000000e-03,9.500000e-01,8.000000e+01,9.087368e-01,2.423891e+02,5.744340e+01,2.252155e+00,4.813251e+00,2.661598e+00,8.236809e+00,5.475525e+00,6.148458e+00,1.770676e+01,5.875855e+00,4.010378e+01,3.791375e+00,4.229173e+00,8.088650e-01,1.485521e-01,7.032539e+01
7.000000e-03,1.025000e+00,8.000000e+01,8.906968e-01,2.423891e+02,5.582186e+01,2.252155e+00,4.910738e+00,2.715506e+00,8.403635e+00,5.586425e+00,6.272987e+00,1.806539e+01,5.994863e+00,3.889065e+01,3.868165e+00,4.314830e+00,8.252475e-01,1.515608e-01,6.972436e+01
7.000000e-03,1.100000e+00,8.000000e+01,8.737150e-01,2.423891e+02,5.429546e+01,2.252155e+00,5.006183e+00,2.768285e+00,8.566969e+00,5.695004e+00,6.394910e+00,1.841651e+01,6.111381e+00,3.770292e+01,3.943347e+00,4.398694e+00,8.412872e-01,1.545066e-01,6.913592e+01
7.000000e-03,1.175000e+00,8.000000e+01,8.574716e-01,2.423891e+02,5.283542e+01,2.252155e+00,5.101017e+00,2.820725e+00,8.729256e+00,5.802886e+00,6.516051e+00,1.876538e+01,6.227150e+00,3.652281e+01,4.018047e+00,4.482020e+00,8.572239e-01,1.574334e-01,6.855125e+01
7.000000e-03,1.250000e+00,8.000000e+01,8.417598e-01,2.423891e+02,5.142316e+01,2.252155e+00,5.196229e+00,2.873375e+00,8.892191e+00,5.911199e+00,6.637675e+00,1.911564e+01,6.343382e+00,3.533798e+01,4.093046e+00,4.565679e+00,8.732243e-01,1.603720e-01,6.796425e+01
7.000000e-03,1.325000e+00,8.000000e+01,8.264598e-01,2.423891e+02,5.004791e+01,2.252155e+00,5.292425e+00,2.926569e+00,9.056808e+00,6.020631e+00,6.760556e+00,1.946952e+01,6.460815e+00,3.414092e+01,4.168819e+00,4.650202e+00,8.893899e-01,1.633409e-01,6.737119e+01
7.000000e-03,1.400000e+00,8.000000e+01,8.115180e-01,2.423891e+02,4.870486e+01,2.252155e+00,5.389870e+00,2.980453e+00,9.223564e+00,6.131483e+00,6.885032e+00,1.982800e+01,6.579772e+00,3.292831e+01,4.245576e+00,4.735822e+00,9.057655e-01,1.663483e-01,6.677042e+01
7.000000e-03,1.475000e+00,8.000000e+01,7.969293e-01,2.423891e+02,4.739355e+01,2.252155e+00,5.488537e+00,3.035013e+00,9.392411e+00,6.243727e+00,7.011070e+00,2.019097e+01,6.700222e+00,3.170049e+01,4.323296e+00,4.822517e+00,9.223465e-01,1.693935e-01,6.616212e+01
7.000000e-03,1.550000e+00,8.000000e+01,7.827220e-01,2.423891e+02,4.611653e+01,2.252155e+00,5.588160e+00,3.090102e+00,9.562893e+00,6.357057e+00,7.138328e+00,2.055746e+01,6.821838e+00,3.046079e+01,4.401768e+00,4.910050e+00,9.390880e-01,1.724682e-01,6.554793e+01
7.000000e-03,1.625000e+00,8.000000e+01,7.689446e-01,2.423891e+02,4.487814e+01,2.252155e+00,5.688284e+00,3.145468e+00,9.734234e+00,6.470958e+00,7.266227e+00,2.092579e+01,6.944067e+00,2.921484e+01,4.480636e+00,4.998026e+00,9.559139e-01,1.755584e-01,6.493064e+01
7.000000e-03,1.700000e+00,8.000000e+01,7.556543e-01,2.423891e+02,4.368354e+01,2.252155e+00,5.788328e+00,3.200790e+00,9.905436e+00,6.584767e+00,7.394024e+00,2.129383e+01,7.066197e+00,2.796989e+01,4.559440e+00,5.085930e+00,9.727262e-01,1.786460e-01,6.431385e+01
7.000000e-03,1.775000e+00,8.000000e+01,7.429087e-01,2.423891e+02,4.253790e+01,2.252155e+00,5.887634e+00,3.255703e+00,1.007538e+01,6.697737e+00,7.520877e+00,2.165915e+01,7.187426e+00,2.673412e+01,4.637663e+00,5.173185e+00,9.894145e-01,1.817109e-01,6.370161e+01
7.000000e-03,1.850000e+00,8.000000e+01,7.307590e-01,2.423891e+02,4.144582e+01,2.252155e+00,5.985522e+00,3.309833e+00,1.024289e+01,6.809094e+00,7.645920e+00,2.201926e+01,7.306925e+00,2.551600e+01,4.714770e+00,5.259196e+00,1.005865e+00,1.847320e-01,6.309811e+01
7.000000e-03,1.925000e+00,8.000000e+01,7.192460e-01,2.423891e+02,4.041097e+01,2.252155e+00,6.081333e+00,3.362813e+00,1.040685e+01,6.918087e+00,7.768308e+00,2.237172e+01,7.423887e+00,2.432373e+01,4.790239e+00,5.343380e+00,1.021965e+00,1.876891e-01,6.250742e+01
7.000000e-03,2.000000e+00,8.000000e+01,7.083976e-01,2.423891e+02,3.943586e+01,2.252155e+00,6.174462e+00,3.414311e+00,1.056622e+01,7.024030e+00,7.887272e+00,2.271432e+01,7.537576e+00,2.316483e+01,4.863597e+00,5.425208e+00,1.037616e+00,1.905633e-01,6.193326e+01
7.650000e-03,5.000000e-01,nan,nan,nan,nan,nan,nan,nan,nan,nan,nan,nan,nan,nan,nan,nan,nan,nan,nan
7.650000e-03,5.750000e-01,8.000000e+01,1.120719e+00,2.434615e+02,7.639021e+01,2.259319e+00,4.009298e+00,2.233266e+00,6.678834e+00,4.439842e+00,4.985491e+00,1.435756e+01,4.764449e+00,5.125146e+01,3.074243e+00,3.429231e+00,6.558701e-01,1.204538e-01,7.583181e+01
7.650000e-03,6.500000e-01,8.000000e+01,1.077874e+00,2.434615e+02,7.253906e+01,2.259319e+00,4.168667e+00,2.322038e+00,6.944316e+00,4.616324e+00,5.183663e+00,1.492827e+01,4.953835e+00,4.931372e+01,3.196444e+00,3.565542e+00,6.819407e-01,1.252418e-01,7.487114e+01
7.650000e-03,7.250000e-01,8.000000e+01,1.043221e+00,2.434615e+02,6.942423e+01,2.259319e+00,4.307140e+00,2.399171e+00,7.174990e+00,4.769667e+00,5.355852e+00,1.542415e+01,5.118389e+00,4.763004e+01,3.302622e+00,3.683981e+00,7.045931e-01,1.294020e-01,7.403641e+01
7.650000e-03,8.000000e-01,8.000000e+01,1.014277e+00,2.434615e+02,6.682262e+01,2.259319e+00,4.430049e+00,2.467634e+00,7.379736e+00,4.905775e+00,5.508688e+00,1.586430e+01,5.264448e+00,4.613560e+01,3.396866e+00,3.789108e+00,7.246995e-01,1.330947e-01,7.329551e+01
7.650000e-03,8.750000e-01,8.000000e+01,9.893830e-01,2.434615e+02,6.458501e+01,2.259319e+00,4.541514e+00,2.529722e+00,7.565419e+00,5.029210e+00,5.647292e+00,1.626346e+01,5.396908e+00,4.478031e+01,3.482336e+00,3.884446e+00,7.429337e-01,1.364435e-01,7.262360e+01
7.650000e-03,9.500000e-01,8.000000e+01,9.673873e-01,2.434615e+02,6.260793e+01,2.259319e+00,4.644775e+00,2.587241e+00,7.737434e+00,5.143560e+00,5.775695e+00,1.663325e+01,5.519618e+00,4.352478e+01,3.561514e+00,3.972768e+00,7.598259e-01,1.395458e-01,7.200114e+01
7.650000e-03,1.025000e+00,8.000000e+01,9.474715e-01,2.434615e+02,6.081779e+01,2.259319e+00,4.742408e+00,2.641624e+00,7.900075e+00,5.251677e+00,5.897100e+00,1.698288e+01,5.635640e+00,4.233767e+01,3.636377e+00,4.056275e+00,7.757974e-01,1.424790e-01,7.141260e+01
7.650000e-03,1.100000e+00,nan,nan,nan,nan,nan,nan,nan,nan,nan,nan,nan,nan,nan,nan,nan,nan,nan,nan
7.650000e-03,1.175000e+00,8.000000e+01,9.116847e-01,2.434615e+02,5.760109e+01,2.259320e+00,4.928563e+00,2.745317e+00,8.210179e+00,5.457823e+00,6.128581e+00,1.764951e+01,5.856857e+00,4.007423e+01,3.779117e+00,4.215498e+00,8.062500e-01,1.480718e-01,7.029045e+01
7.650000e-03,1.250000e+00,8.000000e+01,8.950870e-01,2.434615e+02,5.610920e+01,2.259320e+00,5.019954e+00,2.796223e+00,8.362421e+00,5.559028e+00,6.242224e+00,1.797679e+01,5.965461e+00,3.896303e+01,3.849193e+00,4.293667e+00,8.212003e-01,1.508175e-01,6.973955e+01
7.650000e-03,1.325000e+00,8.000000e+01,8.790460e-01,2.434615e+02,5.466735e+01,2.259320e+00,5.111558e+00,2.847249e+00,8.515019e+00,5.660469e+00,6.356132e+00,1.830483e+01,6.074320e+00,3.784922e+01,3.919434e+00,4.372018e+00,8.361856e-01,1.535696e-01,6.918735e+01
7.650000e-03,1.400000e+00,8.000000e+01,8.634300e-01,2.434615e+02,5.326370e+01,2.259320e+00,5.204006e+00,2.898744e+00,8.669021e+00,5.762844e+00,6.471089e+00,1.863589e+01,6.184180e+00,3.672516e+01,3.990321e+00,4.451091e+00,8.513089e-01,1.563471e-01,6.863007e+01
7.650000e-03,1.475000e+00,8.000000e+01,8.481656e-01,2.434615e+02,5.189167e+01,2.259320e+00,5.297661e+00,2.950912e+00,8.825036e+00,5.866557e+00,6.587548e+00,1.897128e+01,6.295475e+00,3.558641e+01,4.062134e+00,4.531196e+00,8.666297e-01,1.591608e-01,6.806552e+01
7.650000e-03,1.550000e+00,8.000000e+01,8.332250e-01,2.434615e+02,5.054872e+01,2.259320e+00,5.392654e+00,3.003825e+00,8.983278e+00,5.971751e+00,6.705670e+00,1.931145e+01,6.408360e+00,3.443141e+01,4.134972e+00,4.612446e+00,8.821692e-01,1.620148e-01,6.749290e+01
7.650000e-03,1.625000e+00,8.000000e+01,8.186132e-01,2.434615e+02,4.923534e+01,2.259320e+00,5.488909e+00,3.057442e+00,9.143623e+00,6.078342e+00,6.825361e+00,1.965615e+01,6.522744e+00,3.326106e+01,4.208779e+00,4.694775e+00,8.979153e-01,1.649066e-01,6.691267e+01
7.650000e-03,1.700000e+00,8.000000e+01,8.043588e-01,2.434615e+02,4.795408e+01,2.259320e+00,5.586180e+00,3.111624e+00,9.305662e+00,6.186059e+00,6.946316e+00,2.000448e+01,6.638337e+00,3.207834e+01,4.283365e+00,4.777973e+00,9.138277e-01,1.678290e-01,6.632631e+01
7.650000e-03,1.775000e+00,8.000000e+01,7.905038e-01,2.434615e+02,4.670873e+01,2.259320e+00,5.684087e+00,3.166160e+00,9.468758e+00,6.294480e+00,7.068062e+00,2.035509e+01,6.754684e+00,3.088791e+01,4.358438e+00,4.861716e+00,9.298440e-01,1.707705e-01,6.573613e+01
7.650000e-03,1.850000e+00,8.000000e+01,7.770971e-01,2.434615e+02,4.550366e+01,2.259320e+00,5.782151e+00,3.220784e+00,9.632116e+00,6.403074e+00,7.190002e+00,2.070626e+01,6.871218e+00,2.969557e+01,4.433631e+00,4.945592e+00,9.458859e-01,1.737167e-01,6.514500e+01
7.650000e-03,1.925000e+00,8.000000e+01,7.641872e-01,2.434615e+02,4.434325e+01,2.259320e+00,5.879832e+00,3.275194e+00,9.794837e+00,6.511245e+00,7.311466e+00,2.105607e+01,6.987297e+00,2.850788e+01,4.508531e+00,5.029140e+00,9.618652e-01,1.766513e-01,6.455617e+01
7.650000e-03,2.000000e+00,8.000000e+01,7.518185e-01,2.434616e+02,4.323148e+01,2.259320e+00,5.976565e+00,3.329077e+00,9.955978e+00,6.618366e+00,7.431752e+00,2.140247e+01,7.102250e+00,2.733171e+01,4.582704e+00,5.111879e+00,9.776895e-01,1.795576e-01,6.397306e+01
8.300000e-03,5.000000e-01,8.000000e+01,1.276611e+00,2.445340e+02,9.029523e+01,2.266484e+00,3.613175e+00,2.026489e+00,5.863264e+00,3.897681e+00,4.376700e+00,1.260432e+01,4.182649e+00,5.704488e+01,2.698838e+00,3.010476e+00,5.757801e-01,1.057449e-01,7.868959e+01
8.300000e-03,5.750000e-01,nan,nan,nan,nan,nan,nan,nan,nan,nan,nan,nan,nan,nan,nan,nan,nan,nan,nan
8.300000e-03,6.500000e-01,8.000000e+01,1.160789e+00,2.445340e+02,7.988456e+01,2.266484e+00,3.973692e+00,2.228688e+00,6.448291e+00,4.286585e+00,4.813401e+00,1.386196e+01,4.599987e+00,5.275889e+01,2.968124e+00,3.310857e+00,6.332305e-01,1.162959e-01,7.656328e+01
8.300000e-03,7.250000e-01,8.000000e+01,1.120032e+00,2.445340e+02,7.622111e+01,2.266484e+00,4.118290e+00,2.309788e+00,6.682938e+00,4.442570e+00,4.988555e+00,1.436638e+01,4.767375e+00,5.103983e+01,3.076132e+00,3.431336e+00,6.562731e-01,1.205278e-01,7.571044e+01
8.300000e-03,8.000000e-01,nan,nan,nan,nan,nan,nan,nan,nan,nan,nan,nan,nan,nan,nan,nan,nan,nan,nan
8.300000e-03,8.750000e-01,8.000000e+01,1.057516e+00,2.445340e+02,7.060184e+01,2.266484e+00,4.361747e+00,2.446333e+00,7.078006e+00,4.705196e+00,5.283458e+00,1.521566e+01,5.049203e+00,4.814551e+01,3.257980e+00,3.634183e+00,6.950692e-01,1.276529e-01,7.427454e+01
8.300000e-03,9.500000e-01,8.000000e+01,1.032443e+00,2.445340e+02,6.834814e+01,2.266484e+00,4.467672e+00,2.505743e+00,7.249896e+00,4.819462e+00,5.411768e+00,1.558518e+01,5.171824e+00,4.688622e+01,3.337101e+00,3.722440e+00,7.119491e-01,1.307530e-01,7.364979e+01
8.300000e-03,1.025000e+00,8.000000e+01,1.010067e+00,2.445340e+02,6.633693e+01,2.266484e+00,4.566641e+00,2.561251e+00,7.410497e+00,4.926224e+00,5.531651e+00,1.593042e+01,5.286391e+00,4.570963e+01,3.411025e+00,3.804901e+00,7.277203e-01,1.336495e-01,7.306607e+01
8.300000e-03,1.100000e+00,8.000000e+01,9.896788e-01,2.445340e+02,6.450431e+01,2.266484e+00,4.660719e+00,2.614015e+00,7.563161e+00,5.027709e+00,5.645608e+00,1.625861e+01,5.395296e+00,4.459119e+01,3.481296e+00,3.883286e+00,7.427121e-01,1.364028e-01,7.251121e+01
8.300000e-03,1.175000e+00,8.000000e+01,9.707519e-01,2.445340e+02,6.280307e+01,2.266484e+00,4.751589e+00,2.664981e+00,7.710621e+00,5.125735e+00,5.755681e+00,1.657560e+01,5.500489e+00,4.351088e+01,3.549171e+00,3.958999e+00,7.571928e-01,1.390622e-01,7.197526e+01
8.300000e-03,1.250000e+00,8.000000e+01,9.528976e-01,2.445340e+02,6.119823e+01,2.266484e+00,4.840618e+00,2.714914e+00,7.855093e+00,5.221775e+00,5.863524e+00,1.688617e+01,5.603550e+00,4.245245e+01,3.615671e+00,4.033178e+00,7.713801e-01,1.416678e-01,7.145016e+01
8.300000e-03,1.325000e+00,8.000000e+01,9.358309e-01,2.445340e+02,5.966419e+01,2.266484e+00,4.928896e+00,2.764425e+00,7.998345e+00,5.317003e+00,5.970456e+00,1.719412e+01,5.705741e+00,4.140297e+01,3.681609e+00,4.106730e+00,7.854476e-01,1.442514e-01,7.092951e+01
8.300000e-03,1.400000e+00,8.000000e+01,9.193485e-01,2.445340e+02,5.818267e+01,2.266484e+00,5.017263e+00,2.813987e+00,8.141742e+00,5.412328e+00,6.077496e+00,1.750239e+01,5.808035e+00,4.035242e+01,3.747615e+00,4.180357e+00,7.995294e-01,1.468375e-01,7.040832e+01
8.300000e-03,1.475000e+00,8.000000e+01,9.033116e-01,2.445340e+02,5.674119e+01,2.266484e+00,5.106336e+00,2.863944e+00,8.286284e+00,5.508415e+00,6.185392e+00,1.781311e+01,5.911147e+00,3.929348e+01,3.814147e+00,4.254573e+00,8.137237e-01,1.494444e-01,6.988297e+01
8.300000e-03,1.550000e+00,8.000000e+01,8.876339e-01,2.445340e+02,5.533200e+01,2.266484e+00,5.196526e+00,2.914528e+00,8.432640e+00,5.605707e+00,6.294640e+00,1.812773e+01,6.015552e+00,3.822126e+01,3.881514e+00,4.329719e+00,8.280959e-01,1.520839e-01,6.935103e+01
8.300000e-03,1.625000e+00,8.000000e+01,8.722700e-01,2.445340e+02,5.395101e+01,2.266484e+00,5.288055e+00,2.965864e+00,8.581169e+00,5.704443e+00,6.405512e+00,1.844703e+01,6.121508e+00,3.713311e+01,3.949882e+00,4.405981e+00,8.426817e-01,1.547627e-01,6.881119e+01
8.300000e-03,1.700000e+00,nan,nan,nan,nan,nan,nan,nan,nan,nan,nan,nan,nan,nan,nan,nan,nan,nan,nan
8.300000e-03,1.775000e+00,8.000000e+01,8.424553e-01,2.445340e+02,5.127112e+01,2.266484e+00,5.475200e+00,3.070826e+00,8.884857e+00,5.906324e+00,6.632203e+00,1.909987e+01,6.338148e+00,3.490825e+01,4.089669e+00,4.561910e+00,8.725042e-01,1.602397e-01,6.770742e+01
8.300000e-03,1.850000e+00,8.000000e+01,8.280427e-01,2.445340e+02,4.997564e+01,2.266484e+00,5.570499e+00,3.124275e+00,9.039503e+00,6.009127e+00,6.747640e+00,1.943231e+01,6.448467e+00,3.377529e+01,4.160852e+00,4.641313e+00,8.876906e-01,1.630288e-01,6.714535e+01
8.300000e-03,1.925000e+00,8.000000e+01,8.140064e-01,2.445340e+02,4.871398e+01,2.266484e+00,5.666553e+00,3.178148e+00,9.195375e+00,6.112745e+00,6.863993e+00,1.976739e+01,6.559661e+00,3.263335e+01,4.232599e+00,4.721345e+00,9.029974e-01,1.658400e-01,6.657882e+01
8.300000e-03,2.000000e+00,8.000000e+01,8.003884e-01,2.445340e+02,4.748993e+01,2.266484e+00,5.762964e+00,3.232222e+00,9.351826e+00,6.216747e+00,6.980777e+00,2.010372e+01,6.671267e+00,3.148717e+01,4.304613e+00,4.801675e+00,9.183611e-01,1.686616e-01,6.601019e+01
8.950000e-03,5.000000e-01,8.000000e+01,1.391175e+00,2.456065e+02,1.004856e+02,2.273648e+00,3.401394e+00,1.920109e+00,5.380422e+00,3.576705e+00,4.016278e+00,1.156635e+01,3.838205e+00,6.043599e+01,2.476587e+00,2.762560e+00,5.283644e-01,9.703673e-02,8.035875e+01
8.950000e-03,5.750000e-01,8.000000e+01,1.314260e+00,2.456065e+02,9.357203e+01,2.273648e+00,3.600457e+00,2.032481e+00,5.695304e+00,3.786027e+00,4.251326e+00,1.224325e+01,4.062831e+00,5.812056e+01,2.621527e+00,2.924236e+00,5.592863e-01,1.027157e-01,7.920927e+01
8.950000e-03,6.500000e-01,8.000000e+01,1.254556e+00,2.456065e+02,8.820555e+01,2.273648e+00,3.771800e+00,2.129206e+00,5.966340e+00,3.966202e+00,4.453644e+00,1.282590e+01,4.256179e+00,5.612754e+01,2.746283e+00,3.063399e+00,5.859023e-01,1.076039e-01,7.821985e+01
8.950000e-03,7.250000e-01,8.000000e+01,1.206685e+00,2.456065e+02,8.390268e+01,2.273648e+00,3.921432e+00,2.213674e+00,6.203033e+00,4.123546e+00,4.630325e+00,1.333472e+01,4.425027e+00,5.438706e+01,2.855232e+00,3.184928e+00,6.091458e-01,1.118726e-01,7.735581e+01
8.950000e-03,8.000000e-01,8.000000e+01,1.167222e+00,2.456065e+02,8.035554e+01,2.273648e+00,4.054013e+00,2.288517e+00,6.412752e+00,4.262960e+00,4.786873e+00,1.378556e+01,4.574634e+00,5.284492e+01,2.951766e+00,3.292608e+00,6.297406e-01,1.156550e-01,7.659022e+01
8.950000e-03,8.750000e-01,8.000000e+01,1.133877e+00,2.456065e+02,7.735832e+01,2.273649e+00,4.173233e+00,2.355817e+00,6.601338e+00,4.388325e+00,4.927645e+00,1.419096e+01,4.709164e+00,5.145819e+01,3.038571e+00,3.389437e+00,6.482599e-01,1.190561e-01,7.590179e+01
8.950000e-03,9.500000e-01,8.000000e+01,1.105058e+00,2.456065e+02,7.476790e+01,2.273649e+00,4.282068e+00,2.417255e+00,6.773496e+00,4.502769e+00,5.056154e+00,1.456105e+01,4.831975e+00,5.019226e+01,3.117815e+00,3.477831e+00,6.651660e-01,1.221610e-01,7.527333e+01
8.950000e-03,1.025000e+00,8.000000e+01,1.079622e+00,2.456065e+02,7.248161e+01,2.273649e+00,4.382952e+00,2.474205e+00,6.933078e+00,4.608853e+00,5.175276e+00,1.490411e+01,4.945816e+00,4.901880e+01,3.191270e+00,3.559769e+00,6.808372e-01,1.250391e-01,7.469077e+01
8.950000e-03,1.100000e+00,8.000000e+01,1.056730e+00,2.456065e+02,7.042396e+01,2.273649e+00,4.477900e+00,2.527804e+00,7.083269e+00,4.708695e+00,5.287388e+00,1.522697e+01,5.052957e+00,4.791439e+01,3.260402e+00,3.636884e+00,6.955862e-01,1.277478e-01,7.414250e+01
8.950000e-03,1.175000e+00,8.000000e+01,1.035754e+00,2.456065e+02,6.853850e+01,2.273649e+00,4.568587e+00,2.578997e+00,7.226720e+00,4.804056e+00,5.394469e+00,1.553535e+01,5.155290e+00,4.685955e+01,3.326432e+00,3.710539e+00,7.096733e-01,1.303350e-01,7.361883e+01
8.950000e-03,1.250000e+00,8.000000e+01,1.016219e+00,2.456065e+02,6.678259e+01,2.273649e+00,4.656410e+00,2.628574e+00,7.365641e+00,4.896405e+00,5.498168e+00,1.583399e+01,5.254391e+00,4.583802e+01,3.390377e+00,3.781868e+00,7.233154e-01,1.328405e-01,7.311170e+01
8.950000e-03,1.325000e+00,8.000000e+01,9.977659e-01,2.456065e+02,6.512394e+01,2.273649e+00,4.742527e+00,2.677187e+00,7.501863e+00,4.986961e+00,5.599853e+00,1.612683e+01,5.351567e+00,4.483633e+01,3.453080e+00,3.851811e+00,7.366926e-01,1.352973e-01,7.261442e+01
8.950000e-03,1.400000e+00,8.000000e+01,9.801248e-01,2.456065e+02,6.353827e+01,2.273649e+00,4.827886e+00,2.725373e+00,7.636887e+00,5.076720e+00,5.700643e+00,1.641709e+01,5.447888e+00,4.384346e+01,3.515231e+00,3.921139e+00,7.499521e-01,1.377324e-01,7.212151e+01
8.950000e-03,1.475000e+00,8.000000e+01,9.630964e-01,2.456065e+02,6.200768e+01,2.273649e+00,4.913247e+00,2.773560e+00,7.771913e+00,5.166480e+00,5.801435e+00,1.670736e+01,5.544212e+00,4.285056e+01,3.577383e+00,3.990468e+00,7.632119e-01,1.401676e-01,7.162860e+01
8.950000e-03,1.550000e+00,8.000000e+01,9.465385e-01,2.456065e+02,6.051937e+01,2.273649e+00,4.999195e+00,2.822078e+00,7.907868e+00,5.256858e+00,5.902919e+00,1.699962e+01,5.641197e+00,4.185084e+01,3.639963e+00,4.060274e+00,7.765628e-01,1.426196e-01,7.113230e+01
8.950000e-03,1.625000e+00,8.000000e+01,9.666235e-01,2.423915e+02,6.264622e+01,2.273649e+00,4.895319e+00,2.763439e+00,7.301146e+00,4.855105e+00,5.780264e+00,1.664640e+01,5.549774e+00,4.357215e+01,3.610920e+00,4.125397e+00,7.604269e-01,1.396562e-01,7.210215e+01
8.950000e-03,1.700000e+00,8.000000e+01,9.144890e-01,2.456065e+02,5.763860e+01,2.273649e+00,5.174398e+00,2.920981e+00,8.185009e+00,5.441091e+00,6.109794e+00,1.759539e+01,5.838899e+00,3.981294e+01,3.767530e+00,4.202571e+00,8.037783e-01,1.476179e-01,7.012059e+01
8.950000e-03,1.775000e+00,8.000000e+01,8.989119e-01,2.456065e+02,5.623844e+01,2.273649e+00,5.264064e+00,2.971598e+00,8.326845e+00,5.535378e+00,6.215670e+00,1.790030e+01,5.940080e+00,3.876997e+01,3.832817e+00,4.275397e+00,8.177068e-01,1.501759e-01,6.960282e+01
8.950000e-03,1.850000e+00,8.000000e+01,8.836200e-01,2.456065e+02,5.486393e+01,2.273649e+00,5.355163e+00,3.023024e+00,8.470948e+00,5.631173e+00,6.323237e+00,1.821008e+01,6.042879e+00,3.771033e+01,3.899147e+00,4.349387e+00,8.318579e-01,1.527748e-01,6.907677e+01
8.950000e-03,1.925000e+00,8.000000e+01,8.986045e-01,2.428858e+02,5.648289e+01,2.273649e+00,5.265864e+00,2.972614e+00,7.912049e+00,5.261123e+00,6.217794e+00,1.790643e+01,5.969871e+00,3.919150e+01,3.887178e+00,4.447362e+00,8.179864e-01,1.502273e-01,6.992926e+01
8.950000e-03,2.000000e+00,8.000000e+01,8.539590e-01,2.456065e+02,5.219786e+01,2.273649e+00,5.541165e+00,3.128024e+00,8.765172e+00,5.826762e+00,6.542864e+00,1.884258e+01,6.252768e+00,3.554680e+01,4.034578e+00,4.500456e+00,8.607511e-01,1.580812e-01,6.800270e+01
9.600000e-03,5.000000e-01,8.000000e+01,1.521084e+00,2.466789e+02,1.120551e+02,2.280813e+00,3.189340e+00,1.811459e+00,4.920908e+00,3.271238e+00,3.673270e+00,1.057852e+01,3.510403e+00,6.368117e+01,2.265074e+00,2.526623e+00,4.832396e-01,8.874935e-02,8.195776e+01
9.600000e-03,5.750000e-01,8.000000e+01,1.430707e+00,2.466789e+02,1.039316e+02,2.280813e+00,3.390808e+00,1.925887e+00,5.231757e+00,3.477879e+00,3.905306e+00,1.124676e+01,3.732152e+00,6.138695e+01,2.408157e+00,2.686228e+00,5.137654e-01,9.435556e-02,8.081805e+01
9.600000e-03,6.500000e-01,nan,nan,nan,nan,nan,nan,nan,nan,nan,nan,nan,nan,nan,nan,nan,nan,nan,nan
9.600000e-03,7.250000e-01,8.000000e+01,1.304523e+00,2.466789e+02,9.258956e+01,2.280813e+00,3.718794e+00,2.112174e+00,5.737815e+00,3.814287e+00,4.283059e+00,1.233463e+01,4.093156e+00,5.765198e+01,2.641093e+00,2.946062e+00,5.634609e-01,1.034824e-01,7.896262e+01
9.600000e-03,8.000000e-01,8.000000e+01,1.258439e+00,2.466789e+02,8.844728e+01,2.280813e+00,3.854976e+00,2.189522e+00,5.947934e+00,3.953966e+00,4.439905e+00,1.278633e+01,4.243047e+00,5.610120e+01,2.737810e+00,3.053947e+00,5.840948e-01,1.072719e-01,7.819223e+01
9.600000e-03,8.750000e-01,8.000000e+01,1.219690e+00,2.466789e+02,8.496430e+01,2.280813e+00,3.977447e+00,2.259082e+00,6.136897e+00,4.079582e+00,4.580959e+00,1.319255e+01,4.377847e+00,5.470655e+01,2.824790e+00,3.150970e+00,6.026513e-01,1.106799e-01,7.749941e+01
9.600000e-03,9.500000e-01,8.000000e+01,1.186419e+00,2.466789e+02,8.197375e+01,2.280813e+00,4.088987e+00,2.322433e+00,6.308994e+00,4.193986e+00,4.709423e+00,1.356251e+01,4.500615e+00,5.343638e+01,2.904005e+00,3.239333e+00,6.195515e-01,1.137837e-01,7.686842e+01
9.600000e-03,1.025000e+00,8.000000e+01,1.157294e+00,2.466789e+02,7.935581e+01,2.280813e+00,4.191893e+00,2.380881e+00,6.467771e+00,4.299535e+00,4.827944e+00,1.390383e+01,4.613881e+00,5.226453e+01,2.977090e+00,3.320856e+00,6.351436e-01,1.166473e-01,7.628628e+01
9.600000e-03,1.100000e+00,8.000000e+01,1.131332e+00,2.466789e+02,7.702223e+01,2.280813e+00,4.288089e+00,2.435518e+00,6.616193e+00,4.398200e+00,4.938735e+00,1.422289e+01,4.719760e+00,5.116910e+01,3.045408e+00,3.397063e+00,6.497188e-01,1.193241e-01,7.574210e+01
9.600000e-03,1.175000e+00,8.000000e+01,1.107795e+00,2.466789e+02,7.490666e+01,2.280813e+00,4.379194e+00,2.487263e+00,6.756761e+00,4.491645e+00,5.043664e+00,1.452507e+01,4.820037e+00,5.013163e+01,3.110111e+00,3.469238e+00,6.635228e-01,1.218592e-01,7.522671e+01
9.600000e-03,1.250000e+00,8.000000e+01,1.086121e+00,2.466789e+02,7.295846e+01,2.280813e+00,4.466584e+00,2.536898e+00,6.891597e+00,4.581279e+00,5.144313e+00,1.481493e+01,4.916224e+00,4.913647e+01,3.172176e+00,3.538469e+00,6.767638e-01,1.242910e-01,7.473234e+01
9.600000e-03,1.325000e+00,8.000000e+01,1.065875e+00,2.466789e+02,7.113865e+01,2.280813e+00,4.551425e+00,2.585086e+00,7.022501e+00,4.668298e+00,5.242028e+00,1.509634e+01,5.009606e+00,4.817034e+01,3.232430e+00,3.605681e+00,6.896187e-01,1.266519e-01,7.425239e+01
9.600000e-03,1.400000e+00,8.000000e+01,1.046723e+00,2.466789e+02,6.941714e+01,2.280813e+00,4.634704e+00,2.632386e+00,7.150994e+00,4.753716e+00,5.337943e+00,1.537256e+01,5.101268e+00,4.722199e+01,3.291575e+00,3.671656e+00,7.022369e-01,1.289693e-01,7.378128e+01
9.600000e-03,1.475000e+00,8.000000e+01,1.028407e+00,2.466789e+02,6.777083e+01,2.280813e+00,4.717247e+00,2.679268e+00,7.278352e+00,4.838379e+00,5.433011e+00,1.564634e+01,5.192121e+00,4.628203e+01,3.350198e+00,3.737048e+00,7.147435e-01,1.312662e-01,7.331433e+01
9.600000e-03,1.550000e+00,8.000000e+01,1.010733e+00,2.466789e+02,6.618220e+01,2.280813e+00,4.799734e+00,2.726118e+00,7.405623e+00,4.922984e+00,5.528014e+00,1.591994e+01,5.282911e+00,4.534270e+01,3.408780e+00,3.802395e+00,7.272417e-01,1.335615e-01,7.284770e+01
9.600000e-03,1.625000e+00,8.000000e+01,9.935567e-01,2.466789e+02,6.463832e+01,2.280813e+00,4.882709e+00,2.773246e+00,7.533647e+00,5.008090e+00,5.623579e+00,1.619515e+01,5.374240e+00,4.439781e+01,3.467710e+00,3.868129e+00,7.398139e-01,1.358705e-01,7.237830e+01
9.600000e-03,1.700000e+00,8.000000e+01,9.767761e-01,2.466789e+02,6.313000e+01,2.280813e+00,4.966592e+00,2.820889e+00,7.663071e+00,5.094126e+00,5.720189e+00,1.647338e+01,5.466566e+00,4.344260e+01,3.527283e+00,3.934582e+00,7.525235e-01,1.382047e-01,7.190377e+01
9.600000e-03,1.775000e+00,8.000000e+01,9.603237e-01,2.466789e+02,6.165118e+01,2.280813e+00,5.051679e+00,2.869217e+00,7.794355e+00,5.181399e+00,5.818188e+00,1.675560e+01,5.560220e+00,4.247365e+01,3.587713e+00,4.001990e+00,7.654158e-01,1.405724e-01,7.142243e+01
9.600000e-03,1.850000e+00,8.000000e+01,9.441604e-01,2.466789e+02,6.019834e+01,2.280813e+00,5.138160e+00,2.918335e+00,7.927788e+00,5.270100e+00,5.917790e+00,1.704244e+01,5.655406e+00,4.148885e+01,3.649131e+00,4.070500e+00,7.785190e-01,1.429789e-01,7.093321e+01
9.600000e-03,1.925000e+00,8.000000e+01,9.282700e-01,2.466789e+02,5.877003e+01,2.280813e+00,5.226116e+00,2.968292e+00,8.063498e+00,5.360315e+00,6.019093e+00,1.733418e+01,5.752217e+00,4.048724e+01,3.711598e+00,4.140181e+00,7.918459e-01,1.454264e-01,7.043563e+01
9.600000e-03,2.000000e+00,8.000000e+01,9.333923e-01,2.456205e+02,5.933630e+01,2.280813e+00,5.197436e+00,2.952002e+00,7.802329e+00,5.187471e+00,5.986060e+00,1.723905e+01,5.735433e+00,4.083563e+01,3.767201e+00,4.365259e+00,7.875003e-01,1.446283e-01,7.072404e+01
1.025000e-02,5.000000e-01,nan,nan,nan,nan,nan,nan,nan,nan,nan,nan,nan,nan,nan,nan,nan,nan,nan,nan
1.025000e-02,5.750000e-01,8.000000e+01,1.562533e+00,2.477514e+02,1.156734e+02,2.287978e+00,3.181100e+00,1.817275e+00,4.790376e+00,3.184464e+00,3.575833e+00,1.029791e+01,3.417285e+00,6.451434e+01,2.204990e+00,2.459601e+00,4.704212e-01,8.639518e-02,8.235999e+01
1.025000e-02,6.500000e-01,nan,nan,nan,nan,nan,nan,nan,nan,nan,nan,nan,nan,nan,nan,nan,nan,nan,nan
1.025000e-02,7.250000e-01,8.000000e+01,1.415013e+00,2.477514e+02,1.024137e+02,2.287978e+00,3.512738e+00,2.006731e+00,5.289786e+00,3.516454e+00,3.948623e+00,1.137150e+01,3.773547e+00,6.081487e+01,2.434867e+00,2.716021e+00,5.194640e-01,9.540212e-02,8.052097e+01
1.025000e-02,8.000000e-01,nan,nan,nan,nan,nan,nan,nan,nan,nan,nan,nan,nan,nan,nan,nan,nan,nan,nan
1.025000e-02,8.750000e-01,8.000000e+01,1.316261e+00,2.477514e+02,9.353732e+01,2.287978e+00,3.776280e+00,2.157286e+00,5.686650e+00,3.780274e+00,4.244867e+00,1.222464e+01,4.056656e+00,5.787502e+01,2.617542e+00,2.919790e+00,5.584365e-01,1.025596e-01,7.905957e+01
1.025000e-02,9.500000e-01,nan,nan,nan,nan,nan,nan,nan,nan,nan,nan,nan,nan,nan,nan,nan,nan,nan,nan
1.025000e-02,1.025000e+00,8.000000e+01,1.244293e+00,2.477514e+02,8.706845e+01,2.287978e+00,3.994695e+00,2.282060e+00,6.015557e+00,3.998920e+00,4.490384e+00,1.293170e+01,4.291287e+00,5.543857e+01,2.768937e+00,3.088667e+00,5.907356e-01,1.084915e-01,7.784841e+01
1.025000e-02,1.100000e+00,8.000000e+01,1.214661e+00,2.477514e+02,8.440496e+01,2.287978e+00,4.092147e+00,2.337732e+00,6.162309e+00,4.096475e+00,4.599929e+00,1.324717e+01,4.395974e+00,5.435148e+01,2.836486e+00,3.164016e+00,6.051469e-01,1.111382e-01,7.730801e+01
1.025000e-02,1.175000e+00,nan,nan,nan,nan,nan,nan,nan,nan,nan,nan,nan,nan,nan,nan,nan,nan,nan,nan
1.025000e-02,1.250000e+00,8.000000e+01,1.163719e+00,2.477514e+02,7.982609e+01,2.287978e+00,4.271279e+00,2.440065e+00,6.432061e+00,4.275796e+00,4.801288e+00,1.382706e+01,4.588406e+00,5.235323e+01,2.960652e+00,3.302520e+00,6.316369e-01,1.160032e-01,7.631468e+01
1.025000e-02,1.325000e+00,8.000000e+01,1.141239e+00,2.477514e+02,7.780543e+01,2.287978e+00,4.355415e+00,2.488130e+00,6.558762e+00,4.360022e+00,4.895865e+00,1.409943e+01,4.678789e+00,5.141468e+01,3.018972e+00,3.367574e+00,6.440790e-01,1.182883e-01,7.584812e+01
1.025000e-02,1.400000e+00,8.000000e+01,1.120181e+00,2.477514e+02,7.591262e+01,2.287978e+00,4.437292e+00,2.534904e+00,6.682059e+00,4.441985e+00,4.987902e+00,1.436448e+01,4.766745e+00,5.050133e+01,3.075725e+00,3.430881e+00,6.561869e-01,1.205120e-01,7.539409e+01
1.025000e-02,1.475000e+00,8.000000e+01,1.100230e+00,2.477514e+02,7.411938e+01,2.287978e+00,4.517753e+00,2.580869e+00,6.803224e+00,4.522531e+00,5.078347e+00,1.462495e+01,4.853180e+00,4.960377e+01,3.131497e+00,3.493093e+00,6.680854e-01,1.226972e-01,7.494791e+01
1.025000e-02,1.550000e+00,8.000000e+01,1.081142e+00,2.477514e+02,7.240361e+01,2.287978e+00,4.597517e+00,2.626436e+00,6.923340e+00,4.602380e+00,5.168009e+00,1.488317e+01,4.938867e+00,4.871399e+01,3.186786e+00,3.554766e+00,6.798810e-01,1.248635e-01,7.450560e+01
1.025000e-02,1.625000e+00,8.000000e+01,1.062725e+00,2.477514e+02,7.074820e+01,2.287978e+00,4.677192e+00,2.671952e+00,7.043321e+00,4.682139e+00,5.257570e+00,1.514109e+01,5.024457e+00,4.782521e+01,3.242013e+00,3.616370e+00,6.916633e-01,1.270274e-01,7.406378e+01
1.025000e-02,1.700000e+00,nan,nan,nan,nan,nan,nan,nan,nan,nan,nan,nan,nan,nan,nan,nan,nan,nan,nan
1.025000e-02,1.775000e+00,8.000000e+01,1.027364e+00,2.477514e+02,6.756982e+01,2.287978e+00,4.838174e+00,2.763916e+00,7.285741e+00,4.843291e+00,5.438528e+00,1.566222e+01,5.197391e+00,4.602943e+01,3.353598e+00,3.740841e+00,7.154693e-01,1.313995e-01,7.317110e+01
1.025000e-02,1.850000e+00,nan,nan,nan,nan,nan,nan,nan,nan,nan,nan,nan,nan,nan,nan,nan,nan,nan,nan
1.025000e-02,1.925000e+00,8.000000e+01,9.934112e-01,2.477514e+02,6.451796e+01,2.287978e+00,5.003533e+00,2.858382e+00,7.534754e+00,5.008825e+00,5.624406e+00,1.619753e+01,5.375028e+00,4.418482e+01,3.468218e+00,3.868696e+00,7.399226e-01,1.358904e-01,7.225414e+01
1.025000e-02,2.000000e+00,8.000000e+01,9.768537e-01,2.477514e+02,6.302970e+01,2.287978e+00,5.088341e+00,2.906830e+00,7.662465e+00,5.093723e+00,5.719738e+00,1.647207e+01,5.466133e+00,4.323877e+01,3.527003e+00,3.934269e+00,7.524640e-01,1.381937e-01,7.178386e+01
1.090000e-02,5.000000e-01,8.000000e+01,1.834912e+00,2.488238e+02,1.400490e+02,2.295142e+00,2.773916e+00,1.593387e+00,4.079282e+00,2.711755e+00,3.045029e+00,8.769267e+00,2.910015e+00,6.967102e+01,1.877676e+00,2.094491e+00,4.005909e-01,7.357049e-02,8.491349e+01
1.090000e-02,5.750000e-01,nan,nan,nan,nan,nan,nan,nan,nan,nan,nan,nan,nan,nan,nan,nan,nan,nan,nan
1.090000e-02,6.500000e-01,nan,nan,nan,nan,nan,nan,nan,nan,nan,nan,nan,nan,nan,nan,nan,nan,nan,nan
1.090000e-02,7.250000e-01,8.000000e+01,1.539776e+00,2.488238e+02,1.135206e+02,2.295142e+00,3.305605e+00,1.898798e+00,4.861177e+00,3.231530e+00,3.628684e+00,1.045011e+01,3.467792e+00,6.385772e+01,2.237579e+00,2.495952e+00,4.773740e-01,8.767209e-02,8.202179e+01
1.090000e-02,8.000000e-01,8.000000e+01,1.477276e+00,2.488238e+02,1.079028e+02,2.295142e+00,3.445456e+00,1.979131e+00,5.066840e+00,3.368248e+00,3.782203e+00,1.089223e+01,3.614504e+00,6.232864e+01,2.332245e+00,2.601549e+00,4.975704e-01,9.138126e-02,8.126118e+01
1.090000e-02,8.750000e-01,8.000000e+01,1.425015e+00,2.488238e+02,1.032053e+02,2.295142e+00,3.571815e+00,2.051714e+00,5.252662e+00,3.491775e+00,3.920912e+00,1.129169e+01,3.747063e+00,6.094708e+01,2.417778e+00,2.696959e+00,5.158184e-01,9.473259e-02,8.057395e+01
1.090000e-02,9.500000e-01,nan,nan,nan,nan,nan,nan,nan,nan,nan,nan,nan,nan,nan,nan,nan,nan,nan,nan
1.090000e-02,1.025000e+00,nan,nan,nan,nan,nan,nan,nan,nan,nan,nan,nan,nan,nan,nan,nan,nan,nan,nan
1.090000e-02,1.100000e+00,8.000000e+01,1.307969e+00,2.488238e+02,9.268467e+01,2.295142e+00,3.891445e+00,2.235315e+00,5.722705e+00,3.804242e+00,4.271781e+00,1.230215e+01,4.082375e+00,5.745237e+01,2.634137e+00,2.938301e+00,5.619772e-01,1.032099e-01,7.883558e+01
1.090000e-02,1.175000e+00,nan,nan,nan,nan,nan,nan,nan,nan,nan,nan,nan,nan,nan,nan,nan,nan,nan,nan
1.090000e-02,1.250000e+00,8.000000e+01,1.250191e+00,2.488238e+02,8.749135e+01,2.295142e+00,4.071287e+00,2.338620e+00,5.987178e+00,3.980054e+00,4.469200e+00,1.287069e+01,4.271041e+00,5.548604e+01,2.755873e+00,3.074094e+00,5.879488e-01,1.079797e-01,7.785747e+01
1.090000e-02,1.325000e+00,8.000000e+01,1.225001e+00,2.488238e+02,8.522711e+01,2.295142e+00,4.155007e+00,2.386710e+00,6.110295e+00,4.061898e+00,4.561103e+00,1.313535e+01,4.358868e+00,5.457067e+01,2.812544e+00,3.137309e+00,6.000391e-01,1.102001e-01,7.740214e+01
1.090000e-02,1.400000e+00,nan,nan,nan,nan,nan,nan,nan,nan,nan,nan,nan,nan,nan,nan,nan,nan,nan,nan
1.090000e-02,1.475000e+00,8.000000e+01,1.179634e+00,2.488239e+02,8.114933e+01,2.295142e+00,4.314800e+00,2.478498e+00,6.345285e+00,4.218111e+00,4.736514e+00,1.364051e+01,4.526502e+00,5.282355e+01,2.920709e+00,3.257964e+00,6.231154e-01,1.144382e-01,7.653307e+01
1.090000e-02,1.550000e+00,nan,nan,nan,nan,nan,nan,nan,nan,nan,nan,nan,nan,nan,nan,nan,nan,nan,nan
1.090000e-02,1.625000e+00,nan,nan,nan,nan,nan,nan,nan,nan,nan,nan,nan,nan,nan,nan,nan,nan,nan,nan
1.090000e-02,1.700000e+00,nan,nan,nan,nan,nan,nan,nan,nan,nan,nan,nan,nan,nan,nan,nan,nan,nan,nan
1.090000e-02,1.775000e+00,8.000000e+01,1.100870e+00,2.488239e+02,7.406964e+01,2.295142e+00,4.623510e+00,2.655826e+00,6.799270e+00,4.519903e+00,5.075396e+00,1.461645e+01,4.850358e+00,4.944823e+01,3.129677e+00,3.491061e+00,6.676972e-01,1.226259e-01,7.485409e+01
1.090000e-02,1.850000e+00,8.000000e+01,1.082617e+00,2.488239e+02,7.242895e+01,2.295142e+00,4.701463e+00,2.700604e+00,6.913907e+00,4.596109e+00,5.160968e+00,1.486288e+01,4.932136e+00,4.859591e+01,3.182444e+00,3.549922e+00,6.789547e-01,1.246934e-01,7.443013e+01
1.090000e-02,1.925000e+00,8.000000e+01,1.064730e+00,2.488239e+02,7.082119e+01,2.295142e+00,4.780445e+00,2.745973e+00,7.030056e+00,4.673321e+00,5.247670e+00,1.511257e+01,5.014993e+00,4.773236e+01,3.235907e+00,3.609558e+00,6.903607e-01,1.267882e-01,7.400057e+01
1.090000e-02,2.000000e+00,nan,nan,nan,nan,nan,nan,nan,nan,nan,nan,nan,nan,nan,nan,nan,nan,nan,nan
1.155000e-02,5.000000e-01,8.000000e+01,2.023414e+00,2.498963e+02,1.568852e+02,2.302307e+00,2.574466e+00,1.486545e+00,3.699257e+00,2.459129e+00,2.761355e+00,7.952322e+00,2.638918e+00,7.239590e+01,1.702752e+00,1.899367e+00,3.632720e-01,6.671668e-02,8.625998e+01
1.155000e-02,5.750000e-01,nan,nan,nan,nan,nan,nan,nan,nan,nan,nan,nan,nan,nan,nan,nan,nan,nan,nan
1.155000e-02,6.500000e-01,8.000000e+01,1.769269e+00,2.498963e+02,1.340413e+02,2.302307e+00,2.944272e+00,1.700078e+00,4.230632e+00,2.812367e+00,3.158006e+00,9.094623e+00,3.017982e+00,6.843074e+01,1.947341e+00,2.172200e+00,4.154537e-01,7.630012e-02,8.428631e+01
1.155000e-02,7.250000e-01,8.000000e+01,1.680610e+00,2.498963e+02,1.260722e+02,2.302307e+00,3.099595e+00,1.789765e+00,4.453817e+00,2.960732e+00,3.324605e+00,9.574406e+00,3.177195e+00,6.676532e+01,2.050073e+00,2.286793e+00,4.373708e-01,8.032529e-02,8.345734e+01
1.155000e-02,8.000000e-01,8.000000e+01,1.608078e+00,2.498963e+02,1.195527e+02,2.302307e+00,3.239401e+00,1.870491e+00,4.654704e+00,3.094275e+00,3.474560e+00,1.000625e+01,3.320500e+00,6.526629e+01,2.142540e+00,2.389938e+00,4.570981e-01,8.394832e-02,8.271120e+01
1.155000e-02,8.750000e-01,8.000000e+01,1.547518e+00,2.498963e+02,1.141092e+02,2.302307e+00,3.366170e+00,1.943690e+00,4.836859e+00,3.215365e+00,3.610532e+00,1.039784e+01,3.450444e+00,6.390703e+01,2.226385e+00,2.483465e+00,4.749860e-01,8.723353e-02,8.203462e+01
1.155000e-02,9.500000e-01,8.000000e+01,1.496042e+00,2.498963e+02,1.094823e+02,2.302307e+00,3.481992e+00,2.010568e+00,5.003284e+00,3.325998e+00,3.734762e+00,1.075560e+01,3.569165e+00,6.266516e+01,2.302990e+00,2.568915e+00,4.913292e-01,9.023502e-02,8.141648e+01
1.155000e-02,1.025000e+00,8.000000e+01,1.451582e+00,2.498963e+02,1.054860e+02,2.302307e+00,3.588642e+00,2.072150e+00,5.156530e+00,3.427870e+00,3.849154e+00,1.108503e+01,3.678485e+00,6.152163e+01,2.373529e+00,2.647599e+00,5.063781e-01,9.299883e-02,8.084728e+01
1.155000e-02,1.100000e+00,8.000000e+01,1.412610e+00,2.498963e+02,1.019831e+02,2.302307e+00,3.687646e+00,2.129317e+00,5.298789e+00,3.522439e+00,3.955345e+00,1.139085e+01,3.779968e+00,6.046008e+01,2.439010e+00,2.720641e+00,5.203481e-01,9.556450e-02,8.031889e+01
1.155000e-02,1.175000e+00,8.000000e+01,1.377978e+00,2.498963e+02,9.887013e+01,2.302307e+00,3.780327e+00,2.182832e+00,5.431962e+00,3.610967e+00,4.054754e+00,1.167713e+01,3.874969e+00,5.946634e+01,2.500309e+00,2.789019e+00,5.334259e-01,9.796630e-02,7.982425e+01
1.155000e-02,1.250000e+00,8.000000e+01,1.346800e+00,2.498963e+02,9.606770e+01,2.302307e+00,3.867840e+00,2.233364e+00,5.557710e+00,3.694560e+00,4.148620e+00,1.194745e+01,3.964673e+00,5.852800e+01,2.558190e+00,2.853584e+00,5.457745e-01,1.002342e-01,7.935719e+01
1.155000e-02,1.325000e+00,8.000000e+01,1.318386e+00,2.498963e+02,9.351368e+01,2.302307e+00,3.951201e+00,2.281498e+00,5.677491e+00,3.774186e+00,4.238032e+00,1.220495e+01,4.050121e+00,5.763418e+01,2.613325e+00,2.915085e+00,5.575372e-01,1.023945e-01,7.891229e+01
1.155000e-02,1.400000e+00,8.000000e+01,1.292188e+00,2.498963e+02,9.115890e+01,2.302307e+00,4.031307e+00,2.327753e+00,5.792596e+00,3.850703e+00,4.323953e+00,1.245239e+01,4.132232e+00,5.677526e+01,2.666308e+00,2.974186e+00,5.688406e-01,1.044704e-01,7.848476e+01
1.155000e-02,1.475000e+00,8.000000e+01,1.267770e+00,2.498963e+02,8.896407e+01,2.302307e+00,4.108953e+00,2.372587e+00,5.904165e+00,3.924870e+00,4.407236e+00,1.269223e+01,4.211822e+00,5.594272e+01,2.717662e+00,3.031470e+00,5.797969e-01,1.064826e-01,7.807037e+01
1.155000e-02,1.550000e+00,8.000000e+01,1.244780e+00,2.498963e+02,8.689762e+01,2.302307e+00,4.184842e+00,2.416407e+00,6.013210e+00,3.997359e+00,4.488633e+00,1.292665e+01,4.289610e+00,5.512902e+01,2.767855e+00,3.087459e+00,5.905052e-01,1.084492e-01,7.766534e+01
1.155000e-02,1.625000e+00,8.000000e+01,1.222934e+00,2.498963e+02,8.493404e+01,2.302307e+00,4.259596e+00,2.459571e+00,6.120625e+00,4.068765e+00,4.568814e+00,1.315756e+01,4.366236e+00,5.432749e+01,2.817298e+00,3.142611e+00,6.010535e-01,1.103864e-01,7.726638e+01
1.155000e-02,1.700000e+00,8.000000e+01,1.202005e+00,2.498963e+02,8.305281e+01,2.302307e+00,4.333764e+00,2.502397e+00,6.227197e+00,4.139610e+00,4.648366e+00,1.338665e+01,4.442261e+00,5.353224e+01,2.866353e+00,3.197330e+00,6.115189e-01,1.123085e-01,7.687054e+01
1.155000e-02,1.775000e+00,8.000000e+01,1.181809e+00,2.498963e+02,8.123749e+01,2.302307e+00,4.407823e+00,2.545160e+00,6.333613e+00,4.210351e+00,4.727802e+00,1.361542e+01,4.518175e+00,5.273815e+01,2.915336e+00,3.251970e+00,6.219692e-01,1.142277e-01,7.647528e+01
1.155000e-02,1.850000e+00,8.000000e+01,1.162201e+00,2.498963e+02,7.947507e+01,2.302307e+00,4.482188e+00,2.588100e+00,6.440467e+00,4.281384e+00,4.807565e+00,1.384512e+01,4.594401e+00,5.194080e+01,2.964521e+00,3.306834e+00,6.324624e-01,1.161548e-01,7.607840e+01
1.155000e-02,1.925000e+00,8.000000e+01,1.143069e+00,2.498963e+02,7.775542e+01,2.302307e+00,4.557206e+00,2.631417e+00,6.548262e+00,4.353042e+00,4.888029e+00,1.407685e+01,4.671297e+00,5.113643e+01,3.014138e+00,3.362181e+00,6.430480e-01,1.180989e-01,7.567802e+01
1.155000e-02,2.000000e+00,8.000000e+01,1.124328e+00,2.498963e+02,7.607087e+01,2.302307e+00,4.633169e+00,2.675279e+00,6.657413e+00,4.425602e+00,4.969507e+00,1.431150e+01,4.749162e+00,5.032193e+01,3.064380e+00,3.418224e+00,6.537668e-01,1.200675e-01,7.527260e+01
1.220000e-02,5.000000e-01,8.000000e+01,2.236484e+00,2.509688e+02,1.759296e+02,2.309471e+00,2.382548e+00,1.382558e+00,3.346831e+00,2.224849e+00,2.498283e+00,7.194708e+00,2.387510e+00,7.493474e+01,1.540531e+00,1.718415e+00,3.286633e-01,6.036063e-02,8.751563e+01
1.220000e-02,5.750000e-01,8.000000e+01,2.070775e+00,2.509688e+02,1.610348e+02,2.309471e+00,2.573205e+00,1.493194e+00,3.614653e+00,2.402887e+00,2.698202e+00,7.770446e+00,2.578564e+00,7.292896e+01,1.663808e+00,1.855927e+00,3.549638e-01,6.519084e-02,8.651660e+01
1.220000e-02,6.500000e-01,8.000000e+01,1.942203e+00,2.509688e+02,1.494782e+02,2.309471e+00,2.743549e+00,1.592042e+00,3.853939e+00,2.561956e+00,2.876820e+00,8.284841e+00,2.749262e+00,7.113689e+01,1.773951e+00,1.978787e+00,3.784620e-01,6.950640e-02,8.562402e+01
1.220000e-02,7.250000e-01,8.000000e+01,1.839518e+00,2.509688e+02,1.402483e+02,2.309471e+00,2.896699e+00,1.680913e+00,4.069073e+00,2.704969e+00,3.037410e+00,8.747318e+00,2.902732e+00,6.952569e+01,1.872976e+00,2.089247e+00,3.995885e-01,7.338639e-02,8.482152e+01
1.220000e-02,8.000000e-01,8.000000e+01,1.755548e+00,2.509688e+02,1.327007e+02,2.309471e+00,3.035251e+00,1.761312e+00,4.263701e+00,2.834350e+00,3.182691e+00,9.165709e+00,3.041572e+00,6.806808e+01,1.962562e+00,2.189178e+00,4.187011e-01,7.689652e-02,8.409552e+01
1.220000e-02,8.750000e-01,8.000000e+01,1.685505e+00,2.509688e+02,1.264048e+02,2.309471e+00,3.161384e+00,1.834505e+00,4.440884e+00,2.952135e+00,3.314952e+00,9.546601e+00,3.167968e+00,6.674111e+01,2.044119e+00,2.280152e+00,4.361008e-01,8.009205e-02,8.343459e+01
1.220000e-02,9.500000e-01,8.000000e+01,1.626062e+00,2.509688e+02,1.210618e+02,2.309471e+00,3.276953e+00,1.901568e+00,4.603226e+00,3.060054e+00,3.436134e+00,9.895590e+00,3.283777e+00,6.552528e+01,2.118845e+00,2.363506e+00,4.520430e-01,8.301992e-02,8.282902e+01
1.220000e-02,1.025000e+00,nan,nan,nan,nan,nan,nan,nan,nan,nan,nan,nan,nan,nan,nan,nan,nan,nan,nan
1.220000e-02,1.100000e+00,8.000000e+01,1.530066e+00,2.509688e+02,1.124332e+02,2.309471e+00,3.482547e+00,2.020872e+00,4.892031e+00,3.252041e+00,3.651716e+00,1.051644e+01,3.489800e+00,6.336235e+01,2.251780e+00,2.511792e+00,4.804040e-01,8.822855e-02,8.175172e+01
1.220000e-02,1.175000e+00,8.000000e+01,1.490432e+00,2.509688e+02,1.088707e+02,2.309471e+00,3.575156e+00,2.074611e+00,5.022120e+00,3.338520e+00,3.748823e+00,1.079609e+01,3.582601e+00,6.238808e+01,2.311660e+00,2.578586e+00,4.931790e-01,9.057474e-02,8.126646e+01
1.220000e-02,1.250000e+00,8.000000e+01,1.454914e+00,2.509688e+02,1.056782e+02,2.309471e+00,3.662433e+00,2.125257e+00,5.144721e+00,3.420020e+00,3.840340e+00,1.105965e+01,3.670061e+00,6.146989e+01,2.368093e+00,2.641535e+00,5.052186e-01,9.278587e-02,8.080913e+01
1.220000e-02,1.325000e+00,8.000000e+01,1.422716e+00,2.509688e+02,1.027841e+02,2.309471e+00,3.745318e+00,2.173354e+00,5.261152e+00,3.497419e+00,3.927252e+00,1.130994e+01,3.753118e+00,6.059791e+01,2.421686e+00,2.701316e+00,5.166522e-01,9.488572e-02,8.037482e+01
1.220000e-02,1.400000e+00,8.000000e+01,1.393207e+00,2.509688e+02,1.001317e+02,2.309471e+00,3.824647e+00,2.219387e+00,5.372588e+00,3.571497e+00,4.010434e+00,1.154949e+01,3.832612e+00,5.976334e+01,2.472979e+00,2.758532e+00,5.275953e-01,9.689548e-02,7.995914e+01
1.220000e-02,1.475000e+00,8.000000e+01,1.365880e+00,2.509688e+02,9.767540e+01,2.309471e+00,3.901167e+00,2.263791e+00,5.480077e+00,3.642952e+00,4.090670e+00,1.178056e+01,3.909291e+00,5.895833e+01,2.522456e+00,2.813722e+00,5.381509e-01,9.883406e-02,7.955819e+01
1.220000e-02,1.550000e+00,8.000000e+01,1.340325e+00,2.509688e+02,9.537842e+01,2.309471e+00,3.975546e+00,2.306952e+00,5.584560e+00,3.712408e+00,4.168663e+00,1.200517e+01,3.983826e+00,5.817583e+01,2.570549e+00,2.867369e+00,5.484112e-01,1.007184e-01,7.916845e+01
1.220000e-02,1.625000e+00,8.000000e+01,1.316210e+00,2.509688e+02,9.321082e+01,2.309471e+00,4.048385e+00,2.349219e+00,5.686879e+00,3.780426e+00,4.245040e+00,1.222513e+01,4.056816e+00,5.740953e+01,2.617646e+00,2.919904e+00,5.584591e-01,1.025638e-01,7.878677e+01
1.220000e-02,1.700000e+00,8.000000e+01,1.293262e+00,2.509688e+02,9.114814e+01,2.309471e+00,4.120220e+00,2.390904e+00,5.787788e+00,3.847507e+00,4.320365e+00,1.244205e+01,4.128801e+00,5.665380e+01,2.664094e+00,2.971716e+00,5.683685e-01,1.043837e-01,7.841036e+01
1.220000e-02,1.775000e+00,8.000000e+01,1.271260e+00,2.509688e+02,8.917048e+01,2.309471e+00,4.191530e+00,2.432285e+00,5.887959e+00,3.914097e+00,4.395139e+00,1.265739e+01,4.200260e+00,5.590359e+01,2.710202e+00,3.023149e+00,5.782054e-01,1.061903e-01,7.803670e+01
1.220000e-02,1.850000e+00,8.000000e+01,1.250023e+00,2.509688e+02,8.726166e+01,2.309471e+00,4.262739e+00,2.473606e+00,5.987987e+00,3.980592e+00,4.469806e+00,1.287242e+01,4.271617e+00,5.515445e+01,2.756245e+00,3.074508e+00,5.880283e-01,1.079943e-01,7.766358e+01
1.220000e-02,1.925000e+00,8.000000e+01,1.229408e+00,2.509688e+02,8.540867e+01,2.309471e+00,4.334218e+00,2.515084e+00,6.088396e+00,4.047340e+00,4.544757e+00,1.308827e+01,4.343244e+00,5.440247e+01,2.802463e+00,3.126062e+00,5.978886e-01,1.098052e-01,7.728903e+01
1.220000e-02,2.000000e+00,8.000000e+01,1.209299e+00,2.509688e+02,8.360120e+01,2.309471e+00,4.406289e+00,2.556906e+00,6.189636e+00,4.114641e+00,4.620329e+00,1.330591e+01,4.415465e+00,5.364426e+01,2.849063e+00,3.178044e+00,6.078305e-01,1.116311e-01,7.691139e+01
1.285000e-02,5.000000e-01,8.000000e+01,2.477142e+00,2.520412e+02,1.974537e+02,2.316636e+00,2.199248e+00,1.282220e+00,3.021684e+00,2.008703e+00,2.255573e+00,6.495735e+00,2.155561e+00,7.728771e+01,1.390867e+00,1.551469e+00,2.967335e-01,5.449656e-02,8.868033e+01
1.285000e-02,5.750000e-01,8.000000e+01,2.285848e+00,2.520412e+02,1.802593e+02,2.316636e+00,2.383295e+00,1.389524e+00,3.274557e+00,2.176804e+00,2.444333e+00,7.039338e+00,2.335952e+00,7.538701e+01,1.507263e+00,1.681305e+00,3.215660e-01,5.905716e-02,8.773303e+01
1.285000e-02,6.500000e-01,8.000000e+01,2.137352e+00,2.520412e+02,1.669117e+02,2.316636e+00,2.548878e+00,1.486064e+00,3.502062e+00,2.328041e+00,2.614157e+00,7.528407e+00,2.498245e+00,7.367698e+01,1.611983e+00,1.798116e+00,3.439072e-01,6.316025e-02,8.688077e+01
1.285000e-02,7.250000e-01,8.000000e+01,2.018733e+00,2.520412e+02,1.562497e+02,2.316636e+00,2.698647e+00,1.573383e+00,3.707839e+00,2.464834e+00,2.767762e+00,7.970768e+00,2.645040e+00,7.213027e+01,1.706701e+00,1.903772e+00,3.641148e-01,6.687148e-02,8.610990e+01
1.285000e-02,8.000000e-01,nan,nan,nan,nan,nan,nan,nan,nan,nan,nan,nan,nan,nan,nan,nan,nan,nan,nan
1.285000e-02,8.750000e-01,8.000000e+01,1.840903e+00,2.520412e+02,1.402655e+02,2.316636e+00,2.959334e+00,1.725370e+00,4.066012e+00,2.702934e+00,3.035125e+00,8.740735e+00,2.900547e+00,6.943808e+01,1.871567e+00,2.087674e+00,3.992879e-01,7.333119e-02,8.476813e+01
1.285000e-02,9.500000e-01,8.000000e+01,1.772363e+00,2.520412e+02,1.341048e+02,2.316636e+00,3.073776e+00,1.792093e+00,4.223252e+00,2.807461e+00,3.152498e+00,9.078754e+00,3.012716e+00,6.825620e+01,1.943943e+00,2.168408e+00,4.147290e-01,7.616702e-02,8.417909e+01
1.285000e-02,1.025000e+00,8.000000e+01,1.713390e+00,2.520412e+02,1.288040e+02,2.316636e+00,3.179571e+00,1.853775e+00,4.368610e+00,2.904090e+00,3.261003e+00,9.391232e+00,3.116410e+00,6.716362e+01,2.010851e+00,2.243042e+00,4.290035e-01,7.878859e-02,8.363455e+01
1.285000e-02,1.100000e+00,8.000000e+01,1.661967e+00,2.520412e+02,1.241818e+02,2.316636e+00,3.277951e+00,1.911133e+00,4.503781e+00,2.993947e+00,3.361903e+00,9.681810e+00,3.212836e+00,6.614762e+01,2.073070e+00,2.312445e+00,4.422774e-01,8.122642e-02,8.312818e+01
1.285000e-02,1.175000e+00,nan,nan,nan,nan,nan,nan,nan,nan,nan,nan,nan,nan,nan,nan,nan,nan,nan,nan
1.285000e-02,1.250000e+00,8.000000e+01,1.576033e+00,2.520412e+02,1.164577e+02,2.316636e+00,3.456682e+00,2.015338e+00,4.749350e+00,3.157192e+00,3.545211e+00,1.020971e+01,3.388016e+00,6.430181e+01,2.186105e+00,2.438532e+00,4.663926e-01,8.565530e-02,8.220824e+01
1.285000e-02,1.325000e+00,8.000000e+01,1.539438e+00,2.520412e+02,1.131684e+02,2.316636e+00,3.538852e+00,2.063245e+00,4.862248e+00,3.232243e+00,3.629485e+00,1.045241e+01,3.468554e+00,6.345322e+01,2.238071e+00,2.496499e+00,4.774794e-01,8.769143e-02,8.178531e+01
1.285000e-02,1.400000e+00,8.000000e+01,1.506061e+00,2.520412e+02,1.101683e+02,2.316636e+00,3.617279e+00,2.108970e+00,4.970004e+00,3.303875e+00,3.709921e+00,1.068405e+01,3.545423e+00,6.264328e+01,2.287671e+00,2.551826e+00,4.880612e-01,8.963483e-02,8.138164e+01
1.285000e-02,1.475000e+00,8.000000e+01,1.475318e+00,2.520412e+02,1.074050e+02,2.316636e+00,3.692657e+00,2.152917e+00,5.073570e+00,3.372722e+00,3.787229e+00,1.090669e+01,3.619303e+00,6.186483e+01,2.335342e+00,2.605002e+00,4.982314e-01,9.150265e-02,8.099367e+01
1.285000e-02,1.550000e+00,8.000000e+01,1.446736e+00,2.520412e+02,1.048359e+02,2.316636e+00,3.765610e+00,2.195451e+00,5.173805e+00,3.439354e+00,3.862051e+00,1.112217e+01,3.690807e+00,6.111143e+01,2.381480e+00,2.656467e+00,5.080746e-01,9.331040e-02,8.061817e+01
1.285000e-02,1.625000e+00,8.000000e+01,1.419928e+00,2.520412e+02,1.024262e+02,2.316636e+00,3.836705e+00,2.236901e+00,5.271487e+00,3.504289e+00,3.934967e+00,1.133215e+01,3.760490e+00,6.037720e+01,2.426442e+00,2.706622e+00,5.176671e-01,9.507211e-02,8.025224e+01
1.285000e-02,1.700000e+00,8.000000e+01,1.394575e+00,2.520412e+02,1.001473e+02,2.316636e+00,3.906455e+00,2.277567e+00,5.367320e+00,3.567996e+00,4.006503e+00,1.153817e+01,3.828854e+00,5.965688e+01,2.470554e+00,2.755827e+00,5.270781e-01,9.680048e-02,7.989324e+01
1.285000e-02,1.775000e+00,8.000000e+01,1.370415e+00,2.520412e+02,9.797578e+01,2.316636e+00,3.975322e+00,2.317719e+00,5.461942e+00,3.630897e+00,4.077134e+00,1.174158e+01,3.896354e+00,5.894566e+01,2.514108e+00,2.804410e+00,5.363701e-01,9.850700e-02,7.953877e+01
1.285000e-02,1.850000e+00,8.000000e+01,1.347233e+00,2.520412e+02,9.589206e+01,2.316636e+00,4.043726e+00,2.357600e+00,5.555926e+00,3.693374e+00,4.147290e+00,1.194361e+01,3.963399e+00,5.823923e+01,2.557369e+00,2.852666e+00,5.455994e-01,1.002020e-01,7.918669e+01
1.285000e-02,1.925000e+00,8.000000e+01,1.324851e+00,2.520412e+02,9.388024e+01,2.316636e+00,4.112041e+00,2.397430e+00,5.649789e+00,3.755770e+00,4.217354e+00,1.214539e+01,4.030357e+00,5.753372e+01,2.600573e+00,2.900860e+00,5.548168e-01,1.018948e-01,7.883507e+01
1.285000e-02,2.000000e+00,8.000000e+01,1.303124e+00,2.520412e+02,9.192732e+01,2.316636e+00,4.180601e+00,2.437402e+00,5.743987e+00,3.818390e+00,4.287670e+00,1.234789e+01,4.097555e+00,5.682569e+01,2.643932e+00,2.949226e+00,5.640672e-01,1.035937e-01,7.848219e+01
1.350000e-02,5.000000e-01,8.000000e+01,2.748763e+00,2.531137e+02,2.217609e+02,2.323800e+00,2.025336e+00,1.186139e+00,2.723096e+00,1.810213e+00,2.032689e+00,5.853857e+00,1.942559e+00,7.945800e+01,1.253428e+00,1.398159e+00,2.674117e-01,4.911148e-02,8.975548e+01
1.350000e-02,5.750000e-01,8.000000e+01,2.528508e+00,2.531137e+02,2.019634e+02,2.323800e+00,2.201760e+00,1.289461e+00,2.960300e+00,1.967898e+00,2.209753e+00,6.363777e+00,2.111772e+00,7.766862e+01,1.362612e+00,1.519951e+00,2.907055e-01,5.338949e-02,8.886310e+01
1.350000e-02,6.500000e-01,8.000000e+01,2.357438e+00,2.531137e+02,1.865868e+02,2.323800e+00,2.361533e+00,1.383033e+00,3.175118e+00,2.110701e+00,2.370106e+00,6.825572e+00,2.265015e+00,7.604812e+01,1.461492e+00,1.630248e+00,3.118009e-01,5.726377e-02,8.805494e+01
1.350000e-02,7.250000e-01,8.000000e+01,2.220748e+00,2.531137e+02,1.743004e+02,2.323800e+00,2.506888e+00,1.468160e+00,3.370550e+00,2.240617e+00,2.515989e+00,7.245693e+00,2.404429e+00,7.457385e+01,1.551448e+00,1.730591e+00,3.309926e-01,6.078841e-02,8.731970e+01
1.350000e-02,8.000000e-01,8.000000e+01,2.108994e+00,2.531137e+02,1.642554e+02,2.323800e+00,2.639727e+00,1.545957e+00,3.549153e+00,2.359345e+00,2.649310e+00,7.629638e+00,2.531838e+00,7.322654e+01,1.633658e+00,1.822294e+00,3.485317e-01,6.400955e-02,8.664778e+01
1.350000e-02,8.750000e-01,8.000000e+01,2.015859e+00,2.531137e+02,1.558841e+02,2.323800e+00,2.761684e+00,1.617381e+00,3.713126e+00,2.468349e+00,2.771709e+00,7.982132e+00,2.648811e+00,7.198959e+01,1.709135e+00,1.906486e+00,3.646341e-01,6.696684e-02,8.603090e+01
1.350000e-02,9.500000e-01,8.000000e+01,1.936960e+00,2.531137e+02,1.487922e+02,2.323800e+00,2.874177e+00,1.683263e+00,3.864375e+00,2.568894e+00,2.884611e+00,8.307273e+00,2.756706e+00,7.084862e+01,1.778754e+00,1.984144e+00,3.794869e-01,6.969464e-02,8.546189e+01
1.350000e-02,1.025000e+00,8.000000e+01,1.869151e+00,2.531137e+02,1.426972e+02,2.323800e+00,2.978446e+00,1.744328e+00,4.004566e+00,2.662087e+00,2.989258e+00,8.608642e+00,2.856713e+00,6.979108e+01,1.843283e+00,2.056124e+00,3.932539e-01,7.222300e-02,8.493448e+01
1.350000e-02,1.100000e+00,8.000000e+01,1.810119e+00,2.531137e+02,1.373911e+02,2.323800e+00,3.075581e+00,1.801215e+00,4.135165e+00,2.748905e+00,3.086745e+00,8.889391e+00,2.949878e+00,6.880589e+01,1.903397e+00,2.123180e+00,4.060789e-01,7.457837e-02,8.444316e+01
1.350000e-02,1.175000e+00,8.000000e+01,1.758118e+00,2.531137e+02,1.327170e+02,2.323800e+00,3.166549e+00,1.854490e+00,4.257473e+00,2.830210e+00,3.178044e+00,9.152318e+00,3.037128e+00,6.788324e+01,1.959695e+00,2.185978e+00,4.180897e-01,7.678422e-02,8.398302e+01
1.350000e-02,1.250000e+00,8.000000e+01,1.711808e+00,2.531137e+02,1.285544e+02,2.323800e+00,3.252214e+00,1.904660e+00,4.372651e+00,2.906777e+00,3.264020e+00,9.399917e+00,3.119292e+00,6.701438e+01,2.012711e+00,2.245116e+00,4.294003e-01,7.886147e-02,8.354971e+01
1.350000e-02,1.325000e+00,8.000000e+01,1.670140e+00,2.531137e+02,1.248092e+02,2.323800e+00,3.333351e+00,1.952178e+00,4.481742e+00,2.979296e+00,3.345452e+00,9.634429e+00,3.197113e+00,6.619144e+01,2.062925e+00,2.301128e+00,4.401131e-01,8.082893e-02,8.313930e+01
1.350000e-02,1.400000e+00,8.000000e+01,1.632283e+00,2.531137e+02,1.214064e+02,2.323800e+00,3.410660e+00,1.997454e+00,4.585685e+00,3.048393e+00,3.423042e+00,9.857877e+00,3.271262e+00,6.540734e+01,2.110770e+00,2.354497e+00,4.503205e-01,8.270357e-02,8.274826e+01
1.350000e-02,1.475000e+00,8.000000e+01,1.597567e+00,2.531137e+02,1.182860e+02,2.323800e+00,3.484775e+00,2.040860e+00,4.685333e+00,3.114636e+00,3.497426e+00,1.007209e+01,3.342348e+00,6.465562e+01,2.156638e+00,2.405662e+00,4.601061e-01,8.450075e-02,8.237337e+01
1.350000e-02,1.550000e+00,8.000000e+01,1.565449e+00,2.531137e+02,1.153990e+02,2.323800e+00,3.556273e+00,2.082732e+00,4.781464e+00,3.178540e+00,3.569183e+00,1.027874e+01,3.410924e+00,6.393045e+01,2.200886e+00,2.455020e+00,4.695462e-01,8.623447e-02,8.201172e+01
1.350000e-02,1.625000e+00,8.000000e+01,1.535481e+00,2.531137e+02,1.127054e+02,2.323800e+00,3.625680e+00,2.123381e+00,4.874782e+00,3.240575e+00,3.638842e+00,1.047935e+01,3.477494e+00,6.322649e+01,2.243840e+00,2.502934e+00,4.787103e-01,8.791749e-02,8.166065e+01
1.350000e-02,1.700000e+00,8.000000e+01,1.507296e+00,2.531137e+02,1.101719e+02,2.323800e+00,3.693477e+00,2.163086e+00,4.965937e+00,3.301171e+00,3.706885e+00,1.067531e+01,3.542520e+00,6.253886e+01,2.285798e+00,2.549737e+00,4.876617e-01,8.956147e-02,8.131772e+01
1.350000e-02,1.775000e+00,nan,nan,nan,nan,nan,nan,nan,nan,nan,nan,nan,nan,nan,nan,nan,nan,nan,nan
1.350000e-02,1.850000e+00,8.000000e+01,1.455102e+00,2.531137e+02,1.054805e+02,2.323800e+00,3.825961e+00,2.240675e+00,5.144062e+00,3.419582e+00,3.839849e+00,1.105822e+01,3.669589e+00,6.119515e+01,2.367789e+00,2.641195e+00,5.051539e-01,9.277399e-02,8.064760e+01
1.350000e-02,1.925000e+00,8.000000e+01,1.430627e+00,2.531137e+02,1.032806e+02,2.323800e+00,3.891413e+00,2.279007e+00,5.232064e+00,3.478082e+00,3.905540e+00,1.124740e+01,3.732366e+00,6.053129e+01,2.408296e+00,2.686379e+00,5.137958e-01,9.436112e-02,8.031653e+01
1.350000e-02,2.000000e+00,8.000000e+01,1.406988e+00,2.531137e+02,1.011558e+02,2.323800e+00,3.956793e+00,2.317297e+00,5.319968e+00,3.536518e+00,3.971157e+00,1.143637e+01,3.795074e+00,5.986818e+01,2.448758e+00,2.731513e+00,5.224281e-01,9.594648e-02,7.998582e+01
1.415000e-02,5.000000e-01,8.000000e+01,3.055118e+00,2.541861e+02,2.491902e+02,2.330965e+00,1.861299e+00,1.094749e+00,2.450036e+00,1.628693e+00,1.828860e+00,5.266857e+00,1.747767e+00,8.145126e+01,1.127739e+00,1.257957e+00,2.405969e-01,4.418680e-02,9.074370e+01
1.415000e-02,5.750000e-01,8.000000e+01,2.802120e+00,2.541862e+02,2.264495e+02,2.330965e+00,2.029352e+00,1.193592e+00,2.671245e+00,1.775745e+00,1.993984e+00,5.742391e+00,1.905570e+00,7.977653e+01,1.229561e+00,1.371536e+00,2.623199e-01,4.817634e-02,8.990797e+01
1.415000e-02,6.500000e-01,8.000000e+01,2.605503e+00,2.541861e+02,2.087767e+02,2.330965e+00,2.182492e+00,1.283662e+00,2.872823e+00,1.909746e+00,2.144455e+00,6.175724e+00,2.049368e+00,7.825042e+01,1.322346e+00,1.475035e+00,2.821152e-01,5.181183e-02,8.914640e+01
1.415000e-02,7.250000e-01,8.000000e+01,2.448345e+00,2.541862e+02,1.946506e+02,2.330965e+00,2.322584e+00,1.366060e+00,3.057227e+00,2.032331e+00,2.282105e+00,6.572139e+00,2.180915e+00,7.685433e+01,1.407227e+00,1.569716e+00,3.002239e-01,5.513759e-02,8.844972e+01
1.415000e-02,8.000000e-01,8.000000e+01,2.319842e+00,2.541862e+02,1.831001e+02,2.330965e+00,2.451239e+00,1.441730e+00,3.226576e+00,2.144908e+00,2.408518e+00,6.936190e+00,2.301723e+00,7.557222e+01,1.485177e+00,1.656668e+00,3.168542e-01,5.819183e-02,8.780991e+01
1.415000e-02,8.750000e-01,8.000000e+01,2.212765e+00,2.541862e+02,1.734755e+02,2.330965e+00,2.569855e+00,1.511496e+00,3.382711e+00,2.248701e+00,2.525067e+00,7.271835e+00,2.413104e+00,7.439015e+01,1.557046e+00,1.736835e+00,3.321869e-01,6.100775e-02,8.722003e+01
1.415000e-02,9.500000e-01,8.000000e+01,2.122095e+00,2.541862e+02,1.653257e+02,2.330965e+00,2.679657e+00,1.576077e+00,3.527243e+00,2.344781e+00,2.632955e+00,7.582537e+00,2.516208e+00,7.329593e+01,1.623573e+00,1.811044e+00,3.463802e-01,6.361441e-02,8.667398e+01
1.415000e-02,1.025000e+00,8.000000e+01,2.044232e+00,2.541862e+02,1.583270e+02,2.330965e+00,2.781722e+00,1.636108e+00,3.661593e+00,2.434091e+00,2.733242e+00,7.871348e+00,2.612048e+00,7.227880e+01,1.685414e+00,1.880025e+00,3.595735e-01,6.603742e-02,8.616641e+01
1.415000e-02,1.100000e+00,8.000000e+01,1.976526e+00,2.541862e+02,1.522413e+02,2.330965e+00,2.877010e+00,1.692153e+00,3.787020e+00,2.517470e+00,2.826868e+00,8.140979e+00,2.701523e+00,7.132921e+01,1.743147e+00,1.944425e+00,3.718905e-01,6.829952e-02,8.569254e+01
1.415000e-02,1.175000e+00,8.000000e+01,1.916982e+00,2.541862e+02,1.468892e+02,2.330965e+00,2.966374e+00,1.744713e+00,3.904650e+00,2.595667e+00,2.914675e+00,8.393850e+00,2.785436e+00,7.043866e+01,1.797292e+00,2.004822e+00,3.834420e-01,7.042100e-02,8.524813e+01
1.415000e-02,1.250000e+00,8.000000e+01,1.864065e+00,2.541862e+02,1.421327e+02,2.330965e+00,3.050583e+00,1.794242e+00,4.015495e+00,2.669352e+00,2.997417e+00,8.632134e+00,2.864509e+00,6.959947e+01,1.848313e+00,2.061735e+00,3.943271e-01,7.242011e-02,8.482936e+01
1.415000e-02,1.325000e+00,8.000000e+01,1.816575e+00,2.541862e+02,1.378642e+02,2.330965e+00,3.130332e+00,1.841148e+00,4.120469e+00,2.739135e+00,3.075776e+00,8.857797e+00,2.939393e+00,6.880474e+01,1.896632e+00,2.115633e+00,4.046357e-01,7.431332e-02,8.443276e+01
1.415000e-02,1.400000e+00,8.000000e+01,1.773562e+00,2.541862e+02,1.339979e+02,2.330965e+00,3.206250e+00,1.885800e+00,4.220401e+00,2.805566e+00,3.150371e+00,9.072621e+00,3.010681e+00,6.804817e+01,1.942630e+00,2.166943e+00,4.144491e-01,7.611561e-02,8.405522e+01
1.415000e-02,1.475000e+00,8.000000e+01,1.734258e+00,2.541862e+02,1.304651e+02,2.330965e+00,3.278914e+00,1.928538e+00,4.316048e+00,2.869149e+00,3.221768e+00,9.278234e+00,3.078912e+00,6.732405e+01,1.986656e+00,2.216052e+00,4.238418e-01,7.784062e-02,8.369386e+01
1.415000e-02,1.550000e+00,8.000000e+01,1.698041e+00,2.541862e+02,1.272098e+02,2.330965e+00,3.348848e+00,1.969671e+00,4.408102e+00,2.930343e+00,3.290483e+00,9.476124e+00,3.144581e+00,6.662712e+01,2.029029e+00,2.263318e+00,4.328817e-01,7.950084e-02,8.334608e+01
1.415000e-02,1.625000e+00,8.000000e+01,1.664400e+00,2.541862e+02,1.241859e+02,2.330965e+00,3.416536e+00,2.009483e+00,4.497200e+00,2.989572e+00,3.356992e+00,9.667659e+00,3.208140e+00,6.595257e+01,2.070040e+00,2.309065e+00,4.416312e-01,8.110774e-02,8.300946e+01
1.415000e-02,1.700000e+00,8.000000e+01,1.632910e+00,2.541862e+02,1.213554e+02,2.330965e+00,3.482422e+00,2.048235e+00,4.583927e+00,3.047225e+00,3.421730e+00,9.854095e+00,3.270008e+00,6.529599e+01,2.109960e+00,2.353594e+00,4.501479e-01,8.267186e-02,8.268181e+01
1.415000e-02,1.775000e+00,8.000000e+01,1.603218e+00,2.541862e+02,1.186866e+02,2.330965e+00,3.546916e+00,2.086168e+00,4.668821e+00,3.103659e+00,3.485100e+00,1.003659e+01,3.330568e+00,6.465327e+01,2.149036e+00,2.397183e+00,4.584846e-01,8.420294e-02,8.236107e+01
1.415000e-02,1.850000e+00,8.000000e+01,1.575030e+00,2.541862e+02,1.161529e+02,2.330965e+00,3.610396e+00,2.123504e+00,4.752379e+00,3.159206e+00,3.547473e+00,1.021622e+01,3.390175e+00,6.402066e+01,2.187498e+00,2.440085e+00,4.666901e-01,8.570993e-02,8.204539e+01
1.415000e-02,1.925000e+00,8.000000e+01,1.548096e+00,2.541862e+02,1.137320e+02,2.330965e+00,3.673208e+00,2.160448e+00,4.835059e+00,3.214168e+00,3.609191e+00,1.039396e+01,3.449157e+00,6.339471e+01,2.225555e+00,2.482537e+00,4.748094e-01,8.720108e-02,8.173302e+01
1.415000e-02,2.000000e+00,8.000000e+01,1.522210e+00,2.541862e+02,1.114053e+02,2.330965e+00,3.735673e+00,2.197187e+00,4.917281e+00,3.268827e+00,3.670567e+00,1.057071e+01,3.507811e+00,6.277222e+01,2.263402e+00,2.524754e+00,4.828837e-01,8.868397e-02,8.142238e+01
1.480000e-02,5.000000e-01,8.000000e+01,3.400420e+00,2.552586e+02,2.801202e+02,2.338129e+00,1.707380e+00,1.008334e+00,2.201244e+00,1.463305e+00,1.643146e+00,4.732026e+00,1.570287e+00,8.327497e+01,1.013221e+00,1.130216e+00,2.161652e-01,3.969980e-02,9.164856e+01
1.480000e-02,5.750000e-01,8.000000e+01,3.110438e+00,2.552586e+02,2.540553e+02,2.338129e+00,1.866556e+00,1.102340e+00,2.406463e+00,1.599727e+00,1.796335e+00,5.173186e+00,1.716683e+00,8.171572e+01,1.107683e+00,1.235584e+00,2.363180e-01,4.340095e-02,9.086996e+01
1.480000e-02,6.500000e-01,8.000000e+01,2.884943e+00,2.552586e+02,2.337867e+02,2.338129e+00,2.012451e+00,1.188501e+00,2.594558e+00,1.724766e+00,1.936741e+00,5.577536e+00,1.850863e+00,8.028658e+01,1.194262e+00,1.332161e+00,2.547892e-01,4.679328e-02,9.015634e+01
1.480000e-02,7.250000e-01,8.000000e+01,2.704631e+00,2.552586e+02,2.175794e+02,2.338129e+00,2.146617e+00,1.267736e+00,2.767532e+00,1.839753e+00,2.065859e+00,5.949379e+00,1.974257e+00,7.897232e+01,1.273881e+00,1.420973e+00,2.717755e-01,4.991290e-02,8.950008e+01
1.480000e-02,8.000000e-01,8.000000e+01,2.557164e+00,2.552586e+02,2.043244e+02,2.338129e+00,2.270408e+00,1.340844e+00,2.927130e+00,1.945847e+00,2.184993e+00,6.292467e+00,2.088108e+00,7.775970e+01,1.347343e+00,1.502918e+00,2.874482e-01,5.279127e-02,8.889457e+01
1.480000e-02,8.750000e-01,8.000000e+01,2.434288e+00,2.552586e+02,1.932797e+02,2.338129e+00,2.385012e+00,1.408526e+00,3.074882e+00,2.044068e+00,2.295285e+00,6.610092e+00,2.193510e+00,7.663708e+01,1.415353e+00,1.578781e+00,3.019577e-01,5.545601e-02,8.833400e+01
1.480000e-02,9.500000e-01,8.000000e+01,2.330267e+00,2.552586e+02,1.839298e+02,2.338129e+00,2.491477e+00,1.471401e+00,3.212143e+00,2.135314e+00,2.397745e+00,6.905162e+00,2.291426e+00,7.559417e+01,1.478534e+00,1.649257e+00,3.154369e-01,5.793153e-02,8.781324e+01
1.480000e-02,1.025000e+00,8.000000e+01,2.240987e+00,2.552586e+02,1.759049e+02,2.338129e+00,2.590736e+00,1.530021e+00,3.340113e+00,2.220384e+00,2.493270e+00,7.180261e+00,2.382716e+00,7.462186e+01,1.537438e+00,1.714962e+00,3.280038e-01,6.023950e-02,8.732772e+01
1.480000e-02,1.100000e+00,8.000000e+01,2.163420e+00,2.552586e+02,1.689328e+02,2.338129e+00,2.683624e+00,1.584878e+00,3.459869e+00,2.299993e+00,2.582663e+00,7.437700e+00,2.468145e+00,7.371195e+01,1.592561e+00,1.776450e+00,3.397639e-01,6.239931e-02,8.687337e+01
1.480000e-02,1.175000e+00,8.000000e+01,2.095285e+00,2.552586e+02,1.628086e+02,2.338129e+00,2.770890e+00,1.636415e+00,3.572376e+00,2.374784e+00,2.666646e+00,7.679558e+00,2.548404e+00,7.285712e+01,1.644347e+00,1.834217e+00,3.508123e-01,6.442840e-02,8.644652e+01
1.480000e-02,1.250000e+00,8.000000e+01,2.034831e+00,2.552586e+02,1.573747e+02,2.338129e+00,2.853212e+00,1.685033e+00,3.678511e+00,2.445338e+00,2.745871e+00,7.907715e+00,2.624116e+00,7.205072e+01,1.693201e+00,1.888711e+00,3.612349e-01,6.634255e-02,8.604385e+01
1.480000e-02,1.325000e+00,8.000000e+01,1.980687e+00,2.552586e+02,1.525079e+02,2.338129e+00,2.931207e+00,1.731095e+00,3.779067e+00,2.512183e+00,2.820932e+00,8.123881e+00,2.695849e+00,7.128669e+01,1.739486e+00,1.940341e+00,3.711096e-01,6.815609e-02,8.566235e+01
1.480000e-02,1.400000e+00,8.000000e+01,1.931765e+00,2.552586e+02,1.481107e+02,2.338129e+00,3.005439e+00,1.774934e+00,3.874770e+00,2.575803e+00,2.892371e+00,8.329614e+00,2.764120e+00,7.055954e+01,1.783538e+00,1.989479e+00,3.805077e-01,6.988211e-02,8.529925e+01
1.480000e-02,1.475000e+00,8.000000e+01,1.887193e+00,2.552586e+02,1.441043e+02,2.338129e+00,3.076423e+00,1.816855e+00,3.966286e+00,2.636640e+00,2.960685e+00,8.526347e+00,2.829404e+00,6.986420e+01,1.825662e+00,2.036468e+00,3.894947e-01,7.153261e-02,8.495205e+01
1.480000e-02,1.550000e+00,8.000000e+01,1.846257e+00,2.552586e+02,1.404247e+02,2.338129e+00,3.144634e+00,1.857139e+00,4.054227e+00,2.695100e+00,3.026330e+00,8.715396e+00,2.892139e+00,6.919602e+01,1.866141e+00,2.081621e+00,3.981307e-01,7.311866e-02,8.461840e+01
1.480000e-02,1.625000e+00,8.000000e+01,1.808373e+00,2.552586e+02,1.370195e+02,2.338129e+00,3.210512e+00,1.896045e+00,4.139161e+00,2.751561e+00,3.089729e+00,8.897977e+00,2.952727e+00,6.855070e+01,1.905236e+00,2.125230e+00,4.064713e-01,7.465044e-02,8.429616e+01
1.480000e-02,1.700000e+00,8.000000e+01,1.773055e+00,2.552586e+02,1.338450e+02,2.338129e+00,3.274462e+00,1.933812e+00,4.221609e+00,2.806369e+00,3.151274e+00,9.075216e+00,3.011543e+00,6.792426e+01,1.943186e+00,2.167562e+00,4.145678e-01,7.613741e-02,8.398336e+01
1.480000e-02,1.775000e+00,8.000000e+01,1.739898e+00,2.552586e+02,1.308648e+02,2.338129e+00,3.336862e+00,1.970664e+00,4.302058e+00,2.859849e+00,3.211326e+00,9.248158e+00,3.068932e+00,6.731301e+01,1.980217e+00,2.208869e+00,4.224680e-01,7.758831e-02,8.367814e+01
1.480000e-02,1.850000e+00,8.000000e+01,1.708563e+00,2.552586e+02,1.280482e+02,2.338129e+00,3.398061e+00,2.006806e+00,4.380958e+00,2.912299e+00,3.270222e+00,9.417771e+00,3.125217e+00,6.671353e+01,2.016534e+00,2.249380e+00,4.302161e-01,7.901130e-02,8.337879e+01
1.480000e-02,1.925000e+00,8.000000e+01,1.678761e+00,2.552586e+02,1.253695e+02,2.338129e+00,3.458383e+00,2.042431e+00,4.458729e+00,2.963998e+00,3.328275e+00,9.584955e+00,3.180695e+00,6.612262e+01,2.052332e+00,2.289311e+00,4.378533e-01,8.041391e-02,8.308373e+01
1.480000e-02,2.000000e+00,8.000000e+01,1.650251e+00,2.552586e+02,1.228069e+02,2.338129e+00,3.518131e+00,2.077716e+00,4.535759e+00,3.015204e+00,3.385775e+00,9.750546e+00,3.235646e+00,6.553735e+01,2.087788e+00,2.328862e+00,4.454177e-01,8.180315e-02,8.279148e+01
1.545000e-02,5.000000e-01,8.000000e+01,3.789372e+00,2.563311e+02,3.149736e+02,2.345294e+00,1.563618e+00,9.270488e-01,1.975303e+00,1.313108e+00,1.474491e+00,4.246320e+00,1.409109e+00,8.493797e+01,9.092219e-01,1.014207e+00,1.939776e-01,3.562492e-02,9.247428e+01
1.545000e-02,5.750000e-01,8.000000e+01,3.457657e+00,2.563311e+02,2.851575e+02,2.345294e+00,1.713625e+00,1.015986e+00,2.164806e+00,1.439083e+00,1.615947e+00,4.653695e+00,1.544294e+00,8.349298e+01,9.964492e-01,1.111506e+00,2.125870e-01,3.904264e-02,9.175229e+01
1.545000e-02,6.500000e-01,8.000000e+01,3.199551e+00,2.563311e+02,2.619578e+02,2.345294e+00,1.851862e+00,1.097945e+00,2.339439e+00,1.555173e+00,1.746305e+00,5.029105e+00,1.668871e+00,8.216137e+01,1.076832e+00,1.201171e+00,2.297363e-01,4.219218e-02,9.108695e+01
1.545000e-02,7.250000e-01,8.000000e+01,2.993072e+00,2.563311e+02,2.433985e+02,2.345294e+00,1.979614e+00,1.173688e+00,2.500827e+00,1.662457e+00,1.866775e+00,5.376041e+00,1.783999e+00,8.093076e+01,1.151118e+00,1.284035e+00,2.455848e-01,4.510284e-02,9.047208e+01
1.545000e-02,8.000000e-01,8.000000e+01,2.824161e+00,2.563311e+02,2.282160e+02,2.345294e+00,2.098013e+00,1.243885e+00,2.650400e+00,1.761888e+00,1.978425e+00,5.697578e+00,1.890699e+00,7.979024e+01,1.219966e+00,1.360832e+00,2.602730e-01,4.780040e-02,8.990222e+01
1.545000e-02,8.750000e-01,8.000000e+01,2.683405e+00,2.563311e+02,2.155642e+02,2.345294e+00,2.208062e+00,1.309132e+00,2.789424e+00,1.854306e+00,2.082201e+00,5.996439e+00,1.989873e+00,7.873016e+01,1.283958e+00,1.432213e+00,2.739253e-01,5.030773e-02,8.937256e+01
1.545000e-02,9.500000e-01,8.000000e+01,2.564262e+00,2.563311e+02,2.048550e+02,2.345294e+00,2.310655e+00,1.369958e+00,2.919029e+00,1.940462e+00,2.178946e+00,6.275051e+00,2.082329e+00,7.774190e+01,1.343614e+00,1.498758e+00,2.866527e-01,5.264517e-02,8.887877e+01
1.545000e-02,1.025000e+00,8.000000e+01,2.462039e+00,2.563311e+02,1.956668e+02,2.345294e+00,2.406593e+00,1.426838e+00,3.040225e+00,2.021029e+00,2.269415e+00,6.535588e+00,2.168786e+00,7.681775e+01,1.399400e+00,1.560986e+00,2.985544e-01,5.483097e-02,8.841703e+01
1.545000e-02,1.100000e+00,8.000000e+01,2.373282e+00,2.563311e+02,1.876889e+02,2.345294e+00,2.496596e+00,1.480199e+00,3.153925e+00,2.096613e+00,2.354288e+00,6.780009e+00,2.249895e+00,7.595077e+01,1.451736e+00,1.619364e+00,3.097199e-01,5.688157e-02,8.798384e+01
1.545000e-02,1.175000e+00,8.000000e+01,2.295388e+00,2.563311e+02,1.806874e+02,2.345294e+00,2.581317e+00,1.530430e+00,3.260953e+00,2.167761e+00,2.434181e+00,7.010089e+00,2.326245e+00,7.513466e+01,1.501000e+00,1.674317e+00,3.202302e-01,5.881184e-02,8.757607e+01
1.545000e-02,1.250000e+00,8.000000e+01,2.226358e+00,2.563311e+02,1.744827e+02,2.345294e+00,2.661352e+00,1.577882e+00,3.362061e+00,2.234974e+00,2.509654e+00,7.227440e+00,2.398372e+00,7.436370e+01,1.547540e+00,1.726231e+00,3.301591e-01,6.063533e-02,8.719086e+01
1.545000e-02,1.325000e+00,8.000000e+01,2.164631e+00,2.563311e+02,1.689344e+02,2.345294e+00,2.737244e+00,1.622877e+00,3.457934e+00,2.298707e+00,2.581220e+00,7.433539e+00,2.466764e+00,7.363265e+01,1.591670e+00,1.775456e+00,3.395740e-01,6.236442e-02,8.682559e+01
1.545000e-02,1.400000e+00,8.000000e+01,2.108966e+00,2.563311e+02,1.639310e+02,2.345294e+00,2.809492e+00,1.665711e+00,3.549204e+00,2.359379e+00,2.649349e+00,7.629742e+00,2.531873e+00,7.293671e+01,1.633681e+00,1.822318e+00,3.485368e-01,6.401048e-02,8.647787e+01
1.545000e-02,1.475000e+00,8.000000e+01,2.058367e+00,2.563311e+02,1.593829e+02,2.345294e+00,2.878555e+00,1.706658e+00,3.636450e+00,2.417377e+00,2.714475e+00,7.817296e+00,2.594111e+00,7.227143e+01,1.673840e+00,1.867115e+00,3.571045e-01,6.558398e-02,8.614546e+01
1.545000e-02,1.550000e+00,8.000000e+01,2.012023e+00,2.563311e+02,1.552172e+02,2.345294e+00,2.944859e+00,1.745969e+00,3.720212e+00,2.473059e+00,2.777000e+00,7.997359e+00,2.653864e+00,7.163274e+01,1.712395e+00,1.910122e+00,3.653300e-01,6.709464e-02,8.582634e+01
1.545000e-02,1.625000e+00,8.000000e+01,1.969265e+00,2.563311e+02,1.513739e+02,2.345294e+00,3.008799e+00,1.783878e+00,3.800987e+00,2.526756e+00,2.837296e+00,8.171002e+00,2.711486e+00,7.101681e+01,1.749576e+00,1.951595e+00,3.732622e-01,6.855143e-02,8.551859e+01
1.545000e-02,1.700000e+00,8.000000e+01,1.929540e+00,2.563311e+02,1.478033e+02,2.345294e+00,3.070744e+00,1.820604e+00,3.879241e+00,2.578776e+00,2.895709e+00,8.339224e+00,2.767309e+00,7.042011e+01,1.785595e+00,1.991774e+00,3.809468e-01,6.996275e-02,8.522045e+01
1.545000e-02,1.775000e+00,8.000000e+01,1.892384e+00,2.563311e+02,1.444636e+02,2.345294e+00,3.131035e+00,1.856350e+00,3.955406e+00,2.629407e+00,2.952564e+00,8.502957e+00,2.821642e+00,6.983934e+01,1.820654e+00,2.030881e+00,3.884264e-01,7.133640e-02,8.493027e+01
1.545000e-02,1.850000e+00,8.000000e+01,1.857409e+00,2.563311e+02,1.413198e+02,2.345294e+00,3.189992e+00,1.891305e+00,4.029887e+00,2.678920e+00,3.008161e+00,8.663069e+00,2.874774e+00,6.927141e+01,1.854937e+00,2.069123e+00,3.957405e-01,7.267967e-02,8.464651e+01
1.545000e-02,1.925000e+00,8.000000e+01,1.824283e+00,2.563311e+02,1.383424e+02,2.345294e+00,3.247917e+00,1.925648e+00,4.103062e+00,2.727564e+00,3.062783e+00,8.820373e+00,2.926975e+00,6.871344e+01,1.888619e+00,2.106695e+00,4.029264e-01,7.399940e-02,8.436772e+01
1.545000e-02,2.000000e+00,8.000000e+01,1.792727e+00,2.563311e+02,1.355060e+02,2.345294e+00,3.305087e+00,1.959543e+00,4.175285e+00,2.775575e+00,3.116695e+00,8.975631e+00,2.978496e+00,6.816273e+01,1.921863e+00,2.143777e+00,4.100187e-01,7.530195e-02,8.409256e+01
1.610000e-02,5.000000e-01,8.000000e+01,4.227224e+00,2.574035e+02,3.542223e+02,2.352458e+00,1.429886e+00,8.509380e-01,1.770704e+00,1.177099e+00,1.321765e+00,3.806491e+00,1.263156e+00,8.644994e+01,8.150458e-01,9.091566e-01,1.738857e-01,3.193495e-02,9.322556e+01
1.610000e-02,5.750000e-01,8.000000e+01,3.848459e+00,2.574035e+02,3.201772e+02,2.352458e+00,1.570615e+00,9.346870e-01,1.944976e+00,1.292948e+00,1.451853e+00,4.181125e+00,1.387475e+00,8.511635e+01,8.952623e-01,9.986355e-01,1.909994e-01,3.507797e-02,9.255882e+01
1.610000e-02,6.500000e-01,8.000000e+01,3.553561e+00,2.574035e+02,2.936704e+02,2.352458e+00,1.700955e+00,1.012253e+00,2.106383e+00,1.400245e+00,1.572337e+00,4.528102e+00,1.502617e+00,8.388120e+01,9.695571e-01,1.081509e+00,2.068498e-01,3.798897e-02,9.194130e+01
1.610000e-02,7.250000e-01,8.000000e+01,3.317541e+00,2.574035e+02,2.724558e+02,2.352458e+00,1.821966e+00,1.084268e+00,2.256238e+00,1.499863e+00,1.684198e+00,4.850245e+00,1.609518e+00,8.273446e+01,1.038534e+00,1.158451e+00,2.215658e-01,4.069163e-02,9.136798e+01
1.610000e-02,8.000000e-01,8.000000e+01,3.124404e+00,2.574035e+02,2.550958e+02,2.352458e+00,1.934592e+00,1.151293e+00,2.395708e+00,1.592578e+00,1.788307e+00,5.150065e+00,1.709010e+00,8.166718e+01,1.102732e+00,1.230061e+00,2.352619e-01,4.320700e-02,9.083439e+01
1.610000e-02,8.750000e-01,8.000000e+01,2.963437e+00,2.574035e+02,2.406274e+02,2.352458e+00,2.039674e+00,1.213828e+00,2.525837e+00,1.679083e+00,1.885444e+00,5.429804e+00,1.801840e+00,8.067139e+01,1.162630e+00,1.296875e+00,2.480408e-01,4.555389e-02,9.033653e+01
1.610000e-02,9.500000e-01,8.000000e+01,2.827189e+00,2.574035e+02,2.283808e+02,2.352458e+00,2.137970e+00,1.272325e+00,2.647562e+00,1.760001e+00,1.976307e+00,5.691477e+00,1.888674e+00,7.973991e+01,1.218659e+00,1.359374e+00,2.599944e-01,4.774923e-02,8.987083e+01
1.610000e-02,1.025000e+00,8.000000e+01,2.710315e+00,2.574035e+02,2.178756e+02,2.352458e+00,2.230163e+00,1.327190e+00,2.761730e+00,1.835896e+00,2.061529e+00,5.936905e+00,1.970117e+00,7.886625e+01,1.271210e+00,1.417993e+00,2.712058e-01,4.980827e-02,8.943404e+01
1.610000e-02,1.100000e+00,8.000000e+01,2.608879e+00,2.574035e+02,2.087581e+02,2.352458e+00,2.316874e+00,1.378793e+00,2.869109e+00,1.907277e+00,2.141684e+00,6.167737e+00,2.046717e+00,7.804455e+01,1.320636e+00,1.473126e+00,2.817505e-01,5.174486e-02,8.902323e+01
1.610000e-02,1.175000e+00,8.000000e+01,2.519917e+00,2.574035e+02,2.007618e+02,2.352458e+00,2.398668e+00,1.427469e+00,2.970398e+00,1.974611e+00,2.217292e+00,6.385479e+00,2.118973e+00,7.726945e+01,1.367259e+00,1.525133e+00,2.916973e-01,5.357163e-02,8.863571e+01
1.610000e-02,1.250000e+00,8.000000e+01,2.441153e+00,2.574035e+02,1.936821e+02,2.352458e+00,2.476061e+00,1.473526e+00,3.066239e+00,2.038322e+00,2.288834e+00,6.591508e+00,2.187343e+00,7.653604e+01,1.411374e+00,1.574341e+00,3.011090e-01,5.530013e-02,8.826904e+01
1.610000e-02,1.325000e+00,8.000000e+01,2.370806e+00,2.574035e+02,1.873590e+02,2.352458e+00,2.549531e+00,1.517248e+00,3.157220e+00,2.098803e+00,2.356748e+00,6.787090e+00,2.252245e+00,7.583982e+01,1.453252e+00,1.621055e+00,3.100434e-01,5.694099e-02,8.792096e+01
1.610000e-02,1.400000e+00,8.000000e+01,2.307466e+00,2.574035e+02,1.816657e+02,2.352458e+00,2.619515e+00,1.558897e+00,3.243885e+00,2.156415e+00,2.421440e+00,6.973396e+00,2.314069e+00,7.517663e+01,1.493144e+00,1.665553e+00,3.185541e-01,5.850401e-02,8.758939e+01
1.610000e-02,1.475000e+00,8.000000e+01,2.249998e+00,2.574035e+02,1.765002e+02,2.352458e+00,2.686422e+00,1.598714e+00,3.326739e+00,2.211493e+00,2.483288e+00,7.151507e+00,2.373174e+00,7.454260e+01,1.531281e+00,1.708094e+00,3.266905e-01,5.999830e-02,8.727241e+01
1.610000e-02,1.550000e+00,8.000000e+01,2.197476e+00,2.574035e+02,1.717793e+02,2.352458e+00,2.750629e+00,1.636924e+00,3.406250e+00,2.264349e+00,2.542640e+00,7.322432e+00,2.429894e+00,7.393415e+01,1.567880e+00,1.748919e+00,3.344986e-01,6.143229e-02,8.696821e+01
1.610000e-02,1.625000e+00,8.000000e+01,2.149143e+00,2.574035e+02,1.674349e+02,2.352458e+00,2.812489e+00,1.673737e+00,3.482855e+00,2.315273e+00,2.599822e+00,7.487110e+00,2.484541e+00,7.334795e+01,1.603140e+00,1.788251e+00,3.420212e-01,6.281387e-02,8.667513e+01
1.610000e-02,1.700000e+00,8.000000e+01,2.104367e+00,2.574035e+02,1.634103e+02,2.352458e+00,2.872332e+00,1.709350e+00,3.556962e+00,2.364537e+00,2.655140e+00,7.646418e+00,2.537407e+00,7.278085e+01,1.637252e+00,1.826301e+00,3.492986e-01,6.415040e-02,8.639161e+01
1.610000e-02,1.775000e+00,8.000000e+01,2.062620e+00,2.574035e+02,1.596578e+02,2.352458e+00,2.930468e+00,1.743947e+00,3.628954e+00,2.412394e+00,2.708880e+00,7.801180e+00,2.588763e+00,7.222994e+01,1.670389e+00,1.863265e+00,3.563684e-01,6.544879e-02,8.611618e+01
1.610000e-02,1.850000e+00,8.000000e+01,2.023457e+00,2.574036e+02,1.561377e+02,2.352458e+00,2.987186e+00,1.777701e+00,3.699191e+00,2.459085e+00,2.761309e+00,7.952169e+00,2.638868e+00,7.169246e+01,1.702719e+00,1.899328e+00,3.632657e-01,6.671553e-02,8.584746e+01
1.610000e-02,1.925000e+00,8.000000e+01,1.986500e+00,2.574035e+02,1.528158e+02,2.352458e+00,3.042759e+00,1.810773e+00,3.768011e+00,2.504834e+00,2.812681e+00,8.100110e+00,2.687961e+00,7.116583e+01,1.734396e+00,1.934663e+00,3.700239e-01,6.795670e-02,8.558417e+01
1.610000e-02,2.000000e+00,8.000000e+01,1.951428e+00,2.574036e+02,1.496634e+02,2.352458e+00,3.097445e+00,1.843317e+00,3.835731e+00,2.549852e+00,2.863231e+00,8.245689e+00,2.736270e+00,7.064761e+01,1.765568e+00,1.969434e+00,3.766741e-01,6.917804e-02,8.532508e+01
1.675000e-02,5.000000e-01,8.000000e+01,4.719836e+00,2.584760e+02,3.983931e+02,2.359623e+00,1.305929e+00,7.799589e-01,1.585896e+00,1.054245e+00,1.183813e+00,3.409207e+00,1.131320e+00,8.782105e+01,7.299792e-01,8.142674e-01,1.557372e-01,2.860190e-02,9.390733e+01
1.675000e-02,5.750000e-01,8.000000e+01,4.288072e+00,2.584760e+02,3.595841e+02,2.359623e+00,1.437422e+00,8.584927e-01,1.745579e+00,1.160396e+00,1.303010e+00,3.752478e+00,1.245232e+00,8.659475e+01,8.034805e-01,8.962556e-01,1.714183e-01,3.148181e-02,9.329386e+01
1.675000e-02,6.500000e-01,8.000000e+01,3.951699e+00,2.584760e+02,3.293495e+02,2.359623e+00,1.559777e+00,9.315683e-01,1.894164e+00,1.259170e+00,1.413924e+00,4.071893e+00,1.351227e+00,8.545369e+01,8.718735e-01,9.725458e-01,1.860096e-01,3.416157e-02,9.272303e+01
1.675000e-02,7.250000e-01,8.000000e+01,3.682357e+00,2.584760e+02,3.051398e+02,2.359623e+00,1.673865e+00,9.997067e-01,2.032710e+00,1.351271e+00,1.517343e+00,4.369726e+00,1.450061e+00,8.438971e+01,9.356457e-01,1.043682e+00,1.996151e-01,3.666028e-02,9.219076e+01
1.675000e-02,8.000000e-01,nan,nan,nan,nan,nan,nan,nan,nan,nan,nan,nan,nan,nan,nan,nan,nan,nan,nan
1.675000e-02,8.750000e-01,8.000000e+01,3.278090e+00,2.584760e+02,2.688024e+02,2.359623e+00,1.880292e+00,1.122994e+00,2.283392e+00,1.517915e+00,1.704468e+00,4.908618e+00,1.628888e+00,8.246459e+01,1.051033e+00,1.172393e+00,2.242324e-01,4.118136e-02,9.122769e+01
1.675000e-02,9.500000e-01,nan,nan,nan,nan,nan,nan,nan,nan,nan,nan,nan,nan,nan,nan,nan,nan,nan,nan
1.675000e-02,1.025000e+00,8.000000e+01,2.989075e+00,2.584760e+02,2.428245e+02,2.359623e+00,2.062098e+00,1.231577e+00,2.504174e+00,1.664682e+00,1.869273e+00,5.383233e+00,1.786386e+00,8.076909e+01,1.152658e+00,1.285752e+00,2.459134e-01,4.516319e-02,9.037950e+01
1.675000e-02,1.100000e+00,8.000000e+01,2.873295e+00,2.584760e+02,2.324176e+02,2.359623e+00,2.145190e+00,1.281204e+00,2.605080e+00,1.731761e+00,1.944596e+00,5.600151e+00,1.858368e+00,7.999418e+01,1.199104e+00,1.337561e+00,2.558225e-01,4.698305e-02,8.999184e+01
1.675000e-02,1.175000e+00,8.000000e+01,2.771802e+00,2.584760e+02,2.232949e+02,2.359623e+00,2.223739e+00,1.328117e+00,2.700468e+00,1.795171e+00,2.015800e+00,5.805208e+00,1.926415e+00,7.926164e+01,1.243011e+00,1.386538e+00,2.651898e-01,4.870340e-02,8.962538e+01
1.675000e-02,1.250000e+00,8.000000e+01,2.682005e+00,2.584760e+02,2.152236e+02,2.359623e+00,2.298193e+00,1.372583e+00,2.790883e+00,1.855276e+00,2.083291e+00,5.999573e+00,1.990913e+00,7.856730e+01,1.284629e+00,1.432961e+00,2.740687e-01,5.033404e-02,8.927802e+01
1.675000e-02,1.325000e+00,8.000000e+01,2.601881e+00,2.584760e+02,2.080217e+02,2.359623e+00,2.368964e+00,1.414851e+00,2.876827e+00,1.912408e+00,2.147445e+00,6.184327e+00,2.052223e+00,7.790729e+01,1.324188e+00,1.477088e+00,2.825085e-01,5.188405e-02,8.894784e+01
1.675000e-02,1.400000e+00,8.000000e+01,2.529825e+00,2.584760e+02,2.015450e+02,2.359623e+00,2.436439e+00,1.455150e+00,2.958766e+00,1.966878e+00,2.208610e+00,6.360473e+00,2.110675e+00,7.727803e+01,1.361905e+00,1.519160e+00,2.905550e-01,5.336185e-02,8.863305e+01
1.675000e-02,1.475000e+00,8.000000e+01,2.464546e+00,2.584760e+02,1.956774e+02,2.359623e+00,2.500973e+00,1.493693e+00,3.037136e+00,2.018976e+00,2.267110e+00,6.528944e+00,2.166581e+00,7.667618e+01,1.397978e+00,1.559398e+00,2.982511e-01,5.477526e-02,8.833197e+01
1.675000e-02,1.550000e+00,8.000000e+01,2.404993e+00,2.584760e+02,1.903245e+02,2.359623e+00,2.562902e+00,1.530680e+00,3.112342e+00,2.068969e+00,2.323248e+00,6.690614e+00,2.220230e+00,7.609864e+01,1.432595e+00,1.598012e+00,3.056364e-01,5.613160e-02,8.804305e+01
1.675000e-02,1.625000e+00,8.000000e+01,2.350303e+00,2.584760e+02,1.854088e+02,2.359623e+00,2.622539e+00,1.566297e+00,3.184763e+00,2.117113e+00,2.377308e+00,6.846299e+00,2.271893e+00,7.554247e+01,1.465930e+00,1.635197e+00,3.127482e-01,5.743774e-02,8.776482e+01
1.675000e-02,1.700000e+00,8.000000e+01,2.299759e+00,2.584760e+02,1.808656e+02,2.359623e+00,2.680177e+00,1.600721e+00,3.254758e+00,2.163642e+00,2.429557e+00,6.996766e+00,2.321825e+00,7.500495e+01,1.498148e+00,1.671135e+00,3.196218e-01,5.870010e-02,8.749591e+01
1.675000e-02,1.775000e+00,8.000000e+01,2.252760e+00,2.584760e+02,1.766412e+02,2.359623e+00,2.736093e+00,1.634117e+00,3.322661e+00,2.208782e+00,2.480244e+00,7.142738e+00,2.370264e+00,7.448348e+01,1.529404e+00,1.706000e+00,3.262900e-01,5.992475e-02,8.723504e+01
1.675000e-02,1.850000e+00,8.000000e+01,2.208799e+00,2.584760e+02,1.726898e+02,2.359623e+00,2.790548e+00,1.666640e+00,3.388790e+00,2.252742e+00,2.529607e+00,7.284896e+00,2.417438e+00,7.397564e+01,1.559843e+00,1.739953e+00,3.327840e-01,6.111739e-02,8.698099e+01
1.675000e-02,1.925000e+00,8.000000e+01,2.167447e+00,2.584760e+02,1.689728e+02,2.359623e+00,2.843788e+00,1.698438e+00,3.453444e+00,2.295722e+00,2.577869e+00,7.423884e+00,2.463560e+00,7.347913e+01,1.589603e+00,1.773150e+00,3.391331e-01,6.228345e-02,8.673260e+01
1.675000e-02,2.000000e+00,8.000000e+01,2.128335e+00,2.584760e+02,1.654573e+02,2.359623e+00,2.896048e+00,1.729649e+00,3.516907e+00,2.337910e+00,2.625241e+00,7.560310e+00,2.508832e+00,7.299176e+01,1.618814e+00,1.805735e+00,3.453652e-01,6.342801e-02,8.648879e+01
1.740000e-02,5.000000e-01,8.000000e+01,5.273747e+00,2.595485e+02,4.480736e+02,2.366787e+00,1.191390e+00,7.139993e-01,1.419327e+00,9.435162e-01,1.059476e+00,3.051133e+00,1.012496e+00,8.906163e+01,6.533085e-01,7.287435e-01,1.393800e-01,2.559781e-02,9.452462e+01
1.740000e-02,5.750000e-01,8.000000e+01,4.782325e+00,2.595485e+02,4.039025e+02,2.366787e+00,1.313815e+00,7.873682e-01,1.565174e+00,1.040470e+00,1.168345e+00,3.364661e+00,1.116537e+00,8.793763e+01,7.204410e-01,8.036276e-01,1.537024e-01,2.822818e-02,9.396199e+01
1.740000e-02,6.500000e-01,8.000000e+01,4.399238e+00,2.595485e+02,3.694688e+02,2.366787e+00,1.428222e+00,8.559325e-01,1.701470e+00,1.131074e+00,1.270085e+00,3.657657e+00,1.213766e+00,8.688724e+01,7.831772e-01,8.736078e-01,1.670868e-01,3.068630e-02,9.343619e+01
1.740000e-02,7.250000e-01,8.000000e+01,4.092343e+00,2.595485e+02,3.418837e+02,2.366787e+00,1.535328e+00,9.201210e-01,1.829067e+00,1.215896e+00,1.365332e+00,3.931953e+00,1.304789e+00,8.590388e+01,8.419097e-01,9.391219e-01,1.796171e-01,3.298754e-02,9.294396e+01
1.740000e-02,8.000000e-01,8.000000e+01,3.841036e+00,2.595485e+02,3.192951e+02,2.366787e+00,1.635779e+00,9.803215e-01,1.948737e+00,1.295448e+00,1.454661e+00,4.189208e+00,1.390157e+00,8.498161e+01,8.969931e-01,1.000566e+00,1.913688e-01,3.514581e-02,9.248230e+01
1.740000e-02,8.750000e-01,8.000000e+01,3.631497e+00,2.595485e+02,3.004608e+02,2.366787e+00,1.730165e+00,1.036887e+00,2.061180e+00,1.370196e+00,1.538595e+00,4.430927e+00,1.470370e+00,8.411505e+01,9.487501e-01,1.058299e+00,2.024109e-01,3.717374e-02,9.204853e+01
1.740000e-02,9.500000e-01,8.000000e+01,3.454105e+00,2.595485e+02,2.845161e+02,2.366787e+00,1.819020e+00,1.090138e+00,2.167036e+00,1.440565e+00,1.617613e+00,4.658485e+00,1.545883e+00,8.329925e+01,9.974747e-01,1.112649e+00,2.128060e-01,3.908286e-02,9.164017e+01
1.740000e-02,1.025000e+00,nan,nan,nan,nan,nan,nan,nan,nan,nan,nan,nan,nan,nan,nan,nan,nan,nan,nan
1.740000e-02,1.100000e+00,8.000000e+01,3.169968e+00,2.595485e+02,2.589765e+02,2.366787e+00,1.982066e+00,1.187851e+00,2.361276e+00,1.569689e+00,1.762606e+00,5.076044e+00,1.684447e+00,8.180229e+01,1.086882e+00,1.212381e+00,2.318807e-01,4.258601e-02,9.089084e+01
1.740000e-02,1.175000e+00,8.000000e+01,3.054304e+00,2.595485e+02,2.485801e+02,2.366787e+00,2.057125e+00,1.232834e+00,2.450695e+00,1.629131e+00,1.829354e+00,5.268269e+00,1.748236e+00,8.111316e+01,1.128042e+00,1.258293e+00,2.406618e-01,4.419870e-02,9.054589e+01
1.740000e-02,1.250000e+00,8.000000e+01,2.952023e+00,2.595485e+02,2.393867e+02,2.366787e+00,2.128399e+00,1.275548e+00,2.535606e+00,1.685577e+00,1.892736e+00,5.450801e+00,1.808808e+00,8.045878e+01,1.167126e+00,1.301890e+00,2.490001e-01,4.573008e-02,9.021833e+01
1.740000e-02,1.325000e+00,8.000000e+01,2.860827e+00,2.595485e+02,2.311896e+02,2.366787e+00,2.196247e+00,1.316210e+00,2.616434e+00,1.739309e+00,1.953072e+00,5.624559e+00,1.866468e+00,7.983585e+01,1.204331e+00,1.343391e+00,2.569376e-01,4.718784e-02,8.990651e+01
1.740000e-02,1.400000e+00,8.000000e+01,2.778891e+00,2.595485e+02,2.238248e+02,2.366787e+00,2.261004e+00,1.355018e+00,2.693580e+00,1.790592e+00,2.010658e+00,5.790399e+00,1.921501e+00,7.924131e+01,1.239840e+00,1.383001e+00,2.645134e-01,4.857917e-02,8.960890e+01
1.740000e-02,1.475000e+00,8.000000e+01,2.704750e+00,2.595485e+02,2.171607e+02,2.366787e+00,2.322981e+00,1.392161e+00,2.767415e+00,1.839675e+00,2.065773e+00,5.949122e+00,1.974172e+00,7.867229e+01,1.273826e+00,1.420911e+00,2.717641e-01,4.991079e-02,8.932407e+01
1.740000e-02,1.550000e+00,8.000000e+01,2.637211e+00,2.595485e+02,2.110900e+02,2.366787e+00,2.382472e+00,1.427814e+00,2.838288e+00,1.886789e+00,2.118678e+00,6.101478e+00,2.024730e+00,7.812609e+01,1.306449e+00,1.457300e+00,2.787239e-01,5.118900e-02,8.905066e+01
1.740000e-02,1.625000e+00,8.000000e+01,2.575294e+00,2.595485e+02,2.055246e+02,2.366787e+00,2.439754e+00,1.462143e+00,2.906528e+00,1.932152e+00,2.169617e+00,6.248175e+00,2.073410e+00,7.760018e+01,1.337860e+00,1.492338e+00,2.854252e-01,5.241973e-02,8.878741e+01
1.740000e-02,1.700000e+00,8.000000e+01,2.518183e+00,2.595485e+02,2.003912e+02,2.366787e+00,2.495086e+00,1.495303e+00,2.972446e+00,1.975972e+00,2.218822e+00,6.389879e+00,2.120434e+00,7.709217e+01,1.368201e+00,1.526183e+00,2.918985e-01,5.360857e-02,8.853311e+01
1.740000e-02,1.775000e+00,8.000000e+01,2.465197e+00,2.595485e+02,1.956286e+02,2.366787e+00,2.548714e+00,1.527443e+00,3.036335e+00,2.018443e+00,2.266512e+00,6.527220e+00,2.166009e+00,7.659980e+01,1.397609e+00,1.558986e+00,2.981724e-01,5.476081e-02,8.828665e+01
1.740000e-02,1.850000e+00,nan,nan,nan,nan,nan,nan,nan,nan,nan,nan,nan,nan,nan,nan,nan,nan,nan,nan
1.740000e-02,1.925000e+00,8.000000e+01,2.369383e+00,2.595485e+02,1.870164e+02,2.366787e+00,2.651779e+00,1.589210e+00,3.159119e+00,2.100065e+00,2.358166e+00,6.791169e+00,2.253599e+00,7.565353e+01,1.454126e+00,1.622029e+00,3.102299e-01,5.697524e-02,8.781298e+01
1.740000e-02,2.000000e+00,8.000000e+01,2.325648e+00,2.595485e+02,1.830853e+02,2.366787e+00,2.701647e+00,1.619095e+00,3.218527e+00,2.139558e+00,2.402512e+00,6.918880e+00,2.295979e+00,7.519569e+01,1.481471e+00,1.652532e+00,3.160639e-01,5.804668e-02,8.758380e+01
1.805000e-02,5.000000e-01,8.000000e+01,5.896249e+00,2.606209e+02,5.039194e+02,2.373952e+00,1.085845e+00,6.528938e-01,1.269481e+00,8.439041e-01,9.476212e-01,2.729008e+00,9.056009e-01,9.018195e+01,5.843350e-01,6.518057e-01,1.246649e-01,2.289531e-02,9.508245e+01
1.805000e-02,5.750000e-01,8.000000e+01,5.337727e+00,2.606209e+02,4.537170e+02,2.373952e+00,1.199464e+00,7.212104e-01,1.402315e+00,9.322073e-01,1.046777e+00,3.014562e+00,1.000360e+00,8.915462e+01,6.454778e-01,7.200085e-01,1.377094e-01,2.529100e-02,9.456790e+01
1.805000e-02,6.500000e-01,nan,nan,nan,nan,nan,nan,nan,nan,nan,nan,nan,nan,nan,nan,nan,nan,nan,nan
1.805000e-02,7.250000e-01,8.000000e+01,4.552876e+00,2.606209e+02,3.831711e+02,2.373952e+00,1.406234e+00,8.455367e-01,1.644054e+00,1.092906e+00,1.227226e+00,3.534229e+00,1.172807e+00,8.728503e+01,7.567489e-01,8.441276e-01,1.614485e-01,2.965080e-02,9.363148e+01
1.805000e-02,8.000000e-01,8.000000e+01,4.266833e+00,2.606209e+02,3.574603e+02,2.373952e+00,1.500506e+00,9.022203e-01,1.754269e+00,1.166173e+00,1.309498e+00,3.771159e+00,1.251431e+00,8.643264e+01,8.074803e-01,9.007169e-01,1.722718e-01,3.163855e-02,9.320454e+01
1.805000e-02,8.750000e-01,8.000000e+01,4.028269e+00,2.606209e+02,3.360170e+02,2.373952e+00,1.589370e+00,9.556521e-01,1.858162e+00,1.235237e+00,1.387050e+00,3.994496e+00,1.325544e+00,8.562914e+01,8.553014e-01,9.540597e-01,1.824742e-01,3.351227e-02,9.280210e+01
1.805000e-02,9.500000e-01,8.000000e+01,3.826274e+00,2.606209e+02,3.178608e+02,2.373952e+00,1.673275e+00,1.006102e+00,1.956257e+00,1.300447e+00,1.460274e+00,4.205371e+00,1.395521e+00,8.487048e+01,9.004540e-01,1.004426e+00,1.921072e-01,3.528142e-02,9.242211e+01
1.805000e-02,1.025000e+00,8.000000e+01,3.653018e+00,2.606209e+02,3.022878e+02,2.373952e+00,1.752635e+00,1.053820e+00,2.049038e+00,1.362125e+00,1.529532e+00,4.404825e+00,1.461708e+00,8.415292e+01,9.431609e-01,1.052064e+00,2.012185e-01,3.695476e-02,9.206271e+01
1.805000e-02,1.100000e+00,8.000000e+01,3.502729e+00,2.606209e+02,2.887792e+02,2.373952e+00,1.827834e+00,1.099035e+00,2.136955e+00,1.420568e+00,1.595158e+00,4.593819e+00,1.524424e+00,8.347298e+01,9.836283e-01,1.097204e+00,2.098520e-01,3.854034e-02,9.172215e+01
1.805000e-02,1.175000e+00,8.000000e+01,3.371060e+00,2.606209e+02,2.769442e+02,2.373952e+00,1.899226e+00,1.141962e+00,2.220421e+00,1.476054e+00,1.657463e+00,4.773246e+00,1.583966e+00,8.282746e+01,1.022047e+00,1.140059e+00,2.180485e-01,4.004567e-02,9.139883e+01
1.805000e-02,1.250000e+00,8.000000e+01,3.254671e+00,2.606209e+02,2.664826e+02,2.373952e+00,1.967144e+00,1.182799e+00,2.299824e+00,1.528838e+00,1.716735e+00,4.943940e+00,1.640610e+00,8.221336e+01,1.058596e+00,1.180829e+00,2.258461e-01,4.147773e-02,9.109125e+01
1.805000e-02,1.325000e+00,8.000000e+01,3.150953e+00,2.606209e+02,2.571600e+02,2.373952e+00,2.031895e+00,1.221732e+00,2.375526e+00,1.579162e+00,1.773243e+00,5.106676e+00,1.694612e+00,8.162789e+01,1.093442e+00,1.219697e+00,2.332801e-01,4.284302e-02,9.079800e+01
1.805000e-02,1.400000e+00,8.000000e+01,3.057837e+00,2.606209e+02,2.487903e+02,2.373952e+00,2.093769e+00,1.258936e+00,2.447865e+00,1.627250e+00,1.827241e+00,5.262183e+00,1.746216e+00,8.106843e+01,1.126739e+00,1.256839e+00,2.403838e-01,4.414766e-02,9.051779e+01
1.805000e-02,1.475000e+00,8.000000e+01,2.973659e+00,2.606209e+02,2.412241e+02,2.373952e+00,2.153039e+00,1.294574e+00,2.517158e+00,1.673313e+00,1.878966e+00,5.411143e+00,1.795647e+00,8.053252e+01,1.158634e+00,1.292417e+00,2.471885e-01,4.539737e-02,9.024937e+01
1.805000e-02,1.550000e+00,8.000000e+01,2.897067e+00,2.606209e+02,2.343397e+02,2.373952e+00,2.209960e+00,1.328799e+00,2.583706e+00,1.717552e+00,1.928642e+00,5.554200e+00,1.843120e+00,8.001785e+01,1.189266e+00,1.326586e+00,2.537236e-01,4.659757e-02,8.999158e+01
1.805000e-02,1.625000e+00,8.000000e+01,2.826949e+00,2.606209e+02,2.280371e+02,2.373952e+00,2.264775e+00,1.361758e+00,2.647791e+00,1.760153e+00,1.976479e+00,5.691964e+00,1.888836e+00,7.952222e+01,1.218764e+00,1.359490e+00,2.600168e-01,4.775335e-02,8.974334e+01
1.805000e-02,1.700000e+00,8.000000e+01,2.762380e+00,2.606209e+02,2.222334e+02,2.373952e+00,2.317712e+00,1.393588e+00,2.709681e+00,1.801296e+00,2.022678e+00,5.825010e+00,1.932986e+00,7.904357e+01,1.247251e+00,1.391267e+00,2.660946e-01,4.886956e-02,8.950360e+01
1.805000e-02,1.775000e+00,8.000000e+01,2.702587e+00,2.606209e+02,2.168589e+02,2.373952e+00,2.368990e+00,1.424420e+00,2.769631e+00,1.841148e+00,2.067428e+00,5.953884e+00,1.975752e+00,7.857992e+01,1.274846e+00,1.422048e+00,2.719817e-01,4.995076e-02,8.927137e+01
1.805000e-02,1.850000e+00,8.000000e+01,2.646917e+00,2.606209e+02,2.118551e+02,2.373952e+00,2.418814e+00,1.454378e+00,2.827881e+00,1.879871e+00,2.110910e+00,6.079105e+00,2.017306e+00,7.812942e+01,1.301658e+00,1.451956e+00,2.777020e-01,5.100132e-02,8.904573e+01
1.805000e-02,1.925000e+00,8.000000e+01,2.594815e+00,2.606209e+02,2.071719e+02,2.373952e+00,2.467382e+00,1.483581e+00,2.884663e+00,1.917617e+00,2.153295e+00,6.201169e+00,2.057812e+00,7.769027e+01,1.327795e+00,1.481111e+00,2.832780e-01,5.202538e-02,8.882578e+01
1.805000e-02,2.000000e+00,8.000000e+01,2.545806e+00,2.606209e+02,2.027668e+02,2.373952e+00,2.514881e+00,1.512141e+00,2.940195e+00,1.954533e+00,2.194748e+00,6.320546e+00,2.097426e+00,7.726079e+01,1.353356e+00,1.509623e+00,2.887313e-01,5.302691e-02,8.861066e+01
1.870000e-02,5.000000e-01,8.000000e+01,6.595477e+00,2.616934e+02,5.666615e+02,2.381116e+00,9.888187e-01,5.964388e-01,1.134896e+00,7.544370e-01,8.471587e-01,2.439690e+00,8.095928e-01,9.119196e+01,5.223862e-01,5.827037e-01,1.114485e-01,2.046805e-02,9.558570e+01
1.870000e-02,5.750000e-01,8.000000e+01,5.961534e+00,2.616934e+02,5.096799e+02,2.381116e+00,1.093969e+00,6.598634e-01,1.255580e+00,8.346630e-01,9.372446e-01,2.699124e+00,8.956840e-01,9.025532e+01,5.779361e-01,6.446678e-01,1.232998e-01,2.264460e-02,9.511629e+01
1.870000e-02,6.500000e-01,8.000000e+01,5.466732e+00,2.616934e+02,4.652050e+02,2.381116e+00,1.192985e+00,7.195884e-01,1.369224e+00,9.102094e-01,1.022076e+00,2.943425e+00,9.767535e-01,8.937332e+01,6.302459e-01,7.030176e-01,1.344598e-01,2.469419e-02,9.467426e+01
1.870000e-02,7.250000e-01,nan,nan,nan,nan,nan,nan,nan,nan,nan,nan,nan,nan,nan,nan,nan,nan,nan,nan
1.870000e-02,8.000000e-01,8.000000e+01,4.744807e+00,2.616934e+02,4.003151e+02,2.381116e+00,1.374498e+00,8.290742e-01,1.577552e+00,1.048698e+00,1.177585e+00,3.391268e+00,1.125367e+00,8.775647e+01,7.261382e-01,8.099822e-01,1.549179e-01,2.845143e-02,9.386394e+01
1.870000e-02,8.750000e-01,nan,nan,nan,nan,nan,nan,nan,nan,nan,nan,nan,nan,nan,nan,nan,nan,nan,nan
1.870000e-02,9.500000e-01,8.000000e+01,4.243830e+00,2.616934e+02,3.552852e+02,2.381116e+00,1.536755e+00,9.269448e-01,1.763779e+00,1.172495e+00,1.316597e+00,3.791601e+00,1.258214e+00,8.631114e+01,8.118574e-01,9.055991e-01,1.732057e-01,3.181006e-02,9.313959e+01
1.870000e-02,1.025000e+00,8.000000e+01,4.046778e+00,2.616934e+02,3.375733e+02,2.381116e+00,1.611585e+00,9.720811e-01,1.849664e+00,1.229588e+00,1.380707e+00,3.976228e+00,1.319481e+00,8.564458e+01,8.513897e-01,9.496961e-01,1.816397e-01,3.335901e-02,9.280553e+01
1.870000e-02,1.100000e+00,8.000000e+01,3.875851e+00,2.616934e+02,3.222097e+02,2.381116e+00,1.682657e+00,1.014950e+00,1.931234e+00,1.283813e+00,1.441596e+00,4.151580e+00,1.377671e+00,8.501150e+01,8.889362e-01,9.915779e-01,1.896500e-01,3.483015e-02,9.248826e+01
1.870000e-02,1.175000e+00,8.000000e+01,3.726123e+00,2.616934e+02,3.087514e+02,2.381116e+00,1.750271e+00,1.055734e+00,2.008838e+00,1.335401e+00,1.499524e+00,4.318404e+00,1.433030e+00,8.440922e+01,9.246567e-01,1.031423e+00,1.972708e-01,3.622974e-02,9.218641e+01
1.870000e-02,1.250000e+00,8.000000e+01,3.593807e+00,2.616934e+02,2.968583e+02,2.381116e+00,1.814712e+00,1.094604e+00,2.082799e+00,1.384567e+00,1.554733e+00,4.477398e+00,1.485791e+00,8.383520e+01,9.587004e-01,1.069398e+00,2.045338e-01,3.756363e-02,9.189873e+01
1.870000e-02,1.325000e+00,8.000000e+01,3.475946e+00,2.616934e+02,2.862644e+02,2.381116e+00,1.876245e+00,1.131719e+00,2.153421e+00,1.431515e+00,1.607450e+00,4.629216e+00,1.536171e+00,8.328709e+01,9.912076e-01,1.105658e+00,2.114691e-01,3.883732e-02,9.162404e+01
1.870000e-02,1.400000e+00,nan,nan,nan,nan,nan,nan,nan,nan,nan,nan,nan,nan,nan,nan,nan,nan,nan,nan
1.870000e-02,1.475000e+00,nan,nan,nan,nan,nan,nan,nan,nan,nan,nan,nan,nan,nan,nan,nan,nan,nan,nan
1.870000e-02,1.550000e+00,nan,nan,nan,nan,nan,nan,nan,nan,nan,nan,nan,nan,nan,nan,nan,nan,nan,nan
1.870000e-02,1.625000e+00,8.000000e+01,3.108423e+00,2.616934e+02,2.532298e+02,2.381116e+00,2.098081e+00,1.265527e+00,2.408030e+00,1.600769e+00,1.797506e+00,5.176548e+00,1.717799e+00,8.131105e+01,1.108403e+00,1.236386e+00,2.364720e-01,4.342923e-02,9.063371e+01
1.870000e-02,1.700000e+00,8.000000e+01,3.035400e+00,2.616934e+02,2.466662e+02,2.381116e+00,2.148555e+00,1.295972e+00,2.465960e+00,1.639279e+00,1.840749e+00,5.301080e+00,1.759124e+00,8.086145e+01,1.135067e+00,1.266129e+00,2.421608e-01,4.447400e-02,9.040838e+01
1.870000e-02,1.775000e+00,8.000000e+01,2.967885e+00,2.616934e+02,2.405977e+02,2.381117e+00,2.197431e+00,1.325453e+00,2.522056e+00,1.676570e+00,1.882623e+00,5.421672e+00,1.799141e+00,8.042608e+01,1.160888e+00,1.294932e+00,2.476696e-01,4.548572e-02,9.019019e+01
1.870000e-02,1.850000e+00,8.000000e+01,2.905137e+00,2.616934e+02,2.349577e+02,2.381117e+00,2.244893e+00,1.354081e+00,2.576529e+00,1.712781e+00,1.923285e+00,5.538773e+00,1.838000e+00,8.000331e+01,1.185962e+00,1.322901e+00,2.530189e-01,4.646815e-02,8.997831e+01
1.870000e-02,1.925000e+00,8.000000e+01,2.846529e+00,2.616934e+02,2.296897e+02,2.381117e+00,2.291114e+00,1.381961e+00,2.629579e+00,1.748047e+00,1.962885e+00,5.652813e+00,1.875844e+00,7.959158e+01,1.210381e+00,1.350139e+00,2.582284e-01,4.742490e-02,8.977197e+01
1.870000e-02,2.000000e+00,8.000000e+01,2.791520e+00,2.616934e+02,2.247453e+02,2.381117e+00,2.336261e+00,1.409194e+00,2.681396e+00,1.782493e+00,2.001564e+00,5.764205e+00,1.912808e+00,7.918943e+01,1.234232e+00,1.376744e+00,2.633169e-01,4.835943e-02,8.957042e+01
1.935000e-02,5.000000e-01,8.000000e+01,7.380498e+00,2.627658e+02,6.371150e+02,2.388281e+00,8.998108e-01,5.444039e-01,1.014185e+00,6.741924e-01,7.570519e-01,2.180195e+00,7.234815e-01,9.210125e+01,4.668232e-01,5.207250e-01,9.959443e-02,1.829100e-02,9.603905e+01
1.935000e-02,5.750000e-01,8.000000e+01,6.661837e+00,2.627658e+02,5.725186e+02,2.388281e+00,9.968799e-01,6.031327e-01,1.123592e+00,7.469224e-01,8.387206e-01,2.415388e+00,8.015286e-01,9.124915e+01,5.171828e-01,5.768994e-01,1.103384e-01,2.026418e-02,9.561176e+01
1.935000e-02,6.500000e-01,8.000000e+01,6.100569e+00,2.627658e+02,5.220695e+02,2.388281e+00,1.088595e+00,6.586223e-01,1.226965e+00,8.156410e-01,9.158849e-01,2.637610e+00,8.752712e-01,9.044405e+01,5.647648e-01,6.299755e-01,1.204898e-01,2.212853e-02,9.520803e+01
1.935000e-02,7.250000e-01,nan,nan,nan,nan,nan,nan,nan,nan,nan,nan,nan,nan,nan,nan,nan,nan,nan,nan
1.935000e-02,8.000000e-01,8.000000e+01,5.281127e+00,2.627658e+02,4.484145e+02,2.388281e+00,1.257506e+00,7.608169e-01,1.417346e+00,9.421992e-01,1.057997e+00,3.046872e+00,1.011082e+00,8.896131e+01,6.523961e-01,7.277252e-01,1.391855e-01,2.556208e-02,9.446449e+01
1.935000e-02,8.750000e-01,nan,nan,nan,nan,nan,nan,nan,nan,nan,nan,nan,nan,nan,nan,nan,nan,nan,nan
1.935000e-02,9.500000e-01,8.000000e+01,4.712137e+00,2.627658e+02,3.972712e+02,2.388281e+00,1.409350e+00,8.526853e-01,1.588490e+00,1.055970e+00,1.185750e+00,3.414781e+00,1.133170e+00,8.762839e+01,7.311728e-01,8.155979e-01,1.559921e-01,2.864870e-02,9.379608e+01
1.935000e-02,1.025000e+00,8.000000e+01,4.488280e+00,2.627658e+02,3.771499e+02,2.388281e+00,1.479642e+00,8.952137e-01,1.667718e+00,1.108637e+00,1.244891e+00,3.585096e+00,1.189687e+00,8.701135e+01,7.676407e-01,8.562766e-01,1.637723e-01,3.007758e-02,9.348665e+01
1.935000e-02,1.100000e+00,8.000000e+01,4.294098e+00,2.627658e+02,3.596960e+02,2.388281e+00,1.546553e+00,9.356958e-01,1.743133e+00,1.158770e+00,1.301185e+00,3.747217e+00,1.243486e+00,8.642399e+01,8.023539e-01,8.949981e-01,1.711782e-01,3.143770e-02,9.319211e+01
1.935000e-02,1.175000e+00,8.000000e+01,4.124011e+00,2.627658e+02,3.444079e+02,2.388281e+00,1.610337e+00,9.742867e-01,1.815025e+00,1.206561e+00,1.354850e+00,3.901763e+00,1.294771e+00,8.586408e+01,8.354454e-01,9.319105e-01,1.782381e-01,3.273429e-02,9.291133e+01
1.935000e-02,1.250000e+00,nan,nan,nan,nan,nan,nan,nan,nan,nan,nan,nan,nan,nan,nan,nan,nan,nan,nan
1.935000e-02,1.325000e+00,8.000000e+01,3.839913e+00,2.627659e+02,3.188720e+02,2.388281e+00,1.729478e+00,1.046370e+00,1.949310e+00,1.295829e+00,1.455089e+00,4.190436e+00,1.390565e+00,8.481823e+01,8.972561e-01,1.000858e+00,1.914251e-01,3.515614e-02,9.238688e+01
1.935000e-02,1.400000e+00,nan,nan,nan,nan,nan,nan,nan,nan,nan,nan,nan,nan,nan,nan,nan,nan,nan,nan
1.935000e-02,1.475000e+00,8.000000e+01,3.611549e+00,2.627659e+02,2.983456e+02,2.388281e+00,1.838836e+00,1.112533e+00,2.072568e+00,1.377766e+00,1.547097e+00,4.455404e+00,1.478493e+00,8.385826e+01,9.539911e-01,1.064144e+00,2.035292e-01,3.737912e-02,9.190549e+01
1.935000e-02,1.550000e+00,8.000000e+01,3.513133e+00,2.627659e+02,2.894996e+02,2.388281e+00,1.890348e+00,1.143699e+00,2.130628e+00,1.416362e+00,1.590436e+00,4.580215e+00,1.519910e+00,8.340607e+01,9.807157e-01,1.093955e+00,2.092307e-01,3.842624e-02,9.167873e+01
1.935000e-02,1.625000e+00,8.000000e+01,3.423224e+00,2.627659e+02,2.814181e+02,2.388281e+00,1.939997e+00,1.173738e+00,2.186588e+00,1.453563e+00,1.632208e+00,4.700513e+00,1.559830e+00,8.297024e+01,1.006474e+00,1.122687e+00,2.147261e-01,3.943549e-02,9.146018e+01
1.935000e-02,1.700000e+00,8.000000e+01,3.340635e+00,2.627659e+02,2.739947e+02,2.388281e+00,1.987959e+00,1.202756e+00,2.240645e+00,1.489498e+00,1.672560e+00,4.816721e+00,1.598393e+00,8.254922e+01,1.031356e+00,1.150443e+00,2.200346e-01,4.041043e-02,9.124905e+01
1.935000e-02,1.775000e+00,8.000000e+01,3.264375e+00,2.627659e+02,2.671402e+02,2.388281e+00,2.034400e+00,1.230853e+00,2.292990e+00,1.524294e+00,1.711633e+00,4.929245e+00,1.635733e+00,8.214155e+01,1.055450e+00,1.177318e+00,2.251749e-01,4.135446e-02,9.104462e+01
1.935000e-02,1.850000e+00,8.000000e+01,3.193607e+00,2.627659e+02,2.607792e+02,2.388281e+00,2.079480e+00,1.258128e+00,2.343800e+00,1.558072e+00,1.749562e+00,5.038473e+00,1.671980e+00,8.174583e+01,1.078838e+00,1.203407e+00,2.301646e-01,4.227084e-02,9.084618e+01
1.935000e-02,1.925000e+00,8.000000e+01,3.127619e+00,2.627659e+02,2.548479e+02,2.388281e+00,2.123354e+00,1.284673e+00,2.393251e+00,1.590945e+00,1.786475e+00,5.144777e+00,1.707256e+00,8.136069e+01,1.101600e+00,1.228797e+00,2.350207e-01,4.316269e-02,9.065304e+01
1.935000e-02,2.000000e+00,8.000000e+01,3.065801e+00,2.627659e+02,2.492915e+02,2.388281e+00,2.166169e+00,1.310576e+00,2.441507e+00,1.623024e+00,1.822497e+00,5.248514e+00,1.741680e+00,8.098485e+01,1.123812e+00,1.253574e+00,2.397596e-01,4.403301e-02,9.046458e+01
2.000000e-02,5.000000e-01,8.000000e+01,8.261420e+00,2.638383e+02,7.161884e+02,2.395445e+00,8.183064e-01,4.965424e-01,9.060418e-01,6.023031e-01,6.763274e-01,1.947720e+00,6.463363e-01,9.291886e+01,4.170456e-01,4.651997e-01,8.897466e-02,1.634062e-02,9.644697e+01
2.000000e-02,5.750000e-01,8.000000e+01,7.447657e+00,2.638383e+02,6.430439e+02,2.395445e+00,9.077181e-01,5.507967e-01,1.005040e+00,6.681132e-01,7.502258e-01,2.160536e+00,7.169577e-01,9.214515e+01,4.626137e-01,5.160294e-01,9.869640e-02,1.812607e-02,9.605875e+01
2.000000e-02,6.500000e-01,nan,nan,nan,nan,nan,nan,nan,nan,nan,nan,nan,nan,nan,nan,nan,nan,nan,nan
2.000000e-02,7.250000e-01,8.000000e+01,6.301293e+00,2.638383e+02,5.400039e+02,2.395445e+00,1.072855e+00,6.510004e-01,1.187882e+00,7.896597e-01,8.867106e-01,2.553591e+00,8.473902e-01,9.071615e+01,5.467747e-01,6.099080e-01,1.166517e-01,2.142365e-02,9.534174e+01
2.000000e-02,8.000000e-01,8.000000e+01,5.882675e+00,2.638383e+02,5.023767e+02,2.395445e+00,1.149200e+00,6.973263e-01,1.272413e+00,8.458528e-01,9.498099e-01,2.735308e+00,9.076915e-01,9.005550e+01,5.856839e-01,6.533098e-01,1.249528e-01,2.294818e-02,9.501025e+01
2.000000e-02,8.750000e-01,8.000000e+01,5.533232e+00,2.638383e+02,4.709672e+02,2.395445e+00,1.221776e+00,7.413649e-01,1.352770e+00,8.992713e-01,1.009794e+00,2.908052e+00,9.650153e-01,8.942747e+01,6.226718e-01,6.945687e-01,1.328440e-01,2.439744e-02,9.469513e+01
2.000000e-02,9.500000e-01,8.000000e+01,5.237172e+00,2.638383e+02,4.443561e+02,2.395445e+00,1.290844e+00,7.832746e-01,1.429243e+00,9.501075e-01,1.066878e+00,3.072445e+00,1.019568e+00,8.882981e+01,6.578718e-01,7.338330e-01,1.403537e-01,2.577664e-02,9.439524e+01
2.000000e-02,1.025000e+00,8.000000e+01,4.983144e+00,2.638383e+02,4.215230e+02,2.395445e+00,1.356647e+00,8.232039e-01,1.502102e+00,9.985415e-01,1.121264e+00,3.229071e+00,1.071543e+00,8.826038e+01,6.914084e-01,7.712419e-01,1.475086e-01,2.709066e-02,9.410953e+01
2.000000e-02,1.100000e+00,8.000000e+01,4.762776e+00,2.638383e+02,4.017154e+02,2.395445e+00,1.419418e+00,8.612924e-01,1.571602e+00,1.044743e+00,1.173144e+00,3.378476e+00,1.121122e+00,8.771720e+01,7.233990e-01,8.069264e-01,1.543336e-01,2.834411e-02,9.383698e+01
2.000000e-02,1.175000e+00,nan,nan,nan,nan,nan,nan,nan,nan,nan,nan,nan,nan,nan,nan,nan,nan,nan,nan
2.000000e-02,1.250000e+00,8.000000e+01,4.399238e+00,2.638383e+02,3.690391e+02,2.395445e+00,1.536713e+00,9.324665e-01,1.701473e+00,1.131076e+00,1.270088e+00,3.657660e+00,1.213767e+00,8.670219e+01,7.831781e-01,8.736079e-01,1.670872e-01,3.068637e-02,9.332769e+01
2.000000e-02,1.325000e+00,8.000000e+01,4.247430e+00,2.638383e+02,3.553939e+02,2.395445e+00,1.591637e+00,9.657939e-01,1.762286e+00,1.171502e+00,1.315483e+00,3.788389e+00,1.257149e+00,8.622692e+01,8.111698e-01,9.048318e-01,1.730591e-01,3.178314e-02,9.308922e+01
2.000000e-02,1.400000e+00,8.000000e+01,4.111327e+00,2.638383e+02,3.431604e+02,2.395445e+00,1.644327e+00,9.977659e-01,1.820625e+00,1.210284e+00,1.359031e+00,3.913801e+00,1.298766e+00,8.577097e+01,8.380230e-01,9.347856e-01,1.787881e-01,3.283529e-02,9.286044e+01
2.000000e-02,1.475000e+00,8.000000e+01,3.988515e+00,2.638383e+02,3.321215e+02,2.395446e+00,1.694958e+00,1.028488e+00,1.876685e+00,1.247550e+00,1.400877e+00,4.034313e+00,1.338757e+00,8.533284e+01,8.638269e-01,9.635690e-01,1.842932e-01,3.384634e-02,9.264060e+01
2.000000e-02,1.550000e+00,8.000000e+01,3.877030e+00,2.638383e+02,3.221008e+02,2.395446e+00,1.743697e+00,1.058063e+00,1.930649e+00,1.283424e+00,1.441160e+00,4.150320e+00,1.377253e+00,8.491108e+01,8.886665e-01,9.912766e-01,1.895926e-01,3.481959e-02,9.242898e+01
2.000000e-02,1.625000e+00,8.000000e+01,3.775258e+00,2.638383e+02,3.129531e+02,2.395446e+00,1.790703e+00,1.086586e+00,1.982695e+00,1.318022e+00,1.480010e+00,4.262203e+00,1.414380e+00,8.450432e+01,9.126228e-01,1.017999e+00,1.947035e-01,3.575824e-02,9.222489e+01
2.000000e-02,1.700000e+00,8.000000e+01,3.681859e+00,2.638383e+02,3.045580e+02,2.395446e+00,1.836128e+00,1.114149e+00,2.032990e+00,1.351456e+00,1.517553e+00,4.370323e+00,1.450259e+00,8.411124e+01,9.357735e-01,1.043823e+00,1.996426e-01,3.666533e-02,9.202765e+01
2.000000e-02,1.775000e+00,8.000000e+01,3.595712e+00,2.638383e+02,2.968148e+02,2.395446e+00,1.880118e+00,1.140842e+00,2.081697e+00,1.383835e+00,1.553911e+00,4.475028e+00,1.485004e+00,8.373057e+01,9.581929e-01,1.068831e+00,2.044257e-01,3.754376e-02,9.183665e+01
2.000000e-02,1.850000e+00,nan,nan,nan,nan,nan,nan,nan,nan,nan,nan,nan,nan,nan,nan,nan,nan,nan,nan
2.000000e-02,1.925000e+00,8.000000e+01,3.441527e+00,2.638383e+02,2.829560e+02,2.395446e+00,1.964350e+00,1.191953e+00,2.174959e+00,1.445832e+00,1.623528e+00,4.675514e+00,1.551534e+00,8.300168e+01,1.001121e+00,1.116716e+00,2.135842e-01,3.922576e-02,9.147092e+01
2.000000e-02,2.000000e+00,8.000000e+01,3.371996e+00,2.638383e+02,2.767062e+02,2.395446e+00,2.004855e+00,1.216532e+00,2.219807e+00,1.475646e+00,1.657006e+00,4.771924e+00,1.583527e+00,8.265117e+01,1.021764e+00,1.139743e+00,2.179883e-01,4.003461e-02,9.129505e+01
